kod;jmeno;volici;obalky;hlasy;Občanská demokratická strana;Řád národa - Vlastenecká unie;CESTA ODPOVĚDNÉ SPOLEČNOSTI;Česká str.sociálně demokrat.;Volte Pr.Blok www.cibulka.net;Radostné Česko;STAROSTOVÉ A NEZÁVISLÍ;Komunistická str.Čech a Moravy;Strana zelených;ROZUMNÍ-stop migraci,diktát.EU;Společ.proti výst.v Prok.údolí;Strana svobodných občanů;Blok proti islam.-Obran.domova;Občanská demokratická aliance;Česká pirátská strana;OBČANÉ 2011-SPRAVEDL. PRO LIDI;Unie H.A.V.E.L.;Referendum o Evropské unii;TOP 09;ANO 2011;Dobrá volba 2016;SPR-Republ.str.Čsl. M.Sládka;Křesť.demokr.unie-Čs.str.lid.;Česká strana národně sociální;REALISTÉ;SPORTOVCI;Dělnic.str.sociální spravedl.;Svob.a př.dem.-T.Okamura (SPD);Strana Práv Občanů;Česká národní fronta;Národ Sobě
500054;Praha 1;21 556;14 167;14 036;2 770;9;13;657;12;1;774;392;514;41;6;241;14;44;2 332;5;0;12;2 783;1 654;1;7;954;3;133;11;2;617;34;;
500224;Praha 10;79 964;52 277;51 895;8 137;40;34;3 175;50;17;2 334;2 485;1 212;230;15;1 050;35;67;9 355;9;8;30;6 497;10 856;37;53;2 398;12;477;69;53;2 998;162;;
547034;Praha 11;58 353;39 306;39 116;5 100;48;18;2 513;30;17;1 548;2 310;757;192;13;846;29;57;6 763;11;5;23;3 598;10 213;31;35;1 622;14;373;86;53;2 674;137;;
547107;Praha 12;42 205;28 561;28 428;4 095;24;13;1 750;23;11;1 146;1 774;544;160;18;601;21;41;5 034;11;1;17;2 729;6 803;21;25;1 162;7;279;62;30;1 875;151;;
539694;Praha 13;42 687;28 376;28 221;4 444;24;15;1 601;15;12;1 409;1 273;631;123;92;742;27;43;5 410;7;1;19;3 173;5 678;18;29;1 253;6;269;62;31;1 735;79;;
547361;Praha 14;32 506;20 139;20 018;3 004;39;16;1 193;14;7;817;929;401;124;10;470;25;34;3 561;5;3;21;2 013;4 581;12;23;803;5;183;55;30;1 544;96;;
547387;Praha 15;24 276;16 282;16 200;2 544;17;18;905;13;13;702;713;318;67;6;364;21;22;2 886;2;4;8;1 624;3 928;8;21;579;9;142;36;15;1 162;53;;
539601;Praha 16;6 143;4 377;4 346;865;6;3;211;6;6;210;181;55;28;8;89;6;6;772;0;0;1;509;927;2;6;170;1;43;9;9;211;6;;
547174;Praha 17;18 223;11 882;11 826;1 659;35;14;727;5;2;552;712;228;50;5;270;7;23;2 115;1;2;7;1 088;2 751;8;14;478;3;123;29;13;872;33;;
547417;Praha 18;12 641;8 295;8 235;1 224;5;5;520;3;5;348;397;168;48;1;233;7;12;1 372;6;0;2;817;2 001;3;11;286;2;69;25;7;625;33;;
547344;Praha 19;4 815;3 496;3 471;630;11;0;212;1;1;199;175;60;25;1;77;2;8;546;3;0;4;325;730;1;3;159;2;35;9;2;237;13;;
500089;Praha 2;32 641;21 007;20 814;3 859;15;18;991;20;11;1 086;587;688;58;8;472;14;37;3 871;7;4;11;3 577;2 875;8;19;1 173;11;203;38;8;1 098;47;;
538213;Praha 20;11 243;7 986;7 944;1 293;11;2;458;6;5;373;544;137;72;0;134;9;21;1 303;1;1;5;688;1 843;2;11;373;1;95;21;8;507;20;;
538949;Praha 21;7 512;5 511;5 497;1 163;2;1;268;5;1;224;201;68;19;1;101;3;5;913;1;0;0;641;1 297;4;1;218;2;29;12;1;299;17;;
538931;Praha 22;7 355;5 090;5 067;971;11;3;256;0;1;332;167;100;33;1;142;6;14;852;0;0;5;612;1 031;2;1;184;0;38;16;6;272;11;;
500097;Praha 3;51 837;32 808;32 571;5 288;25;20;1 764;34;7;1 565;1 360;1 125;137;11;698;17;54;6 069;15;6;13;4 785;5 792;18;23;1 451;11;290;60;37;1 795;101;;
500119;Praha 4;95 350;63 911;63 462;10 281;55;47;3 822;65;15;3 158;2 815;1 459;250;33;1 322;37;95;11 134;16;12;62;7 717;13 451;42;45;3 016;13;630;127;57;3 489;197;;
500143;Praha 5;58 953;39 040;38 802;6 517;38;25;1 932;27;12;2 130;1 402;1 026;143;125;826;34;65;7 021;12;6;27;5 898;6 769;14;35;2 044;11;356;71;26;2 086;124;;
500178;Praha 6;74 849;53 613;53 196;8 312;33;27;2 893;35;18;3 306;2 458;1 565;157;21;897;29;66;9 189;15;3;32;8 690;8 958;27;30;3 318;17;513;89;34;2 349;115;;
500186;Praha 7;30 570;20 242;20 064;3 145;20;21;978;20;8;1 034;590;848;66;5;427;23;25;3 925;7;2;19;3 359;2 812;11;19;1 410;6;202;37;11;996;38;;
500208;Praha 8;78 558;51 484;51 154;7 978;67;32;3 001;39;19;2 431;3 153;1 159;207;20;996;35;62;8 755;27;27;34;5 784;10 956;29;52;2 308;14;542;127;55;3 092;153;;
500216;Praha 9;38 463;25 124;24 951;4 508;31;20;1 434;23;10;1 078;1 114;504;93;7;526;24;27;4 164;3;3;22;2 783;5 534;20;19;1 024;14;227;57;20;1 584;78;;
538060;Praha-Běchovice;1 546;1 107;1 105;237;1;2;43;1;1;46;54;11;10;1;20;1;1;175;1;0;0;124;240;1;1;51;1;5;1;1;74;1;;
538078;Praha-Benice;484;367;363;74;0;2;13;0;0;30;8;3;1;0;6;0;1;59;0;0;0;37;79;0;0;15;0;10;0;0;25;0;;
538124;Praha-Březiněves;957;725;721;147;1;0;44;1;0;32;41;8;3;0;9;0;2;101;0;0;0;90;162;0;0;28;3;10;1;1;36;1;;
547310;Praha-Čakovice;7 158;5 045;4 999;914;2;2;250;1;1;360;225;73;20;0;108;1;14;771;1;1;7;476;1 175;2;2;224;2;40;11;6;297;13;;
547298;Praha-Ďáblice;2 598;1 853;1 842;347;0;2;86;0;0;172;84;19;10;1;43;1;2;280;1;0;0;242;334;2;2;60;0;25;6;4;115;4;;
547301;Praha-Dolní Chabry;3 020;2 276;2 253;483;0;2;85;0;1;125;72;36;7;1;47;2;4;392;0;0;1;309;412;1;2;112;1;24;5;1;117;11;;
547379;Praha-Dolní Měcholupy;1 737;1 319;1 315;274;2;0;67;2;0;61;39;21;4;0;28;2;2;230;0;0;1;168;268;1;1;59;0;7;1;1;69;7;;
538175;Praha-Dolní Počernice;1 790;1 351;1 339;290;1;1;61;1;1;59;47;24;11;0;44;0;1;211;0;0;1;148;275;2;1;68;1;8;2;2;76;3;;
538205;Praha-Dubeč;2 601;1 916;1 905;335;10;2;110;0;0;77;92;34;6;3;57;2;5;268;0;1;6;219;427;0;5;82;0;26;3;1;122;12;;
538302;Praha-Klánovice;2 597;1 887;1 877;458;3;2;74;0;1;93;60;33;8;0;37;0;2;295;0;0;1;249;375;1;0;66;0;15;6;4;85;9;;
538353;Praha-Koloděje;1 032;788;784;170;0;0;34;0;1;41;34;10;5;0;11;0;2;140;0;0;0;94;176;2;2;25;0;2;3;1;31;0;;
538361;Praha-Kolovraty;2 577;1 977;1 965;319;1;2;88;2;0;189;55;36;14;0;54;0;5;326;0;0;2;256;400;2;1;104;0;20;2;1;84;2;;
538388;Praha-Královice;284;195;194;31;0;0;19;0;0;10;10;2;0;0;2;0;1;37;0;0;0;15;39;0;2;7;0;1;1;0;17;0;;
538400;Praha-Křeslice;748;598;595;116;1;0;17;0;0;31;6;10;4;0;14;0;1;110;0;0;0;95;120;0;2;20;0;6;0;2;40;0;;
547042;Praha-Kunratice;5 771;4 270;4 238;799;2;6;151;1;1;270;152;95;24;1;95;4;12;713;0;0;0;641;839;4;2;169;1;29;5;0;213;9;;
547051;Praha-Libuš;6 550;4 542;4 509;733;5;4;218;6;1;188;218;77;27;0;106;3;10;830;1;1;3;510;1 017;3;4;173;2;48;9;2;285;25;;
539449;Praha-Lipence;1 935;1 450;1 442;330;0;0;57;3;0;56;55;22;4;0;33;0;3;220;1;0;2;201;295;1;3;51;0;14;13;2;72;4;;
539465;Praha-Lochkov;594;420;418;73;1;0;18;0;0;23;16;5;5;0;15;1;1;70;0;0;2;40;101;0;1;16;0;4;2;0;23;1;;
547140;Praha-Lysolaje;888;685;680;78;0;0;20;1;1;131;12;19;0;0;12;0;0;89;0;0;0;110;125;1;0;56;0;5;1;0;16;3;;
547158;Praha-Nebušice;1 742;1 188;1 181;186;3;0;52;1;0;113;50;35;3;2;11;1;1;177;1;0;2;128;283;2;0;42;0;17;4;1;63;3;;
538531;Praha-Nedvězí;228;167;167;31;4;0;7;0;3;4;6;2;1;0;5;0;0;27;0;0;0;14;37;0;0;5;0;4;0;2;14;1;;
547395;Praha-Petrovice;4 717;3 142;3 120;450;8;3;203;4;0;161;152;75;8;2;75;3;8;585;0;0;2;309;712;0;5;132;0;31;7;3;173;9;;
539589;Praha-Přední Kopanina;399;314;311;67;0;1;15;0;0;12;10;7;3;0;5;1;2;62;0;0;0;31;58;0;0;15;0;4;3;0;15;0;;
539635;Praha-Řeporyje;2 947;2 074;2 069;405;7;0;107;2;0;105;49;43;5;5;55;1;3;372;0;1;1;235;425;1;4;109;0;20;4;1;105;4;;
538736;Praha-Satalice;1 658;1 259;1 248;223;1;0;68;0;2;141;38;16;6;0;35;2;0;168;2;0;2;132;254;1;0;61;0;14;5;1;74;2;;
539678;Praha-Slivenec;2 524;1 857;1 844;355;1;0;68;4;0;249;53;17;14;3;40;3;1;291;0;0;0;248;305;0;3;58;1;20;5;1;102;2;;
547271;Praha-Suchdol;4 635;3 413;3 393;510;3;1;147;4;4;434;145;83;12;0;64;1;3;537;0;0;1;414;655;0;0;165;2;28;5;2;166;7;;
539724;Praha-Šeberov;2 145;1 588;1 581;343;1;1;53;0;0;61;58;19;3;1;34;2;1;252;1;0;2;218;341;3;3;57;1;23;8;4;86;5;;
547409;Praha-Štěrboholy;1 275;975;972;213;1;0;39;2;0;48;33;16;3;0;9;2;4;158;0;0;1;125;235;0;1;35;0;7;0;1;36;3;;
547328;Praha-Troja;889;699;693;138;0;0;25;1;1;66;16;17;1;1;10;3;0;94;1;0;0;135;107;0;0;47;0;6;2;0;22;0;;
539791;Praha-Újezd;2 085;1 583;1 577;292;1;1;55;0;0;80;59;31;8;0;38;2;2;272;0;0;0;205;337;3;2;67;1;15;4;1;95;6;;
547115;Praha-Velká Chuchle;1 746;1 313;1 304;260;0;0;51;1;0;77;52;28;2;3;19;0;1;213;0;1;0;209;243;0;3;49;0;5;1;3;82;1;;
539007;Praha-Vinoř;2 945;2 166;2 158;337;8;4;107;1;2;201;85;35;8;1;40;2;2;318;1;0;0;204;486;1;1;138;1;11;2;2;154;6;;
539864;Praha-Zbraslav;7 359;5 210;5 173;905;7;4;255;4;1;249;215;124;22;2;102;5;12;915;1;0;10;657;1 045;4;2;263;1;63;8;2;280;15;;
539899;Praha-Zličín;4 079;2 826;2 801;472;1;0;111;2;0;169;125;33;15;4;50;2;6;490;1;0;2;347;623;1;2;131;0;33;5;4;166;6;;
529303;Benešov;13 104;8 485;8 437;1 052;10;2;624;;3;802;597;109;35;;112;6;11;948;;3;6;414;2 577;3;21;314;5;58;17;16;682;10;;
532568;Bernartice;191;148;148;4;0;0;17;;0;6;7;1;4;;0;0;0;7;;0;0;3;39;0;0;37;0;3;0;0;20;0;;
530743;Bílkovice;170;121;118;7;0;0;15;;0;8;18;0;2;;0;0;0;3;;0;0;2;47;1;0;6;0;0;0;0;9;0;;
532380;Blažejovice;96;80;77;6;0;0;5;;0;3;11;0;0;;3;0;0;5;;1;0;0;29;0;0;6;0;0;0;0;8;0;;
532096;Borovnice;73;54;53;2;0;0;2;;0;4;4;1;0;;1;0;0;3;;0;0;1;29;0;0;5;0;0;0;0;1;0;;
532924;Bukovany;598;393;393;50;0;0;20;;0;53;20;8;0;;6;0;0;49;;0;1;11;127;0;4;8;0;1;1;4;30;0;;
529451;Bystřice;3 490;2 206;2 200;204;6;2;187;;0;158;136;25;12;;11;1;1;223;;3;1;96;826;1;1;72;0;9;5;4;211;5;;
532690;Ctiboř;106;83;83;3;0;0;5;;0;4;4;2;0;;1;0;0;11;;0;0;2;35;0;0;11;0;0;0;0;5;0;;
529478;Čakov;93;71;71;7;0;0;6;;0;8;3;0;0;;2;0;0;6;;0;0;8;15;0;0;6;0;0;0;0;10;0;;
529486;Čechtice;1 140;750;744;70;1;1;54;;2;50;75;5;6;;15;0;0;58;;1;0;35;226;0;3;81;1;8;2;2;44;4;;
529516;Čerčany;2 195;1 453;1 443;200;1;0;97;;1;126;66;22;11;;15;0;1;191;;0;1;107;424;1;9;52;1;12;3;1;98;3;;
529532;Červený Újezd;258;187;187;13;0;0;5;;0;13;15;3;2;;3;0;2;23;;0;0;3;53;0;0;30;0;4;0;0;18;0;;
529541;Český Šternberk;129;82;82;9;0;0;3;;0;6;3;1;0;;1;0;0;6;;0;0;8;25;0;0;3;0;0;0;0;17;0;;
529567;Čtyřkoly;539;403;400;72;0;0;20;;1;43;15;1;2;;11;2;0;46;;0;0;39;91;0;1;11;0;4;0;0;38;3;;
532746;Děkanovice;49;40;40;0;0;0;2;;0;0;3;0;0;;0;0;0;3;;0;0;0;13;0;0;11;0;0;0;0;8;0;;
529621;Divišov;1 305;830;816;52;0;0;60;;1;86;78;3;7;;14;2;1;76;;0;1;39;256;0;2;49;0;4;3;0;79;3;;
529648;Dolní Kralovice;727;445;445;24;0;0;45;;0;24;66;8;2;;9;0;0;47;;0;1;9;150;0;1;30;0;0;2;0;26;1;;
532151;Drahňovice;70;58;57;8;0;0;1;;0;2;1;1;0;;1;0;0;6;;0;0;3;18;0;1;5;0;1;0;0;9;0;;
532843;Dunice;55;38;38;5;0;0;6;;0;3;3;0;0;;0;0;0;5;;0;0;1;10;0;0;4;0;0;0;0;1;0;;
529702;Heřmaničky;571;375;374;27;1;0;22;;0;34;39;4;3;;0;0;0;25;;0;1;10;143;0;0;14;1;5;0;2;43;0;;
532932;Hradiště;24;19;19;0;0;0;0;;0;0;1;0;0;;1;0;0;3;;0;0;0;10;0;0;2;0;1;0;0;1;0;;
529737;Hulice;237;173;173;20;0;0;11;;0;11;20;1;0;;2;0;0;12;;0;0;4;70;0;1;6;0;0;1;0;13;1;;
529745;Hvězdonice;257;189;189;23;1;0;6;;0;13;14;1;4;;1;1;0;32;;0;0;12;49;0;0;0;0;1;0;0;31;0;;
532886;Chářovice;145;114;112;8;1;0;11;;0;15;17;0;1;;4;0;1;10;;0;0;0;37;1;1;0;0;0;0;0;5;0;;
532878;Chleby;46;33;32;3;0;0;0;;0;9;2;1;1;;0;0;0;2;;0;0;0;10;0;0;1;0;0;0;0;3;0;;
532045;Chlístov;278;177;176;29;0;0;5;;0;18;5;5;0;;2;0;0;32;;0;0;7;62;0;0;3;0;2;0;1;5;0;;
529770;Chlum;112;87;87;5;0;0;3;;0;5;6;0;0;;0;0;0;4;;0;0;0;51;0;0;6;0;0;0;1;6;0;;
529788;Chmelná;112;95;95;4;0;0;8;;0;4;0;1;1;;0;0;0;11;;0;0;4;23;0;0;33;0;0;1;0;5;0;;
529796;Chocerady;991;664;659;74;1;1;50;;0;42;51;9;4;;12;0;2;119;;1;0;46;171;0;1;12;0;8;2;0;53;0;;
532606;Choratice;58;34;34;5;0;0;2;;0;4;1;0;1;;0;0;0;0;;0;0;3;10;0;0;6;0;0;0;0;2;0;;
529818;Chotýšany;434;294;292;27;0;0;29;;0;31;16;1;5;;6;1;0;35;;0;1;5;91;0;0;7;0;1;1;2;33;0;;
532037;Chrášťany;187;123;123;20;0;0;1;;0;9;14;1;1;;0;1;0;20;;0;0;4;40;0;0;9;0;0;0;0;3;0;;
529842;Jankov;748;430;429;23;0;0;28;;1;51;34;3;2;;5;0;0;49;;0;0;24;145;0;3;20;0;1;2;1;35;2;;
529851;Javorník;104;79;79;3;0;0;11;;0;7;5;2;1;;0;0;0;9;;0;0;0;20;0;0;6;0;2;0;0;13;0;;
532134;Ješetice;106;68;67;2;0;0;4;;0;6;6;0;0;;1;0;0;7;;0;1;1;19;0;0;5;0;0;0;0;15;0;;
531031;Kamberk;121;82;81;17;0;0;5;;0;2;1;0;0;;2;0;0;9;;0;0;6;28;0;0;1;0;2;0;0;8;0;;
529907;Keblov;155;99;99;10;0;0;10;;0;8;10;0;1;;1;0;0;6;;0;0;2;34;0;1;3;0;2;0;0;11;0;;
533084;Kladruby;245;183;182;14;0;0;9;;0;15;17;1;1;;4;0;0;24;;0;0;11;47;0;1;19;0;2;0;0;16;1;;
529931;Kondrac;383;272;267;28;2;0;35;;0;29;24;1;6;;1;0;1;28;;0;0;5;66;0;0;19;0;0;0;0;22;0;;
529940;Kozmice;241;171;170;21;0;0;12;;0;6;13;2;5;;2;0;0;19;;0;0;11;60;0;1;5;0;0;0;1;11;1;;
529958;Krhanice;765;505;502;70;1;0;20;;0;58;27;7;3;;7;0;1;68;;1;0;31;139;0;0;19;1;1;1;4;43;0;;
529974;Krňany;361;242;241;38;1;0;10;;0;12;20;2;0;;6;0;1;27;;0;0;19;69;0;2;1;0;4;0;1;27;1;;
529991;Křečovice;632;451;448;30;0;1;24;;0;47;40;8;5;;0;1;0;55;;1;0;28;141;0;1;37;0;2;1;2;24;0;;
530000;Křivsoudov;351;222;222;17;0;0;16;;0;19;11;4;1;;3;0;3;41;;0;0;5;66;0;1;18;0;0;0;0;16;1;;
530026;Kuňovice;66;61;61;5;0;0;3;;0;6;3;0;0;;0;0;0;3;;0;0;2;28;0;0;7;0;0;1;0;3;0;;
530051;Lešany;567;371;370;37;0;0;13;;0;31;39;6;1;;13;2;1;40;;0;0;13;105;0;0;16;0;4;1;1;44;3;;
530069;Libež;156;107;107;5;2;0;10;;0;3;15;0;0;;2;0;0;3;;0;0;0;42;0;0;8;0;1;1;0;15;0;;
532258;Litichovice;54;39;39;2;0;0;0;;0;4;4;1;0;;0;0;1;3;;0;0;3;10;0;1;6;0;0;0;0;4;0;;
530093;Loket;456;351;350;24;0;0;31;;0;16;28;2;4;;6;0;0;46;;0;0;19;88;0;0;45;0;1;0;1;39;0;;
530107;Louňovice pod Blaníkem;563;369;365;43;2;0;32;;0;25;25;4;1;;0;0;0;35;;1;0;14;138;0;1;20;0;1;0;0;23;0;;
532193;Lštění;331;225;226;32;0;0;11;;0;24;20;2;1;;6;0;1;30;;1;1;28;43;0;0;8;0;1;0;0;16;1;;
530115;Maršovice;602;421;419;26;0;0;23;;0;35;43;11;2;;4;0;0;55;;0;0;23;131;0;1;24;0;3;0;2;36;0;;
530158;Mezno;297;203;201;20;0;0;18;;0;19;24;0;1;;11;0;0;18;;0;0;3;57;0;0;9;0;3;2;1;14;1;;
530166;Miličín;728;449;449;33;0;0;27;;0;44;28;6;6;;3;0;1;40;;1;2;23;176;0;1;21;1;1;0;0;35;0;;
530174;Miřetice;149;102;100;18;0;0;2;;0;8;0;0;0;;0;0;0;9;;0;0;4;34;0;0;7;0;2;1;0;15;0;;
530191;Mnichovice;184;114;114;8;0;0;9;;0;5;16;3;1;;0;2;0;10;;0;0;0;43;0;0;11;0;0;0;0;6;0;;
530204;Mrač;637;431;429;47;0;0;19;;0;56;34;12;4;;7;0;0;47;;0;1;14;140;1;0;8;0;5;1;1;32;0;;
530212;Načeradec;881;512;509;42;1;0;28;;1;42;52;2;1;;6;1;1;51;;0;0;14;182;0;1;34;0;2;2;3;43;0;;
530263;Nespeky;545;390;388;65;0;0;24;;0;26;19;6;1;;3;0;0;63;;0;1;34;116;0;0;8;0;1;0;1;20;0;;
530298;Netvořice;899;575;573;64;1;0;42;;0;46;60;6;1;;10;1;0;60;;0;2;23;189;1;1;8;0;0;0;4;53;1;;
530301;Neustupov;423;264;263;5;0;0;26;;0;24;21;3;4;;11;0;0;15;;2;0;11;98;0;0;9;0;2;1;0;31;0;;
530310;Neveklov;2 080;1 238;1 218;153;2;0;81;;1;76;82;21;8;;18;3;3;147;;1;2;83;376;1;4;39;1;1;2;6;106;1;;
530344;Olbramovice;991;664;660;44;0;1;41;;0;57;61;9;3;;1;0;0;49;;4;0;28;285;1;0;20;0;7;2;1;43;3;;
599395;Ostrov;52;32;30;2;0;0;0;;0;3;4;0;0;;0;0;1;5;;0;0;0;10;0;0;1;0;1;0;0;3;0;;
530352;Ostředek;292;206;205;18;0;0;15;;0;18;6;2;8;;3;1;0;25;;0;1;12;75;0;0;12;0;0;0;0;9;0;;
533076;Pavlovice;168;121;119;4;2;0;13;;0;6;15;2;4;;2;0;0;6;;0;0;4;37;0;1;10;0;0;0;0;13;0;;
530409;Petroupim;243;161;161;21;2;0;13;;0;22;6;3;2;;0;1;0;13;;0;0;5;61;0;3;2;0;1;0;0;6;0;;
532649;Popovice;233;157;155;13;0;0;15;;0;10;18;2;1;;1;0;0;16;;0;1;3;51;0;0;5;0;0;0;0;19;0;;
530441;Poříčí nad Sázavou;987;671;669;102;0;0;46;;0;63;24;7;3;;9;0;0;51;;0;1;54;211;2;0;20;0;2;2;0;69;3;;
530450;Postupice;1 030;662;653;68;0;0;30;;2;70;42;7;3;;4;0;0;76;;0;2;17;255;0;0;20;0;10;1;2;41;3;;
530476;Pravonín;447;290;289;26;0;0;19;;0;22;30;2;0;;9;0;0;29;;0;0;6;95;0;0;11;0;6;0;0;34;0;;
530492;Přestavlky u Čerčan;296;222;221;39;1;0;13;;0;10;10;2;4;;1;0;0;24;;1;0;15;82;0;0;7;0;0;0;1;10;1;;
530514;Psáře;113;69;69;10;0;0;5;;0;7;7;1;0;;1;0;0;7;;0;0;3;13;0;0;6;0;0;1;0;8;0;;
538680;Pyšely;1 399;1 014;1 008;175;0;1;60;;0;135;40;16;7;;18;1;3;146;;1;3;73;223;0;0;27;0;7;0;0;70;2;;
530522;Rabyně;235;168;168;38;1;0;9;;0;11;11;0;2;;1;0;0;19;;0;0;9;41;0;0;8;0;0;0;0;15;3;;
530531;Radošovice;296;184;183;19;1;0;8;;0;20;16;0;2;;6;0;0;16;;1;0;10;38;0;0;33;0;1;1;0;11;0;;
530549;Rataje;140;104;104;8;0;0;10;;0;10;11;2;2;;0;0;0;6;;0;0;3;28;0;0;12;0;0;0;0;12;0;;
532550;Ratměřice;238;156;155;18;0;0;7;;1;35;10;2;0;;1;0;0;10;;0;0;12;41;0;0;4;0;1;0;3;10;0;;
538710;Řehenice;366;252;252;34;0;0;15;;0;26;8;2;4;;2;0;0;48;;1;1;20;69;0;0;4;0;1;0;0;17;0;;
532941;Řimovice;180;108;108;7;0;0;5;;0;8;10;1;1;;1;0;0;18;;0;0;6;27;0;0;9;0;0;0;0;15;0;;
534382;Sázava;3 090;1 881;1 867;216;5;2;203;;2;193;155;27;7;;22;3;4;180;;0;5;78;515;1;4;37;0;7;9;5;182;5;;
532231;Slověnice;31;22;22;3;0;0;1;;0;0;3;0;0;;0;0;0;1;;0;0;0;8;0;0;2;0;0;0;0;4;0;;
530611;Smilkov;231;146;144;3;0;0;15;;0;14;17;1;1;;0;0;0;8;;0;0;1;62;0;0;10;0;0;0;0;12;0;;
532436;Snět;89;64;64;11;0;0;3;;0;2;1;0;0;;0;0;0;11;;0;0;1;21;0;0;8;0;0;0;0;6;0;;
530638;Soběhrdy;319;227;225;23;0;0;17;;0;24;12;2;1;;2;2;0;25;;0;0;14;74;0;0;9;0;2;1;1;16;0;;
599387;Soutice;219;146;146;6;0;0;14;;0;11;8;1;1;;4;0;0;8;;0;0;2;70;0;0;4;0;0;3;0;14;0;;
599379;Stranný;82;51;51;6;0;0;7;;0;5;6;0;0;;0;0;0;4;;0;0;5;13;0;0;0;0;1;0;0;3;1;;
599361;Strojetice;103;77;76;1;0;0;8;;0;7;10;1;2;;1;0;0;8;;0;0;4;23;0;1;3;0;1;0;0;6;0;;
530689;Struhařov;670;461;459;59;1;2;24;;0;32;35;7;2;;5;0;1;48;;0;1;15;180;0;0;10;0;2;0;1;31;3;;
530701;Střezimíř;263;174;174;12;0;0;5;;0;17;12;1;2;;6;0;0;16;;0;0;1;76;0;0;7;1;0;0;0;18;0;;
530719;Studený;82;54;54;8;1;0;3;;0;8;7;0;0;;0;0;0;2;;0;0;0;18;1;0;5;0;0;0;0;1;0;;
532509;Šetějovice;48;38;38;3;0;0;4;;0;4;1;0;0;;0;0;0;1;;0;0;1;15;0;0;5;0;0;0;0;4;0;;
530751;Tehov;249;165;165;3;0;0;21;;0;13;15;1;2;;0;0;0;11;;0;0;8;56;0;0;7;0;1;0;0;26;1;;
530760;Teplýšovice;383;289;288;22;0;0;25;;0;41;17;6;2;;3;0;0;26;;0;1;4;96;0;1;24;0;3;0;0;17;0;;
530778;Tichonice;179;137;137;16;0;0;14;;0;5;9;0;0;;5;1;0;10;;1;0;5;50;0;0;2;0;0;6;0;13;0;;
532592;Tisem;184;128;128;8;0;0;15;;0;12;7;3;0;;1;0;0;12;;0;0;6;42;0;0;3;0;0;0;0;19;0;;
532541;Tomice;105;75;75;4;0;0;4;;0;2;8;0;0;;2;1;0;2;;0;0;0;26;0;0;13;0;0;0;1;12;0;;
530816;Trhový Štěpánov;1 029;643;634;62;0;1;42;;0;48;40;5;7;;6;0;0;59;;0;0;25;217;0;2;45;0;6;1;2;66;0;;
532304;Třebešice;82;68;68;13;0;0;3;;0;8;5;1;0;;1;0;0;15;;0;0;3;14;0;0;2;0;0;0;0;3;0;;
530841;Týnec nad Sázavou;4 550;2 943;2 922;295;5;0;175;;4;272;265;33;33;;36;0;5;307;;3;5;104;999;1;8;55;0;9;4;20;272;12;;
532061;Václavice;455;290;289;30;0;0;27;;0;41;12;0;1;;13;0;0;32;;0;1;5;85;0;1;10;0;4;1;2;21;3;;
530867;Veliš;270;189;189;9;0;0;9;;0;16;15;0;2;;1;0;1;6;;0;0;8;71;0;1;23;0;0;2;0;25;0;;
530883;Vlašim;9 453;5 687;5 644;504;9;8;534;;2;368;465;57;32;;61;2;2;525;;2;2;216;1 862;2;7;309;3;30;12;8;610;12;;
532614;Vodslivy;84;43;43;5;0;0;3;;0;1;0;0;1;;2;1;0;4;;0;0;2;10;0;0;5;0;0;0;1;8;0;;
530891;Vojkov;427;250;249;21;1;1;23;;1;15;23;2;1;;1;0;0;27;;0;0;7;90;1;0;14;2;3;0;0;16;0;;
530905;Votice;3 676;2 230;2 219;208;4;0;196;;1;182;167;15;15;;34;7;2;231;;1;0;90;779;0;4;74;1;10;4;3;187;4;;
530913;Vracovice;326;201;199;14;1;0;14;;0;15;9;0;3;;6;0;0;22;;0;0;10;67;3;0;22;0;0;1;0;12;0;;
530921;Vranov;332;244;244;29;0;0;11;;0;26;21;2;1;;3;1;1;28;;0;1;14;80;1;0;14;0;0;0;0;11;0;;
530948;Vrchotovy Janovice;785;492;488;24;1;0;39;;0;49;38;7;6;;3;1;1;54;;0;0;19;174;0;2;12;0;3;1;1;52;1;;
532266;Všechlapy;84;65;64;17;0;0;4;;0;6;5;0;0;;0;0;0;7;;0;0;7;11;0;0;1;0;0;0;0;6;0;;
513482;Vysoký Újezd;163;113;113;20;0;0;11;;0;1;12;3;5;;4;1;0;3;;0;0;8;30;0;0;2;0;8;0;1;4;0;;
571415;Xaverov;49;36;36;3;0;0;6;;0;10;4;0;0;;0;0;0;5;;0;0;0;3;0;0;4;0;0;0;0;1;0;;
531022;Zdislavice;462;320;318;18;1;0;23;;0;25;34;2;1;;7;0;0;24;;0;0;10;120;0;0;24;0;6;0;1;22;0;;
531049;Zvěstov;303;178;178;20;0;0;16;;0;21;6;1;2;;4;0;0;10;;0;0;6;65;0;0;10;0;1;0;0;15;1;;
534421;Bavoryně;239;151;150;18;0;0;6;;0;8;7;5;2;;4;0;0;16;;0;0;11;55;0;2;3;0;0;0;2;11;0;;
531057;Beroun;14 804;9 145;9 076;1 363;16;11;576;;1;433;651;140;78;;205;8;12;1 290;;4;6;641;2 433;3;13;279;2;61;17;12;800;21;;
531073;Běštín;262;158;157;27;2;0;21;;0;2;11;3;3;;3;1;0;12;;0;0;2;40;0;0;2;0;1;0;1;26;0;;
531081;Broumy;743;491;489;62;1;0;35;;2;20;54;6;5;;8;0;0;76;;1;3;22;144;0;4;11;0;3;0;0;32;0;;
531090;Březová;246;168;168;30;0;0;12;;0;21;14;2;1;;0;0;0;12;;0;0;7;38;0;0;5;0;1;0;0;25;0;;
531103;Bubovice;372;270;269;44;2;0;8;;0;10;11;4;0;;6;0;0;50;;0;1;28;65;1;0;9;0;3;2;1;24;0;;
534145;Bykoš;183;121;121;13;0;0;16;;0;6;13;4;0;;0;0;0;12;;0;0;5;37;0;0;1;0;1;1;0;12;0;;
531120;Bzová;364;238;235;23;0;0;18;;0;11;25;1;3;;7;0;0;23;;1;1;13;76;0;0;5;0;4;0;0;24;0;;
531138;Cerhovice;909;593;591;80;1;0;60;;0;44;33;5;9;;14;0;0;52;;0;0;20;201;0;1;18;0;2;1;3;44;3;;
531154;Drozdov;604;420;418;58;0;0;41;;0;25;58;5;3;;4;0;0;37;;1;0;11;127;0;0;14;0;2;0;3;28;1;;
531162;Felbabka;215;136;135;27;0;0;16;;0;7;17;0;0;;7;0;0;9;;0;0;4;40;0;0;2;0;0;0;0;5;1;;
531171;Hlásná Třebaň;759;578;572;114;1;0;17;;2;48;23;12;5;;11;1;2;95;;0;0;60;131;0;0;19;0;1;0;0;28;2;;
531189;Hořovice;5 247;3 110;3 090;588;7;3;254;;2;108;305;57;14;;41;2;2;290;;3;1;149;864;3;9;88;2;17;4;4;269;4;;
531201;Hostomice;1 333;796;790;126;5;0;61;;1;25;55;10;3;;15;0;0;102;;1;1;45;232;0;1;19;0;3;3;5;75;2;;
531219;Hředle;299;217;216;26;2;0;12;;0;6;18;5;0;;2;0;1;30;;0;0;8;81;0;0;4;0;2;0;0;19;0;;
531227;Hudlice;978;663;658;82;2;0;52;;0;18;133;11;6;;11;0;0;63;;0;0;18;177;0;0;6;0;1;0;4;73;1;;
531235;Hvozdec;213;155;154;21;0;0;13;;0;11;26;2;2;;4;0;0;11;;0;0;3;40;0;0;3;0;0;0;0;18;0;;
531243;Hýskov;1 335;879;868;139;1;0;62;;1;42;54;15;7;;19;2;1;119;;0;0;74;219;2;1;21;0;5;3;2;78;1;;
531251;Chaloupky;423;298;294;58;0;2;21;;0;11;32;5;1;;6;2;0;26;;0;0;10;87;0;0;1;0;3;0;1;27;1;;
534455;Chlustina;187;117;115;17;1;0;10;;0;4;13;0;4;;1;0;0;13;;0;0;11;26;0;0;7;0;0;0;1;7;0;;
534447;Chodouň;501;339;337;57;1;0;37;;0;19;23;8;4;;2;0;0;52;;0;0;8;97;0;1;4;0;3;1;1;18;1;;
533670;Chrustenice;709;512;508;86;2;2;20;;0;34;29;8;4;;15;2;2;83;;1;1;47;118;0;0;9;1;4;1;0;38;1;;
531294;Chyňava;1 438;916;914;139;2;0;65;;0;29;77;14;5;;21;0;3;121;;0;0;47;284;1;2;19;0;2;0;2;81;0;;
531308;Jivina;153;92;92;11;0;2;4;;0;1;10;2;1;;1;0;0;4;;0;0;2;42;0;0;1;0;1;0;0;10;0;;
531316;Karlštejn;668;448;446;85;3;0;27;;0;19;36;4;1;;11;0;1;73;;0;0;25;104;1;0;22;0;3;0;0;30;1;;
531324;Komárov;1 943;1 185;1 181;175;0;0;90;;1;43;131;9;8;;11;0;2;93;;0;0;35;430;0;3;26;0;11;2;2;101;8;;
531332;Koněprusy;181;128;127;27;0;1;5;;0;12;11;3;0;;0;0;0;8;;1;0;12;27;0;0;2;0;0;0;0;18;0;;
533793;Korno;90;69;69;11;0;0;11;;0;4;7;1;0;;0;0;0;9;;0;0;4;9;0;0;6;0;0;0;0;7;0;;
534072;Kotopeky;236;136;133;8;0;0;9;;0;5;8;2;1;;1;0;0;10;;0;0;10;44;1;2;6;0;3;1;0;21;1;;
533203;Králův Dvůr;6 238;3 630;3 605;668;6;1;230;;1;209;242;36;18;;101;1;12;473;;0;0;222;910;0;12;87;0;22;5;11;328;10;;
531375;Kublov;525;348;346;53;2;0;23;;2;13;36;4;3;;6;0;0;34;;0;0;15;105;1;0;7;0;0;3;0;38;1;;
533939;Lážovice;81;51;51;9;0;0;2;;0;5;6;1;0;;1;1;0;9;;0;0;3;13;0;0;0;0;0;0;1;0;0;;
533335;Lhotka;271;165;164;23;0;0;10;;1;7;13;2;2;;0;0;0;16;;0;1;6;67;1;0;3;0;0;1;0;9;2;;
531448;Libomyšl;423;266;266;38;0;0;5;;1;6;29;4;5;;1;0;2;43;;0;0;13;93;0;0;2;0;1;0;1;20;2;;
531456;Liteň;880;517;513;43;0;0;37;;1;21;28;5;4;;19;0;0;62;;1;0;53;149;0;4;17;0;4;0;3;59;3;;
531464;Loděnice;1 371;863;861;121;6;2;43;;1;49;49;16;7;;15;2;1;122;;1;0;60;249;1;0;42;2;1;3;1;67;0;;
531472;Lochovice;925;546;541;52;0;0;33;;0;21;58;6;3;;11;0;1;73;;0;1;11;190;0;0;15;0;1;0;2;62;1;;
534404;Lužce;95;56;56;3;0;0;7;;0;5;4;1;0;;0;0;0;7;;0;0;3;14;0;0;1;0;0;0;0;10;1;;
533319;Malá Víska;81;59;58;10;0;0;3;;0;1;8;0;1;;2;0;0;4;;0;0;0;17;0;0;0;0;0;0;0;11;1;;
534218;Málkov;100;76;76;5;0;0;4;;0;1;6;5;0;;0;0;0;13;;0;0;12;15;0;0;2;0;0;0;0;12;1;;
531529;Měňany;240;133;132;16;0;0;9;;0;7;16;2;1;;2;0;0;16;;0;0;6;37;0;1;1;0;0;0;0;18;0;;
531537;Mezouň;434;329;327;57;2;2;7;;0;25;9;4;3;;2;1;0;42;;0;0;27;88;0;0;16;0;1;1;0;39;1;;
531545;Mořina;617;412;410;84;1;0;28;;0;25;27;1;2;;10;1;1;48;;0;0;31;91;0;3;17;0;0;1;0;39;0;;
533912;Mořinka;129;93;93;16;0;0;4;;0;6;1;1;1;;8;0;0;10;;0;0;6;28;0;0;0;0;0;0;0;11;1;;
533602;Nenačovice;197;146;146;12;0;0;4;;0;7;14;2;4;;4;0;0;16;;0;1;9;54;0;1;6;0;0;0;0;12;0;;
534269;Nesvačily;128;105;105;14;0;0;11;;1;3;13;1;1;;0;0;0;11;;0;0;9;24;0;0;5;0;0;2;0;10;0;;
531588;Neumětely;437;250;250;36;0;0;24;;0;5;26;1;3;;4;0;0;21;;2;0;7;74;0;0;7;0;2;0;0;38;0;;
531596;Nižbor;1 614;1 038;1 033;160;3;1;61;;0;51;74;26;5;;9;1;0;158;;0;4;65;273;0;4;30;0;5;1;2;99;1;;
531600;Nový Jáchymov;540;354;350;43;1;1;24;;0;7;36;6;4;;9;0;2;33;;0;0;24;105;0;2;10;0;3;0;1;39;0;;
531626;Olešná;343;227;225;23;1;1;21;;0;5;20;1;3;;2;0;1;24;;0;1;10;80;0;0;5;0;0;0;3;23;1;;
531634;Osek;633;421;417;49;0;0;35;;0;20;38;4;3;;3;1;0;52;;0;1;10;159;1;3;9;0;4;1;0;24;0;;
531642;Osov;290;202;199;26;1;0;15;;0;9;16;4;1;;1;0;0;30;;0;0;11;51;1;2;14;0;2;2;0;13;0;;
534111;Otmíče;142;107;105;12;0;0;4;;0;3;9;0;1;;4;0;0;21;;0;0;11;23;0;0;4;0;1;0;0;12;0;;
531669;Otročiněves;411;293;293;34;0;0;11;;0;20;38;7;2;;2;1;2;42;;0;0;7;90;0;1;6;0;3;1;1;24;1;;
534285;Podbrdy;176;122;122;12;0;0;7;;0;9;22;1;0;;3;0;0;13;;1;0;2;24;0;0;7;0;1;0;0;20;0;;
531685;Podluhy;535;337;334;44;0;0;32;;0;12;41;3;5;;2;0;0;39;;0;0;10;108;0;0;5;0;1;1;0;31;0;;
531693;Praskolesy;690;465;464;58;1;0;42;;0;23;45;6;4;;14;0;2;60;;0;0;19;132;1;2;10;1;6;0;0;37;1;;
531715;Rpety;403;259;259;34;2;0;20;;0;9;27;3;3;;5;0;0;27;;0;0;12;84;0;0;3;0;1;0;1;23;5;;
533963;Skřipel;100;60;60;7;0;0;3;;0;1;0;0;0;;0;0;0;9;;0;0;4;26;2;0;2;0;1;0;0;5;0;;
531740;Skuhrov;384;259;259;33;0;0;24;;0;23;19;6;1;;5;0;2;27;;0;0;25;62;0;0;6;0;0;0;0;23;3;;
531758;Srbsko;411;271;270;53;0;0;15;;0;25;12;5;3;;3;1;0;34;;0;0;20;72;0;0;8;1;4;0;0;14;0;;
531766;Stašov;362;220;220;20;1;0;29;;0;9;22;1;2;;2;0;0;19;;0;1;23;69;0;0;5;0;1;1;1;14;0;;
531782;Suchomasty;360;238;236;23;1;0;12;;0;5;45;5;2;;2;0;0;28;;0;0;9;59;0;0;8;0;1;1;0;35;0;;
531791;Svatá;407;288;287;31;0;0;23;;0;14;32;0;1;;3;0;1;33;;0;0;19;100;0;0;9;0;1;0;0;19;1;;
531804;Svatý Jan pod Skalou;132;98;94;15;0;0;6;;0;8;3;2;0;;1;0;2;14;;1;0;11;19;0;0;11;0;0;0;0;1;0;;
531812;Svinaře;524;372;372;71;0;0;8;;0;22;17;10;4;;10;2;1;71;;0;0;46;79;0;0;7;0;3;0;0;20;1;;
531839;Tetín;691;484;480;69;1;0;37;;1;39;36;3;0;;5;0;0;63;;1;0;30;106;0;3;19;0;1;0;4;62;0;;
531847;Tlustice;753;505;503;60;1;0;32;;1;21;65;5;3;;8;0;1;54;;0;0;22;166;0;0;9;0;6;3;1;44;1;;
531855;Tmaň;891;502;499;55;3;0;36;;1;28;44;10;6;;15;0;1;45;;1;2;18;170;1;0;6;0;6;1;1;48;1;;
534463;Točník;195;129;127;13;0;0;8;;0;5;6;2;1;;4;0;0;12;;1;0;11;36;0;1;7;0;0;0;1;19;0;;
533106;Trubín;337;242;238;51;0;5;3;;0;17;21;1;0;;9;1;0;21;;0;0;12;65;0;1;4;1;1;0;0;25;0;;
531880;Trubská;158;106;106;10;0;0;6;;0;6;16;0;1;;1;0;0;16;;0;0;2;39;0;1;2;0;0;0;0;6;0;;
531901;Újezd;503;367;363;53;0;0;24;;0;28;30;1;5;;2;0;1;35;;0;0;6;116;2;0;24;1;0;1;0;33;1;;
531910;Velký Chlumec;344;236;235;31;1;0;15;;0;15;19;2;11;;0;1;2;38;;0;1;7;65;1;1;8;0;0;0;1;16;0;;
534234;Vinařice;79;58;58;8;0;0;5;;0;2;6;0;0;;0;0;0;8;;0;0;2;25;0;0;0;0;0;0;0;2;0;;
534048;Vižina;217;159;159;31;0;0;9;;0;8;12;5;0;;3;0;0;12;;0;0;5;53;0;0;3;0;0;0;0;18;0;;
531944;Vráž;907;600;598;83;1;0;45;;0;34;55;6;3;;9;2;1;82;;0;1;27;176;1;0;14;0;4;1;1;51;1;;
531952;Všeradice;344;226;226;27;0;0;14;;0;8;18;2;2;;4;0;1;30;;0;0;12;64;0;1;16;0;0;1;0;26;0;;
531961;Vysoký Újezd;580;373;370;58;0;1;20;;0;24;23;4;4;;8;0;0;77;;1;0;23;80;0;1;13;0;3;0;0;30;0;;
531979;Zadní Třebaň;663;497;490;69;1;1;33;;0;33;22;6;8;;15;1;1;69;;1;0;41;130;0;1;19;0;7;0;0;31;1;;
531995;Zaječov;1 181;768;763;94;2;0;53;;1;27;119;13;5;;9;1;0;79;;0;1;32;228;0;1;16;1;3;1;5;65;7;;
532002;Záluží;392;228;227;22;0;1;16;;0;12;39;3;2;;0;0;0;15;;0;0;4;68;0;3;6;0;0;1;1;31;3;;
532011;Zdice;3 218;1 958;1 945;268;0;0;212;;3;91;183;29;19;;25;0;7;190;;1;0;77;591;0;2;48;0;10;3;2;180;4;;
532029;Žebrák;1 644;1 105;1 096;129;3;2;77;;1;37;125;19;16;;27;3;0;123;;1;1;62;320;0;3;29;1;7;2;4;102;2;;
599417;Železná;207;146;146;21;0;0;5;;0;3;20;0;0;;2;0;1;21;;0;0;12;53;0;0;3;0;0;0;0;5;0;;
535010;Běleč;262;181;181;23;0;0;19;;0;13;11;1;2;;0;0;0;22;;0;0;11;61;0;0;6;0;1;1;1;8;1;;
532070;Běloky;135;102;101;12;0;0;10;;0;6;12;1;0;;3;0;0;16;;0;0;8;21;0;0;3;0;0;0;0;9;0;;
532088;Beřovice;272;152;152;21;0;0;12;;0;13;6;3;3;;2;1;0;18;;0;0;5;50;0;1;0;0;0;0;0;17;0;;
535125;Bílichov;155;99;99;7;0;0;9;;0;10;14;0;0;;4;0;0;8;;0;0;4;33;0;0;1;0;0;0;0;8;1;;
532100;Blevice;243;172;171;11;1;0;19;;0;13;40;3;3;;2;0;0;22;;0;0;8;26;0;1;4;0;2;0;1;14;1;;
532118;Brandýsek;1 438;894;883;99;1;1;70;;1;49;83;14;7;;13;3;0;128;;0;0;28;266;0;2;10;0;4;1;2;98;3;;
532126;Braškov;847;625;619;90;0;0;35;;0;40;54;11;5;;7;0;0;101;;0;0;51;164;0;2;13;0;3;0;2;41;0;;
532142;Bratronice;749;489;487;75;0;0;23;;3;34;54;2;9;;10;0;0;51;;0;1;19;137;0;1;8;0;3;1;0;55;1;;
532169;Buštěhrad;2 508;1 645;1 639;246;0;3;87;;2;118;115;18;8;;35;2;1;242;;0;1;125;427;0;3;56;2;8;3;3;127;7;;
532185;Cvrčovice;568;354;353;53;1;0;22;;1;20;45;2;3;;5;0;0;41;;0;0;19;88;0;0;7;0;4;0;0;41;1;;
532207;Černuc;810;418;414;36;2;0;23;;0;21;40;10;5;;4;1;0;50;;0;2;10;128;0;5;5;0;3;0;0;63;6;;
532223;Doksy;1 263;811;806;131;2;0;33;;2;53;61;14;8;;24;0;1;108;;0;0;44;222;0;3;14;0;5;2;0;78;1;;
513130;Dolany;188;131;129;16;0;0;9;;0;20;6;1;2;;1;0;0;14;;3;0;10;27;0;1;2;0;3;0;0;12;2;;
512991;Drnek;141;100;100;13;0;0;4;;0;16;15;0;1;;1;1;0;7;;0;0;2;19;0;0;4;0;0;0;0;17;0;;
532274;Družec;830;564;563;92;1;1;43;;2;42;40;3;4;;10;1;0;66;;0;0;39;156;0;4;8;0;1;0;0;48;2;;
532282;Dřetovice;366;226;224;19;0;0;16;;0;7;34;4;2;;4;1;1;24;;0;0;9;59;0;1;0;0;1;1;0;41;0;;
532291;Dřínov;255;140;140;11;1;1;7;;0;12;17;0;0;;1;0;0;8;;0;0;1;55;0;0;4;0;0;0;1;21;0;;
513075;Hobšovice;282;141;141;14;0;0;7;;0;5;11;2;0;;1;0;1;20;;0;0;2;47;0;1;5;0;1;0;3;21;0;;
532312;Horní Bezděkov;482;381;381;78;0;0;18;;0;22;31;2;3;;2;0;1;60;;0;0;23;95;0;0;15;0;2;0;0;29;0;;
532321;Hořešovice;214;144;142;34;0;0;10;;0;8;11;1;0;;1;0;0;6;;0;0;9;54;0;1;1;0;0;0;0;6;0;;
535150;Hořešovičky;99;60;60;4;0;0;6;;0;1;11;0;0;;3;0;0;3;;0;0;1;20;0;0;1;0;0;0;0;10;0;;
532339;Hospozín;415;192;191;19;1;0;10;;0;19;31;1;0;;5;0;0;12;;0;1;4;60;0;1;4;0;0;0;1;22;0;;
532347;Hostouň;915;573;568;85;0;0;28;;1;36;40;9;5;;8;1;2;68;;0;1;39;164;0;2;15;0;5;1;1;55;2;;
532355;Hradečno;409;264;263;41;0;0;9;;0;15;17;1;1;;2;0;0;43;;0;0;20;84;0;0;6;0;1;0;1;21;1;;
532363;Hrdlív;392;251;250;26;0;0;18;;0;8;23;1;4;;8;0;0;22;;0;0;9;95;0;1;10;0;1;1;0;23;0;;
532371;Hřebeč;1 528;979;946;142;1;1;37;;0;65;43;7;5;;21;1;1;140;;1;0;57;313;0;2;14;1;5;0;2;86;1;;
532398;Chržín;204;124;124;8;0;0;12;;1;11;13;3;0;;1;0;0;14;;0;1;2;42;0;0;0;0;1;0;1;14;0;;
532401;Jarpice;228;137;137;12;0;0;5;;1;9;28;1;4;;0;0;0;13;;0;0;5;44;0;0;6;0;0;0;0;9;0;;
532410;Jedomělice;305;203;202;23;0;0;14;;0;28;22;1;3;;6;0;0;17;;0;1;8;48;0;1;2;0;3;0;3;22;0;;
532428;Jemníky;204;142;142;22;0;0;5;;0;16;15;1;0;;0;0;1;17;;0;0;6;34;0;0;7;0;1;0;0;17;0;;
532444;Kačice;990;612;612;70;0;0;37;;0;38;64;7;4;;9;2;0;77;;1;0;13;209;0;1;3;0;5;0;0;68;4;;
532452;Kamenné Žehrovice;1 426;930;923;107;2;0;58;;1;39;93;12;9;;11;1;0;114;;1;0;43;307;1;4;10;0;6;5;0;99;0;;
513032;Kamenný Most;356;197;196;25;0;0;8;;0;13;32;3;1;;2;0;0;21;;2;1;6;54;0;0;4;1;0;1;0;21;1;;
532053;Kladno;53 652;29 228;29 034;3 297;49;13;2 001;;42;1 285;2 482;433;203;;594;16;35;3 480;;12;17;1 548;8 851;19;68;664;9;224;39;46;3 527;80;;
532461;Klobuky;822;434;430;24;0;0;62;;0;14;51;5;1;;13;0;0;45;;0;0;10;129;1;5;8;0;0;2;3;56;1;;
532479;Kmetiněves;228;137;136;16;1;0;4;;0;9;12;2;3;;1;0;0;19;;0;0;4;35;0;0;2;0;0;1;0;26;1;;
532487;Knovíz;446;276;275;44;0;0;23;;0;18;20;5;3;;3;1;1;18;;0;0;11;73;0;2;4;0;3;0;0;44;2;;
532495;Koleč;484;270;269;22;0;0;26;;0;10;35;7;0;;3;0;0;33;;0;0;6;80;1;0;5;0;5;0;1;33;2;;
535109;Královice;173;124;124;19;0;0;5;;0;5;18;1;0;;6;0;0;9;;0;0;2;30;0;0;6;0;1;0;0;22;0;;
571512;Kutrovice;89;52;52;4;0;0;6;;0;5;8;0;0;;3;0;0;10;;0;0;1;10;0;0;0;0;0;0;0;5;0;;
532517;Kvílice;63;39;39;3;0;0;2;;0;0;9;0;0;;0;0;0;4;;0;0;0;14;0;0;2;0;0;0;0;4;1;;
532525;Kyšice;496;338;338;49;0;0;13;;0;16;33;2;1;;18;0;0;54;;1;1;24;87;0;0;6;0;4;1;0;27;1;;
541991;Lány;1 626;1 046;1 032;168;1;0;69;;1;70;107;11;13;;18;1;5;119;;1;4;59;285;1;0;19;2;8;2;1;64;3;;
532533;Ledce;380;247;244;14;0;0;11;;0;22;42;2;3;;4;0;0;25;;1;0;10;63;0;0;7;0;3;0;0;37;0;;
513041;Lhota;495;363;362;55;2;0;23;;0;17;46;4;1;;1;1;1;48;;0;1;14;101;0;2;9;0;2;2;1;30;1;;
564150;Libochovičky;49;40;40;7;0;0;0;;0;2;3;0;0;;0;0;0;7;;0;0;1;12;0;0;1;0;0;0;0;7;0;;
571601;Libovice;266;180;180;22;2;0;15;;0;7;13;3;2;;3;0;0;28;;0;4;6;42;0;0;9;0;0;1;0;21;2;;
532576;Libušín;2 410;1 354;1 348;113;3;2;82;;1;85;145;18;8;;21;1;0;148;;0;0;80;411;2;3;25;1;15;3;3;175;3;;
532584;Lidice;425;333;331;50;0;0;18;;0;20;25;1;1;;6;2;1;37;;0;2;30;118;0;0;1;0;0;1;0;17;1;;
571555;Líský;90;66;65;7;0;0;1;;0;5;9;1;0;;3;0;1;2;;0;0;4;27;0;0;0;0;0;0;0;5;0;;
535095;Loucká;105;68;68;3;0;2;3;;0;1;11;0;2;;1;0;0;1;;0;0;3;20;0;0;0;0;2;0;0;19;0;;
532622;Makotřasy;340;226;226;24;0;0;15;;0;11;12;6;1;;6;0;0;25;;0;0;18;73;3;0;4;0;2;0;0;26;0;;
532631;Malé Kyšice;385;276;273;48;1;1;18;;0;11;10;5;0;;6;0;0;40;;0;0;24;67;0;0;5;0;3;0;0;33;1;;
513113;Malé Přítočno;199;136;134;30;0;0;9;;0;10;9;2;0;;3;0;1;18;;0;0;10;31;0;0;1;0;0;0;0;10;0;;
532657;Malíkovice;321;192;192;17;0;1;11;;1;13;27;5;1;;6;0;0;15;;0;0;4;56;0;1;2;0;1;2;0;29;0;;
571521;Neprobylice;134;80;78;9;0;0;7;;0;3;4;0;1;;0;0;0;9;;0;0;2;23;0;0;0;0;0;1;1;18;0;;
532665;Neuměřice;330;184;184;23;0;0;11;;0;9;16;0;3;;1;0;0;24;;0;0;6;59;0;0;0;1;0;0;1;29;1;;
532681;Otvovice;598;388;385;49;0;0;22;;1;17;44;2;6;;5;2;1;34;;0;0;25;135;0;1;5;0;3;0;7;24;2;;
564192;Páleč;165;98;98;4;1;0;6;;0;10;13;1;0;;1;0;0;3;;0;0;0;45;0;1;1;0;0;0;1;11;0;;
532711;Pavlov;135;86;85;11;1;0;3;;1;4;12;0;1;;2;0;0;15;;1;1;10;7;0;0;3;0;0;2;1;10;0;;
532720;Pchery;1 556;930;922;86;0;1;78;;1;49;124;9;13;;22;2;2;92;;1;2;33;266;1;4;7;0;2;0;3;120;4;;
532738;Pletený Újezd;401;268;267;47;1;0;14;;0;17;25;2;1;;0;1;1;29;;0;0;15;71;1;0;7;1;2;1;1;29;1;;
564125;Plchov;158;104;104;4;1;0;5;;0;9;19;2;0;;0;0;0;13;;0;0;2;44;0;0;4;0;0;0;0;1;0;;
532754;Podlešín;253;152;150;13;0;0;17;;1;15;16;3;0;;4;1;0;14;;0;0;4;41;0;0;5;0;0;0;0;15;1;;
564087;Poštovice;176;115;114;7;0;0;2;;0;5;12;0;1;;0;0;0;11;;0;0;1;42;0;0;7;0;0;1;2;22;1;;
532762;Pozdeň;336;228;227;24;0;0;23;;0;9;31;3;3;;2;1;1;15;;0;0;14;84;0;1;3;0;0;0;0;13;0;;
532771;Přelíc;317;198;198;15;0;0;10;;0;13;14;2;5;;4;0;1;24;;0;1;11;79;0;0;1;0;3;1;0;13;1;;
532797;Řisuty;290;194;193;20;0;0;6;;2;13;13;1;3;;11;1;0;31;;0;0;3;42;0;0;6;0;3;0;1;34;3;;
532801;Sazená;257;159;158;13;0;0;5;;0;8;19;1;3;;4;1;0;20;;0;0;2;43;0;1;5;0;0;1;0;32;0;;
532819;Slaný;12 020;6 948;6 919;857;11;4;511;;5;411;569;113;39;;171;8;11;791;;1;6;333;2 126;6;15;134;0;44;13;28;691;21;;
532827;Slatina;448;291;289;32;0;0;16;;0;26;41;2;0;;4;0;0;24;;0;0;7;91;0;0;8;0;3;0;2;32;1;;
532835;Smečno;1 472;790;787;99;1;1;54;;2;68;83;13;6;;9;0;0;68;;0;1;31;211;2;3;25;1;7;3;0;98;1;;
532851;Stehelčeves;616;392;391;63;1;0;15;;1;34;44;7;2;;5;0;0;51;;0;1;27;82;0;1;6;0;4;0;0;47;0;;
532860;Stochov;4 432;2 325;2 310;186;2;0;267;;3;151;228;17;43;;39;1;1;203;;3;2;56;716;2;4;40;2;15;4;6;314;5;;
599441;Stradonice;95;45;45;5;0;0;3;;0;0;8;0;0;;1;0;0;2;;0;0;1;15;0;1;1;0;0;0;0;8;0;;
551457;Studeněves;357;215;215;31;1;0;5;;0;17;16;1;3;;3;0;0;29;;0;0;11;68;0;0;12;0;3;0;1;14;0;;
599433;Svárov;429;306;303;52;0;0;12;;0;46;10;2;1;;8;1;0;47;;0;1;25;54;1;0;10;0;2;0;0;31;0;;
532908;Svinařov;578;364;359;47;2;0;42;;0;11;38;2;2;;3;2;0;32;;0;0;13;116;1;2;4;0;3;0;0;38;1;;
532916;Šlapanice;143;79;79;11;0;0;14;;0;1;11;2;2;;0;0;0;6;;0;0;5;18;0;0;2;0;0;0;0;7;0;;
532959;Třebichovice;471;283;283;34;1;0;8;;0;13;31;2;4;;2;0;0;25;;0;0;12;116;0;0;4;1;3;1;3;22;1;;
532967;Třebíz;190;144;143;27;0;0;8;;0;5;14;2;2;;1;0;1;18;;0;0;5;46;0;0;1;0;0;0;0;13;0;;
532975;Třebusice;418;246;242;19;0;0;14;;0;11;30;5;1;;3;0;0;21;;0;1;6;87;0;0;4;0;1;1;1;36;1;;
532983;Tuchlovice;1 983;1 314;1 305;169;2;2;71;;1;184;121;23;8;;17;2;0;134;;0;0;47;366;2;1;18;0;3;2;1;127;4;;
532177;Tuřany;479;293;292;25;0;0;17;;1;12;32;6;2;;4;0;1;39;;0;7;5;94;0;0;3;0;0;0;1;43;0;;
533009;Uhy;288;148;148;16;0;0;8;;1;10;18;4;1;;3;0;1;17;;0;0;4;46;0;0;0;0;3;0;1;14;1;;
533017;Unhošť;3 626;2 396;2 376;345;2;2;164;;3;114;153;38;13;;56;3;5;341;;1;3;242;608;3;4;68;0;15;2;3;183;5;;
533025;Velká Dobrá;1 365;995;988;175;1;0;53;;3;64;49;9;13;;13;1;0;122;;3;0;73;292;0;3;25;0;7;0;4;77;1;;
533033;Velké Přítočno;805;535;533;64;0;0;21;;0;26;39;9;3;;12;1;1;77;;0;0;33;156;0;0;9;3;5;0;1;72;1;;
533041;Velvary;2 472;1 448;1 440;161;5;0;129;;1;115;153;29;21;;14;3;1;130;;0;0;57;398;1;4;29;2;12;1;5;168;1;;
533050;Vinařice;1 984;1 223;1 219;98;0;2;93;;3;42;128;13;14;;20;4;1;140;;1;0;46;432;1;6;12;0;8;4;9;138;4;;
533068;Vraný;580;309;308;18;1;1;26;;0;19;35;2;5;;9;0;0;29;;0;0;5;110;0;1;13;0;0;0;0;34;0;;
571431;Vrbičany;187;88;88;3;2;1;7;;0;0;20;1;0;;0;0;0;8;;0;0;0;34;0;0;0;0;1;0;0;11;0;;
571598;Zájezd;92;58;57;10;0;0;2;;0;5;3;0;2;;2;1;0;2;;0;0;1;19;0;0;0;0;0;0;2;8;0;;
533092;Zákolany;454;287;287;29;0;0;20;;1;32;32;5;1;;3;0;1;39;;0;2;16;62;0;0;10;0;5;0;0;29;0;;
571423;Zichovec;119;105;105;16;0;0;10;;0;17;6;3;0;;1;0;0;9;;0;0;3;33;0;1;4;0;0;0;0;2;0;;
533114;Zlonice;1 806;881;876;70;1;0;60;;2;39;105;13;15;;15;1;0;61;;1;0;19;309;2;2;16;0;5;2;8;128;2;;
533122;Zvoleněves;701;364;364;36;1;0;26;;0;6;43;6;0;;7;0;0;43;;0;0;16;118;0;0;7;0;1;0;0;54;0;;
599425;Želenice;151;91;91;1;0;0;10;;0;2;11;1;1;;0;0;0;11;;0;0;4;39;0;0;5;0;1;0;0;5;0;;
533149;Žilina;645;427;425;48;0;0;29;;0;29;54;6;3;;11;1;0;49;;0;0;19;103;1;2;10;0;2;1;0;56;1;;
533157;Žižice;487;298;296;43;1;0;16;;0;17;27;3;3;;1;1;0;40;;0;0;6;107;0;1;0;0;0;2;1;27;0;;
533173;Barchovice;185;132;132;8;0;0;11;;0;14;11;0;0;;2;1;0;27;;0;0;8;37;0;2;2;0;1;0;1;7;0;;
533181;Bečváry;822;492;491;41;0;1;32;;0;94;48;3;3;;3;0;0;34;;0;0;10;167;0;3;6;0;2;0;2;41;1;;
533190;Bělušice;229;123;123;9;0;0;12;;0;16;18;0;1;;0;0;0;8;;0;0;0;46;0;0;1;0;0;0;0;12;0;;
533211;Břežany I;251;147;147;9;0;0;4;;0;34;5;2;4;;2;0;0;7;;0;0;1;51;0;0;11;0;0;0;0;16;1;;
533220;Břežany II;567;328;328;42;2;0;22;;0;31;19;7;7;;6;0;0;48;;1;0;16;91;0;0;8;0;3;2;1;20;2;;
533238;Býchory;455;306;305;23;1;0;16;;0;90;29;1;1;;4;0;0;12;;0;0;7;92;0;0;2;0;3;0;0;24;0;;
533246;Cerhenice;1 327;807;800;60;0;0;147;;2;86;66;7;7;;14;0;0;69;;0;1;9;232;0;0;23;1;3;0;0;72;1;;
599476;Církvice;133;86;86;1;0;0;7;;0;22;10;1;0;;0;0;0;0;;0;0;2;27;0;0;0;0;1;0;0;15;0;;
533262;Červené Pečky;1 434;911;905;80;1;0;46;;0;263;66;5;7;;11;2;1;63;;1;0;37;219;0;0;15;0;3;0;2;83;0;;
533271;Český Brod;5 481;3 347;3 330;501;3;1;209;;2;274;212;41;22;;52;0;8;433;;2;3;258;868;3;0;123;3;22;3;4;276;7;;
533289;Dobřichov;607;391;389;36;0;1;44;;0;58;51;4;3;;8;0;0;42;;1;1;15;94;0;1;2;0;0;1;0;24;3;;
533297;Dolní Chvatliny;358;196;195;10;0;1;11;;1;36;36;0;6;;3;0;0;13;;0;1;3;55;0;0;2;0;2;1;0;13;1;;
513181;Dománovice;104;66;66;3;0;0;0;;0;20;8;0;0;;1;0;0;5;;0;0;1;20;0;0;2;0;0;0;0;6;0;;
533301;Doubravčice;490;325;325;54;1;0;17;;0;23;14;3;2;;2;1;1;50;;0;0;25;97;1;1;11;0;0;2;0;20;0;;
564681;Drahobudice;202;129;129;13;0;0;6;;0;27;15;0;0;;1;0;0;9;;0;0;4;34;0;0;1;0;0;0;0;19;0;;
599450;Grunta;71;56;56;1;0;0;2;;0;8;6;0;0;;0;0;0;3;;0;0;0;24;0;0;4;0;0;1;2;5;0;;
533327;Horní Kruty;400;222;221;32;1;0;8;;0;32;29;0;2;;5;1;0;11;;0;0;9;63;0;0;5;0;2;0;0;17;4;;
564800;Hradešín;326;213;211;33;1;0;13;;0;13;5;3;0;;9;0;0;28;;1;0;25;49;0;0;10;0;1;0;1;18;1;;
534994;Choťovice;157;104;103;15;0;0;4;;0;18;14;1;1;;1;0;0;9;;0;0;0;33;0;0;2;0;0;0;1;4;0;;
533343;Chotutice;396;248;244;41;0;0;20;;0;42;23;0;0;;1;0;0;23;;0;0;11;61;0;0;0;0;1;0;0;21;0;;
533351;Chrášťany;559;313;313;15;1;0;28;;0;31;22;1;2;;8;1;2;39;;0;0;6;103;1;1;11;0;1;0;0;36;4;;
533360;Jestřabí Lhota;377;255;255;24;0;0;18;;0;80;16;1;7;;2;1;0;17;;0;0;3;62;0;0;4;0;4;0;0;15;1;;
513415;Kbel;172;112;112;7;0;1;5;;0;34;7;1;0;;1;0;0;10;;0;0;3;33;0;1;4;0;0;1;0;4;0;;
571687;Klášterní Skalice;110;78;77;4;0;0;9;;0;13;4;1;0;;0;0;0;4;;0;0;4;31;0;1;1;0;0;3;1;1;0;;
533386;Klučov;790;451;450;38;0;0;41;;0;43;22;5;2;;10;1;0;42;;0;1;33;151;0;0;9;0;6;2;0;41;3;;
533165;Kolín;24 468;14 830;14 765;1 275;24;8;851;;6;3 997;1 017;124;55;;167;12;20;1 082;;3;5;478;4 001;6;23;275;0;91;14;14;1 189;28;;
533394;Konárovice;699;424;422;32;3;0;23;;0;98;22;4;2;;3;0;0;26;;1;0;10;138;0;0;3;0;1;1;0;51;4;;
533408;Kořenice;508;310;309;21;1;0;12;;1;51;34;1;1;;6;1;0;25;;0;0;2;114;0;1;4;0;1;2;1;30;0;;
533424;Kouřim;1 534;952;948;121;6;0;50;;0;130;94;7;3;;14;1;0;88;;0;0;37;290;0;2;18;0;8;2;5;67;5;;
533441;Krakovany;649;419;418;50;1;0;19;;0;36;38;2;3;;3;1;0;43;;0;0;6;156;0;0;28;0;1;0;1;28;2;;
533459;Krupá;324;197;195;7;0;0;10;;0;19;26;3;3;;5;0;0;22;;0;0;11;68;0;1;3;0;1;0;1;15;0;;
599484;Krychnov;90;75;75;6;0;0;6;;0;12;6;1;1;;0;0;0;6;;0;0;2;16;0;0;3;0;0;0;0;16;0;;
533467;Křečhoř;385;233;231;23;0;0;11;;0;58;33;0;2;;1;0;1;23;;0;0;7;56;0;1;5;0;1;0;0;9;0;;
571717;Kšely;186;119;118;18;0;0;9;;0;3;7;0;1;;7;0;0;9;;0;0;10;38;0;0;0;0;1;0;0;15;0;;
533475;Libenice;255;148;148;4;0;0;6;;0;27;12;2;2;;1;0;0;10;;0;0;14;46;0;0;4;0;2;0;1;17;0;;
533483;Libodřice;228;161;160;14;1;0;6;;0;26;23;0;0;;0;0;0;19;;0;0;2;49;1;1;0;0;0;2;0;14;2;;
513270;Lipec;149;101;101;2;0;0;6;;0;14;16;0;2;;0;0;0;6;;0;0;2;32;0;0;0;0;0;0;0;21;0;;
533505;Lošany;254;136;136;14;0;0;7;;0;42;17;0;3;;1;0;0;3;;0;0;1;32;0;0;1;0;0;0;1;12;2;;
533513;Malotice;265;188;187;7;0;0;7;;0;30;19;0;2;;2;0;0;22;;0;0;7;64;0;2;2;0;3;1;4;14;1;;
564702;Masojedy;72;47;45;14;0;0;1;;0;3;1;0;2;;2;0;0;5;;0;0;4;9;0;0;1;0;0;0;2;1;0;;
513288;Mrzky;126;79;79;12;0;0;7;;0;4;7;1;0;;0;0;1;8;;0;0;1;27;0;0;1;0;0;0;2;6;2;;
533521;Nebovidy;533;387;385;34;0;0;28;;1;90;31;4;1;;7;0;1;24;;0;0;10;103;0;0;5;0;1;0;1;43;1;;
571636;Němčice;286;161;159;7;0;0;9;;0;28;20;1;2;;3;0;0;6;;0;0;5;56;0;0;7;0;0;0;2;13;0;;
533530;Nová Ves I;973;619;614;59;0;0;38;;0;135;56;8;5;;12;1;0;32;;2;0;15;177;0;0;13;0;6;0;0;54;1;;
533556;Ohaře;242;142;140;8;0;0;8;;0;20;19;2;1;;3;0;0;17;;0;0;2;40;0;0;9;0;0;0;1;9;1;;
533572;Ovčáry;623;401;400;32;1;0;27;;0;91;45;1;4;;4;0;1;19;;0;0;7;120;0;1;8;0;1;0;0;34;4;;
513423;Pašinka;288;175;174;12;0;1;4;;0;34;13;1;2;;1;0;0;26;;0;0;4;55;0;1;6;0;0;0;0;14;0;;
537641;Pečky;3 640;2 266;2 253;247;6;0;164;;0;242;254;24;18;;34;1;2;217;;1;2;88;637;0;1;55;1;10;4;4;234;7;;
533581;Plaňany;1 411;742;735;56;13;0;49;;0;103;106;8;7;;13;1;1;43;;0;0;23;223;0;3;8;2;0;0;0;73;3;;
537675;Pňov-Předhradí;447;279;279;18;0;0;24;;0;49;25;2;2;;2;0;0;18;;0;0;8;88;0;1;17;0;0;0;1;24;0;;
533599;Polepy;551;390;389;35;0;0;16;;0;93;24;4;0;;5;0;0;43;;0;0;15;114;1;0;9;0;1;0;0;29;0;;
513237;Polní Chrčice;144;99;98;7;0;0;6;;0;18;7;1;2;;4;0;0;7;;0;0;2;36;0;1;0;0;0;0;0;7;0;;
513148;Polní Voděrady;134;91;91;5;1;0;9;;0;13;12;1;0;;0;1;0;6;;0;0;2;29;0;0;2;0;0;0;0;10;0;;
537705;Poříčany;1 156;799;795;97;3;0;43;;2;64;46;18;16;;14;1;0;88;;0;0;47;260;0;2;26;0;7;1;1;57;2;;
513369;Přehvozdí;218;159;158;21;1;0;7;;1;17;9;1;2;;1;0;0;18;;0;0;9;45;0;1;0;0;1;1;0;20;3;;
513393;Přistoupim;355;233;230;23;2;0;12;;0;14;13;2;0;;1;0;0;34;;0;0;13;86;0;0;6;0;2;1;0;20;1;;
533611;Přišimasy;605;362;361;50;1;4;15;;1;31;13;4;0;;7;0;1;57;;0;0;34;79;0;0;14;0;1;3;0;46;0;;
533629;Radim;945;599;594;38;4;0;40;;0;87;71;5;4;;15;0;4;52;;0;0;19;156;1;1;12;0;4;3;0;74;4;;
533637;Radovesnice I;296;222;221;31;0;0;20;;0;50;18;1;0;;3;0;1;16;;0;0;11;50;0;1;2;0;0;1;0;16;0;;
533645;Radovesnice II;405;249;248;15;0;0;37;;1;27;35;1;1;;0;0;0;17;;0;0;13;66;0;1;2;0;3;0;0;29;0;;
533653;Ratboř;468;317;315;29;0;0;31;;0;49;25;1;0;;0;0;0;37;;0;0;15;98;0;0;2;1;7;0;0;20;0;;
537748;Ratenice;470;286;282;23;1;0;20;;0;40;30;4;2;;2;0;0;27;;0;0;13;83;0;1;7;0;0;1;0;28;0;;
533661;Rostoklaty;385;222;219;37;1;0;17;;0;18;16;4;0;;5;0;0;32;;0;0;10;58;0;1;2;0;4;0;1;13;0;;
533696;Skvrňov;160;105;105;8;0;0;13;;0;7;12;0;0;;0;0;0;10;;0;0;12;32;0;0;2;0;0;0;1;8;0;;
533700;Starý Kolín;1 265;799;780;81;3;0;64;;1;123;53;3;6;;7;0;0;56;;0;0;18;246;0;0;15;0;4;0;0;99;1;;
533726;Svojšice;461;236;236;13;0;0;14;;0;32;24;4;1;;0;2;0;18;;0;1;4;90;0;0;5;0;4;0;2;20;2;;
537888;Tatce;501;329;327;32;3;0;31;;0;33;37;2;6;;3;1;0;25;;0;0;17;76;0;1;9;0;1;1;0;45;4;;
533734;Tismice;401;215;215;32;2;1;8;;0;13;11;1;1;;2;0;0;21;;0;0;13;80;0;0;7;0;4;1;1;16;1;;
533742;Toušice;326;200;199;9;0;1;27;;0;27;32;9;0;;2;0;1;10;;0;0;13;42;0;0;3;0;1;1;1;20;0;;
533751;Třebovle;385;251;251;37;0;0;14;;0;32;32;1;6;;3;0;1;24;;0;0;11;70;0;0;2;0;0;0;0;17;1;;
533769;Tři Dvory;792;555;554;46;0;0;47;;1;124;60;1;1;;6;0;0;31;;0;0;13;162;0;1;6;0;0;0;0;50;5;;
533777;Tuchoraz;343;193;193;17;0;0;9;;0;12;12;4;3;;3;0;0;31;;0;0;8;77;0;0;2;0;1;1;0;13;0;;
533785;Tuklaty;732;491;487;67;2;0;23;;0;54;26;4;1;;11;1;0;62;;0;0;38;113;0;0;20;1;7;1;3;53;0;;
533807;Týnec nad Labem;1 661;1 070;1 063;88;2;1;82;;3;189;113;8;4;;13;7;2;93;;0;0;29;312;0;11;21;2;3;1;0;78;1;;
533815;Uhlířská Lhota;316;225;225;11;0;0;17;;0;14;25;1;4;;5;1;0;11;;0;0;7;84;0;0;8;0;5;0;0;31;1;;
533823;Veletov;202;122;122;10;0;0;9;;0;22;12;0;2;;1;0;0;8;;0;0;4;26;0;2;5;0;0;0;0;21;0;;
533831;Velim;1 698;1 099;1 087;108;1;0;84;;0;193;76;11;7;;12;1;1;93;;0;2;30;306;0;1;49;0;7;4;1;97;3;;
533840;Velký Osek;1 854;1 191;1 187;103;6;0;108;;1;159;68;19;4;;29;0;1;126;;0;1;39;356;0;2;28;1;24;0;6;101;5;;
533858;Veltruby;1 143;755;750;55;23;0;41;;0;153;55;8;2;;13;0;0;64;;0;1;25;205;0;1;13;0;2;0;0;76;13;;
533866;Vitice;872;471;470;54;2;0;29;;4;38;81;6;5;;3;2;0;54;;0;1;14;121;1;0;3;0;1;2;2;47;0;;
533882;Volárna;412;236;236;11;0;0;35;;0;49;19;0;0;;1;0;0;8;;1;0;4;78;0;2;0;0;0;0;1;27;0;;
564826;Vrátkov;213;134;134;14;0;0;15;;2;12;7;1;3;;1;1;0;17;;0;0;9;33;0;0;4;0;3;0;0;11;1;;
533891;Vrbčany;290;167;167;3;10;0;11;;0;24;45;1;5;;1;0;1;7;;0;1;3;28;0;0;2;0;0;0;0;25;0;;
513202;Zalešany;93;58;57;6;1;0;1;;1;5;5;0;0;;0;0;0;6;;0;0;2;24;0;1;0;0;0;0;1;4;0;;
533921;Zásmuky;1 516;895;889;86;3;0;61;;0;131;114;9;2;;27;0;0;81;;0;1;33;223;1;4;11;0;3;2;1;94;2;;
513261;Žabonosy;199;125;125;13;2;0;12;;0;14;21;0;5;;0;1;0;8;;0;0;1;35;0;0;3;0;0;0;0;10;0;;
513164;Ždánice;287;209;207;28;0;0;9;;1;30;14;1;0;;3;1;0;9;;1;0;9;61;0;3;4;0;2;0;1;29;1;;
538035;Žehuň;381;238;238;14;2;0;19;;0;24;17;1;2;;1;0;0;15;;0;0;14;95;0;1;0;0;1;2;1;28;1;;
533947;Žiželice;1 106;643;635;56;7;2;53;;0;62;70;6;2;;12;3;1;46;;10;0;8;197;0;2;15;0;3;0;0;78;2;;
531367;Adamov;102;74;72;5;0;0;9;;0;8;14;0;2;;0;0;0;7;;0;0;0;21;0;0;2;0;0;0;0;4;0;;
531111;Bernardov;157;89;89;5;0;0;1;;0;7;14;0;1;;1;0;0;11;;1;0;0;30;0;2;1;0;1;0;1;11;2;;
533971;Bílé Podolí;502;299;299;18;1;0;30;;0;30;24;1;5;;2;0;0;11;;0;0;4;136;0;1;3;0;0;1;2;30;0;;
530964;Bludov;28;23;23;5;0;0;3;;0;2;1;0;0;;0;0;0;4;;0;0;0;5;0;0;1;0;0;0;0;2;0;;
533980;Bohdaneč;337;214;214;12;0;0;16;;0;11;17;0;1;;0;0;0;15;;0;0;7;105;0;0;6;0;0;0;0;22;2;;
530832;Brambory;97;63;62;10;0;0;3;;0;3;4;0;0;;0;0;0;1;;0;0;0;36;0;0;0;0;3;0;0;2;0;;
531286;Bratčice;332;224;222;20;0;1;21;;0;18;11;1;1;;2;0;0;23;;0;0;7;82;0;3;13;0;1;0;0;17;1;;
533998;Církvice;1 008;650;642;59;3;1;87;;0;81;59;0;3;;4;0;0;55;;0;1;13;176;0;0;18;0;2;2;1;77;0;;
534005;Čáslav;8 029;4 866;4 833;429;16;5;718;;2;352;403;43;29;;53;4;9;499;;3;2;197;1 415;1;11;171;3;28;7;12;410;11;;
529524;Čejkovice;34;29;29;1;0;0;1;;0;4;2;0;0;;0;0;0;0;;0;0;1;8;0;1;4;0;0;0;0;7;0;;
534013;Černíny;331;226;225;18;0;0;13;;0;28;40;2;2;;2;1;0;13;;0;0;3;69;0;1;9;0;5;0;0;18;1;;
534021;Červené Janovice;558;355;347;33;1;0;51;;0;35;43;1;2;;1;0;1;28;;0;0;4;90;0;0;19;0;0;2;1;34;1;;
534030;Čestín;387;242;239;25;0;0;13;;0;30;15;1;1;;1;0;0;18;;0;0;9;92;0;0;2;0;1;1;0;30;0;;
529559;Dobrovítov;98;67;67;2;0;0;9;;0;10;5;1;4;;0;0;0;6;;0;0;2;19;0;0;1;0;0;3;0;5;0;;
531260;Dolní Pohleď;75;46;45;3;0;0;4;;0;2;9;0;0;;0;0;0;6;;0;0;0;8;0;0;6;0;1;0;0;6;0;;
531341;Drobovice;328;219;218;7;1;0;30;;0;13;28;4;4;;0;0;0;20;;0;0;2;91;0;0;3;0;2;0;0;11;2;;
531197;Hlízov;450;309;307;34;1;2;22;;0;52;18;1;0;;5;0;0;35;;0;0;8;78;0;0;12;0;4;0;0;34;1;;
531430;Horka I;327;207;206;29;0;0;9;;0;20;19;2;2;;2;0;0;8;;0;1;5;78;0;0;6;1;1;0;0;22;1;;
534056;Horka II;346;216;216;15;0;0;21;;0;24;19;5;1;;4;0;1;20;;0;0;4;64;0;1;3;0;0;0;1;33;0;;
531359;Horky;319;185;183;29;0;0;26;;0;9;18;1;1;;4;0;0;16;;1;0;8;53;0;2;6;0;0;0;0;8;1;;
531481;Horušice;152;91;90;8;0;0;12;;0;7;6;0;2;;1;0;0;3;;0;0;2;43;0;0;1;0;0;0;0;5;0;;
534064;Hostovlice;200;121;118;12;2;0;14;;0;7;14;0;4;;1;1;0;4;;0;0;0;40;0;0;5;0;0;0;2;12;0;;
531413;Hraběšín;102;66;66;4;0;0;3;;0;5;10;0;0;;1;0;0;7;;0;0;0;32;0;0;1;0;0;0;0;3;0;;
534081;Chabeřice;216;137;137;16;0;0;6;;0;13;9;0;1;;0;0;0;13;;0;0;5;54;0;0;4;0;1;0;0;15;0;;
534099;Chlístovice;607;369;368;21;4;0;19;;0;43;79;1;3;;3;1;0;41;;0;0;5;110;1;0;8;0;1;1;1;26;0;;
534102;Chotusice;564;353;351;17;1;0;33;;0;23;28;4;2;;6;0;0;43;;0;0;12;138;0;2;12;0;1;0;1;28;0;;
534129;Kácov;659;427;424;50;3;0;58;;0;42;19;2;2;;2;0;0;39;;0;0;19;117;0;1;21;0;0;4;0;44;1;;
534137;Kluky;392;254;254;23;0;0;26;;0;22;16;1;3;;0;0;0;31;;0;0;4;104;0;0;3;0;1;3;0;17;0;;
531405;Kobylnice;153;88;86;9;0;0;6;;0;9;12;0;1;;2;0;0;10;;0;0;2;22;0;0;1;0;0;0;0;12;0;;
551465;Košice;42;28;27;1;0;0;1;;0;5;1;0;0;;1;0;0;2;;0;0;4;3;0;0;3;0;0;0;0;6;0;;
534153;Krchleby;319;183;183;8;0;0;21;;0;15;17;3;1;;1;0;2;14;;1;0;10;62;0;0;3;0;1;0;1;21;2;;
534161;Křesetice;528;300;298;34;1;0;27;;0;17;21;1;3;;2;4;0;34;;0;0;7;106;0;0;17;0;1;0;1;22;0;;
533955;Kutná Hora;16 219;9 916;9 862;1 068;41;7;743;;4;1 117;754;94;74;;142;13;10;1 006;;5;8;518;2 784;3;22;461;3;55;16;6;891;17;;
534170;Ledečko;149;105;102;8;1;0;8;;0;16;3;2;0;;0;0;0;11;;0;0;0;37;0;0;2;0;1;2;0;10;1;;
534188;Malešov;815;529;525;61;3;1;41;;0;55;57;3;2;;5;0;0;51;;0;0;20;156;0;4;12;0;2;0;1;50;1;;
534200;Miskovice;832;545;541;63;1;2;26;;0;88;39;4;5;;3;3;0;70;;0;0;15;152;1;2;19;0;3;0;2;43;0;;
530999;Močovice;318;193;192;15;3;0;18;;0;17;13;1;0;;1;0;0;21;;0;1;7;61;0;0;11;0;1;0;0;22;0;;
534226;Nepoměřice;165;110;108;9;0;0;18;;0;14;7;1;2;;0;0;0;9;;0;1;0;33;0;0;0;0;0;2;0;12;0;;
534242;Nové Dvory;692;407;405;48;0;0;23;;0;53;44;2;3;;1;0;0;39;;0;0;17;115;0;2;13;0;0;0;0;42;3;;
534251;Okřesaneč;159;105;105;4;0;0;11;;0;4;26;1;1;;1;0;0;11;;0;0;1;38;0;0;2;0;1;1;0;3;0;;
534277;Onomyšl;253;179;176;9;1;0;14;;0;15;9;2;3;;2;0;0;13;;0;0;3;80;0;0;5;0;1;0;0;19;0;;
530956;Opatovice I;116;81;80;13;0;0;16;;0;15;0;0;0;;1;0;0;5;;0;0;4;19;0;0;2;0;0;0;0;5;0;;
531278;Paběnice;164;107;106;13;1;0;23;;2;13;13;0;1;;0;0;0;10;;0;0;4;18;0;0;4;0;0;0;1;3;0;;
534307;Pertoltice;148;94;94;5;0;1;11;;0;11;24;0;1;;0;0;0;3;;0;0;0;26;1;1;1;0;0;0;1;8;0;;
534315;Petrovice I;237;133;132;11;0;0;21;;0;7;10;0;2;;1;0;0;9;;3;0;8;36;0;0;6;0;0;0;0;17;1;;
534323;Petrovice II;104;61;60;6;0;0;7;;0;6;10;0;0;;0;0;0;5;;0;0;2;15;0;0;1;0;0;0;0;8;0;;
528196;Podveky;166;105;105;13;0;0;11;;0;6;12;0;0;;0;0;0;4;;0;0;7;37;0;0;7;0;0;0;0;8;0;;
534331;Potěhy;499;320;318;18;1;0;54;;0;14;30;4;2;;2;0;0;26;;0;0;5;112;1;0;6;0;0;1;0;39;3;;
534340;Rašovice;312;176;176;15;0;0;10;;0;20;12;0;0;;1;0;0;17;;0;0;4;63;0;0;5;0;1;0;1;27;0;;
534358;Rataje nad Sázavou;478;286;286;23;3;0;23;;0;31;30;5;3;;0;0;0;31;;0;0;11;90;0;0;13;0;1;0;2;20;0;;
526622;Rohozec;246;163;162;13;0;0;7;;0;20;17;0;3;;5;0;0;15;;0;0;7;64;0;0;2;0;0;0;0;9;0;;
534366;Řendějov;202;130;129;8;1;0;9;;0;10;18;1;1;;0;0;0;10;;0;0;5;42;0;2;3;0;0;0;0;19;0;;
534374;Samopše;141;98;98;6;6;0;10;;0;9;9;1;0;;0;0;0;13;;0;0;1;36;0;0;0;0;0;0;1;5;1;;
530859;Semtěš;223;156;155;9;1;0;21;;0;14;14;0;4;;2;0;0;13;;0;0;10;50;0;0;4;0;0;1;1;11;0;;
531383;Schořov;70;46;46;4;1;0;4;;0;4;8;3;0;;0;0;0;5;;0;0;0;9;0;0;0;0;1;0;0;6;1;;
534391;Slavošov;129;78;77;5;0;0;13;;0;3;11;1;0;;1;0;0;6;;0;0;1;28;0;0;1;0;2;0;0;5;0;;
534293;Soběšín;145;99;99;9;2;0;7;;0;5;8;0;0;;0;0;0;10;;0;0;1;52;0;0;0;0;0;0;0;5;0;;
531065;Souňov;112;84;84;3;0;0;31;;0;2;1;0;0;;0;0;0;7;;0;1;1;21;0;0;4;0;0;0;0;13;0;;
534412;Staňkovice;221;155;153;14;0;0;18;;0;16;10;1;1;;2;0;2;9;;1;0;7;57;0;1;3;0;0;1;0;10;0;;
530875;Starkoč;130;91;90;1;0;0;4;;0;33;10;0;0;;0;0;0;8;;0;0;2;20;0;0;1;0;0;0;0;10;1;;
531391;Sudějov;64;45;45;1;0;0;2;;0;9;4;1;0;;1;0;0;7;;0;0;1;12;0;0;1;0;0;0;0;6;0;;
534439;Suchdol;949;624;623;98;2;0;49;;1;70;49;7;3;;1;0;0;56;;0;0;14;198;0;0;7;0;3;1;1;60;3;;
534196;Svatý Mikuláš;697;444;442;36;7;0;23;;1;39;75;3;6;;6;0;2;22;;0;0;15;147;0;2;4;0;1;0;1;49;3;;
531421;Šebestěnice;82;59;59;4;0;0;7;;0;9;3;0;0;;0;0;0;1;;0;0;3;18;0;0;4;0;0;1;0;9;0;;
530930;Štipoklasy;118;75;75;6;0;0;13;;0;5;3;0;1;;1;0;0;5;;0;0;0;23;0;0;4;0;0;1;0;13;0;;
530981;Třebešice;202;95;93;0;0;0;8;;0;11;13;3;0;;0;0;0;14;;0;0;0;36;0;0;1;0;0;0;1;6;0;;
530972;Třebětín;92;53;53;8;0;0;5;;0;2;4;1;1;;0;0;0;2;;0;0;0;22;0;0;3;0;0;0;0;4;1;;
571741;Třebonín;122;78;78;7;0;0;10;;0;4;3;1;1;;0;0;0;11;;0;0;1;27;0;0;10;0;0;0;0;3;0;;
534480;Tupadly;508;311;310;20;0;0;24;;0;41;29;1;1;;7;0;0;15;;0;1;12;121;0;1;2;0;0;2;0;33;0;;
534498;Uhlířské Janovice;2 505;1 500;1 494;123;6;3;142;;0;193;105;13;12;;12;9;3;129;;0;1;30;501;1;2;42;0;8;9;0;146;4;;
534501;Úmonín;403;246;243;19;0;1;20;;0;23;14;1;1;;1;1;0;18;;0;2;4;98;0;0;19;0;3;0;0;16;2;;
534510;Úžice;532;350;348;23;1;0;29;;1;17;30;2;7;;4;0;1;56;;0;0;7;112;1;1;8;0;0;0;0;47;1;;
534528;Vavřinec;421;265;264;26;4;0;14;;0;24;27;1;1;;2;2;0;13;;0;0;10;102;0;0;7;0;0;0;0;31;0;;
534536;Vidice;187;114;113;17;0;0;5;;0;5;14;1;1;;4;0;0;20;;0;0;3;30;0;0;5;0;0;0;0;8;0;;
534544;Vinaře;211;117;117;5;0;0;8;;0;7;16;2;1;;3;0;0;5;;0;0;4;51;0;0;2;0;0;1;0;11;1;;
534552;Vlačice;204;118;118;7;0;1;10;;0;7;17;0;0;;0;0;0;11;;0;0;3;39;0;2;6;0;0;0;1;14;0;;
534561;Vlastějovice;383;215;211;33;0;0;32;;0;15;11;2;4;;0;0;0;27;;0;0;4;61;0;0;9;0;0;0;0;13;0;;
534579;Vlkaneč;520;345;345;26;0;0;38;;0;24;30;6;1;;2;0;0;23;;0;0;15;121;0;2;24;0;1;0;0;30;2;;
531014;Vodranty;72;51;51;0;0;0;10;;0;4;7;1;0;;0;0;0;4;;0;0;2;15;0;0;1;0;0;0;0;6;1;;
534587;Vrdy;2 347;1 362;1 360;109;3;1;127;;1;119;147;7;9;;10;2;1;115;;0;0;33;491;3;0;16;0;7;0;2;149;8;;
534595;Záboří nad Labem;674;430;429;26;0;0;34;;0;79;52;1;6;;8;0;0;26;;1;0;11;134;0;1;11;0;1;2;0;36;0;;
534609;Zbizuby;373;233;233;20;0;0;26;;1;21;20;0;1;;1;0;0;13;;0;0;3;76;1;0;11;0;1;0;0;38;0;;
534617;Zbraslavice;1 130;679;674;79;0;0;55;;1;60;63;2;1;;10;0;4;54;;1;3;31;229;0;0;18;1;0;0;0;60;2;;
534625;Zbýšov;536;332;330;22;3;0;41;;0;27;38;3;3;;2;0;0;27;;0;0;6;110;0;3;10;0;0;2;0;33;0;;
534633;Zruč nad Sázavou;3 865;2 216;2 195;182;5;0;204;;4;210;177;27;23;;17;4;2;234;;0;1;66;763;1;5;58;0;13;2;8;183;6;;
534641;Žáky;289;167;167;13;0;0;23;;2;11;18;0;10;;3;0;0;7;;0;0;4;63;0;0;5;0;0;0;0;8;0;;
534650;Žehušice;613;367;365;36;0;0;26;;1;35;21;5;3;;9;1;0;33;;0;0;7;135;0;2;13;0;3;0;0;34;1;;
534668;Žleby;1 091;585;584;59;0;1;52;;0;38;56;4;3;;5;0;0;39;;1;0;8;216;1;2;9;0;0;0;1;88;1;;
534714;Býkev;341;212;210;14;0;0;20;;0;7;24;5;1;;9;0;0;14;;0;0;9;73;1;0;2;0;0;1;2;28;0;;
534722;Byšice;1 061;630;626;96;3;1;31;;0;38;50;4;7;;11;0;1;68;;0;0;20;182;0;5;18;0;3;4;3;77;4;;
534731;Cítov;923;575;569;52;1;0;42;;1;39;52;2;2;;8;2;1;54;;0;3;26;159;0;1;20;0;3;1;2;95;3;;
598291;Čakovičky;461;321;320;64;0;0;14;;1;13;2;1;3;;10;1;0;49;;0;0;33;95;0;0;7;0;1;0;0;24;2;;
534749;Čečelice;513;296;295;36;1;1;26;;1;11;25;6;2;;6;0;0;46;;0;0;11;92;0;0;8;0;0;1;0;22;0;;
531570;Dobřeň;149;98;98;13;0;0;3;;0;8;3;3;3;;4;0;0;16;;1;0;9;19;0;0;5;0;1;0;1;9;0;;
539201;Dolany nad Vltavou;683;479;475;43;0;0;35;;0;59;42;2;2;;1;0;0;82;;0;3;33;121;0;0;17;0;3;0;2;28;2;;
534765;Dolní Beřkovice;1 154;644;642;92;0;0;55;;0;40;57;1;4;;11;1;1;56;;0;0;23;206;0;1;8;0;1;5;0;77;3;;
531987;Dolní Zimoř;70;49;48;2;0;0;0;;1;4;5;0;1;;2;0;0;2;;0;0;4;18;0;0;3;0;0;0;1;1;4;;
534773;Dřínov;366;197;194;12;1;0;8;;0;19;22;0;1;;1;0;0;29;;0;0;4;66;0;1;0;0;0;1;0;28;1;;
534790;Horní Počaply;966;554;547;67;0;0;48;;0;17;67;5;9;;8;1;0;40;;0;3;13;176;2;3;13;0;4;2;0;68;1;;
534803;Hořín;644;381;379;62;0;1;16;;0;24;38;4;3;;5;1;2;27;;1;1;9;122;0;0;4;0;7;1;2;48;1;;
531499;Hostín;238;154;154;30;0;0;8;;0;18;7;1;1;;4;0;0;17;;0;0;4;52;1;0;1;0;0;1;0;9;0;;
531928;Hostín u Vojkovic;273;139;139;24;0;0;13;;0;10;7;0;0;;1;0;1;8;;0;0;3;54;0;0;3;2;0;1;0;12;0;;
534820;Chlumín;395;213;212;14;1;0;5;;0;10;26;5;0;;4;0;0;23;;0;1;5;91;0;1;3;0;3;0;0;20;0;;
534838;Chorušice;442;244;244;30;0;0;12;;0;19;34;6;1;;0;0;0;15;;0;1;2;86;0;1;4;0;0;1;2;30;0;;
534846;Chvatěruby;433;261;261;27;0;0;11;;0;18;32;5;0;;4;2;0;28;;0;0;10;96;0;0;1;0;0;0;0;27;0;;
531871;Jeviněves;172;123;122;18;0;0;5;;0;8;20;5;3;;0;0;0;15;;0;0;0;33;0;0;4;0;1;0;0;10;0;;
531774;Kadlín;114;79;79;12;0;0;8;;0;2;17;1;0;;1;0;0;7;;0;0;0;18;0;0;0;0;0;0;0;12;1;;
531651;Kanina;72;50;50;4;0;0;1;;0;4;7;0;0;;1;0;0;2;;0;0;4;16;0;0;1;0;1;0;0;8;1;;
534897;Kly;1 117;674;673;80;1;0;35;;0;39;43;13;11;;16;2;1;82;;1;1;51;202;2;2;10;0;5;2;5;69;0;;
538345;Kojetice;599;378;375;57;1;0;17;;0;38;29;5;1;;6;0;0;44;;0;2;19;121;0;0;7;0;1;0;0;26;1;;
534901;Kokořín;318;183;181;20;0;0;16;;0;8;19;6;1;;10;0;0;17;;0;0;3;44;0;0;5;0;2;0;0;30;0;;
534935;Kostelec nad Labem;3 117;1 878;1 869;293;2;0;103;;0;92;102;22;11;;37;4;1;267;;1;0;88;563;2;2;28;0;19;2;7;214;9;;
571792;Kozomín;332;218;216;35;0;0;7;;0;10;15;4;1;;5;0;1;36;;0;1;11;59;0;1;3;0;4;0;1;21;1;;
534951;Kralupy nad Vltavou;14 099;8 202;8 164;1 008;17;6;532;;3;650;652;120;72;;144;10;8;1 146;;3;14;417;2 289;5;14;178;5;51;14;10;784;12;;
534978;Ledčice;511;269;267;34;1;0;29;;1;15;28;5;5;;2;0;2;32;;0;0;13;74;0;1;1;0;4;0;0;20;0;;
531898;Lhotka;236;174;173;30;1;0;11;;0;20;13;4;0;;0;0;0;25;;0;0;8;43;0;0;6;0;2;0;1;9;0;;
535001;Liběchov;837;454;451;41;0;1;24;;0;35;36;2;11;;10;0;0;59;;1;0;22;131;1;1;8;0;3;1;1;63;0;;
571784;Libiš;1 744;1 115;1 106;162;4;0;53;;0;68;65;17;6;;14;1;0;118;;0;1;55;339;1;3;28;0;7;1;2;157;4;;
531502;Liblice;385;208;206;19;0;0;7;;0;13;12;5;6;;4;0;2;12;;0;0;6;94;0;1;1;0;0;0;1;23;0;;
531677;Lobeč;126;78;77;15;0;0;1;;0;6;6;0;0;;1;0;0;22;;0;0;1;20;0;0;1;0;0;0;0;4;0;;
535028;Lužec nad Vltavou;1 140;582;577;77;1;0;32;;0;25;83;9;4;;10;1;0;47;;0;1;26;176;2;1;7;0;2;1;2;70;0;;
535036;Malý Újezd;798;502;500;82;0;0;28;;0;64;42;5;7;;13;1;0;47;;0;0;18;138;0;1;6;0;0;0;4;44;0;;
529575;Medonosy;131;85;83;5;1;0;3;;0;10;2;3;0;;0;0;0;18;;0;0;10;18;0;0;0;0;0;0;0;13;0;;
535044;Mělnické Vtelno;769;412;410;44;0;0;28;;1;22;54;9;6;;5;2;1;23;;0;2;11;121;0;2;6;0;1;0;3;68;1;;
534676;Mělník;15 412;9 338;9 270;1 344;16;3;681;;5;626;689;133;68;;189;14;9;1 017;;8;2;503;2 653;3;27;262;3;62;15;34;869;35;;
535052;Mšeno;1 190;709;702;106;3;0;32;;0;44;47;20;9;;9;1;1;64;;1;0;38;220;0;5;22;0;1;2;1;73;3;;
535061;Nebužely;337;198;196;10;0;0;10;;0;16;24;2;1;;9;0;0;14;;0;0;6;67;1;1;15;0;1;0;0;18;1;;
531863;Nedomice;234;171;171;36;0;0;3;;0;22;10;0;0;;4;0;0;16;;0;0;11;47;0;0;5;0;0;0;0;17;0;;
535079;Nelahozeves;1 489;960;949;107;0;1;55;;1;74;97;16;10;;20;1;1;140;;0;2;64;229;0;5;23;1;5;3;1;90;3;;
535087;Neratovice;12 724;7 075;7 038;770;37;6;433;;4;378;469;102;60;;119;4;8;789;;2;15;308;2 472;1;10;170;0;59;10;12;779;21;;
531707;Nosálov;164;117;117;26;0;0;4;;0;9;7;5;1;;1;0;1;11;;0;0;9;28;0;0;1;0;0;0;1;13;0;;
535117;Nová Ves;807;523;520;50;1;0;39;;0;43;49;6;4;;10;0;0;64;;2;1;19;161;0;0;6;0;4;1;0;59;1;;
535133;Obříství;1 019;641;640;123;1;0;32;;0;48;45;12;3;;11;1;1;69;;0;0;25;180;0;1;2;0;3;1;1;77;4;;
532673;Olovnice;424;278;276;48;1;0;14;;0;32;29;4;3;;3;0;0;27;;0;2;11;67;0;1;6;0;0;1;0;26;1;;
535141;Ovčáry;391;224;224;38;0;0;9;;0;17;13;2;5;;4;1;0;35;;0;1;10;60;0;0;3;0;0;1;0;25;0;;
538647;Postřižín;726;482;480;86;2;0;26;;1;36;24;5;4;;13;2;3;51;;1;0;22;128;0;1;8;0;4;1;2;58;2;;
535168;Řepín;518;300;298;36;0;0;10;;0;29;23;2;3;;11;1;1;25;;0;1;15;102;0;1;13;0;0;0;0;25;0;;
535192;Spomyšl;355;203;203;30;1;0;17;;0;5;20;0;8;;5;1;0;23;;0;0;11;47;2;0;3;0;1;0;0;27;2;;
531731;Stránka;169;89;89;2;0;0;10;;0;4;9;0;0;;4;0;0;7;;0;0;3;35;0;0;6;0;0;0;0;9;0;;
535214;Střemy;377;221;220;16;5;0;14;;0;16;12;2;2;;3;0;0;22;;0;0;9;77;0;1;8;1;2;0;0;30;0;;
535222;Tišice;1 743;1 065;1 062;161;3;2;78;;1;78;44;11;15;;19;1;1;127;;0;1;35;346;1;0;13;0;8;1;3;111;2;;
531561;Tuhaň;541;321;319;29;0;1;16;;0;22;24;6;7;;15;3;0;30;;1;0;11;86;0;1;14;0;2;2;2;46;1;;
529583;Tupadly;118;59;59;4;0;0;8;;0;5;11;0;0;;0;0;0;0;;0;0;3;18;0;0;0;0;0;0;0;10;0;;
599492;Újezdec;110;70;70;3;0;0;6;;0;4;8;0;1;;0;0;0;7;;0;0;6;20;0;0;3;0;0;0;0;12;0;;
535257;Úžice;699;405;404;41;2;0;35;;0;27;39;6;4;;7;0;0;48;;0;3;11;125;0;2;5;0;1;1;3;42;2;;
535265;Velký Borek;826;507;503;56;0;1;35;;0;50;48;5;8;;7;0;0;51;;0;0;19;142;0;1;5;0;2;1;3;68;1;;
535273;Veltrusy;1 574;1 076;1 072;130;1;1;70;;1;85;74;10;4;;15;0;3;147;;0;5;53;281;3;1;37;0;8;3;0;138;2;;
531936;Vidim;128;77;77;4;0;0;7;;0;6;10;1;1;;0;1;0;7;;0;0;2;23;0;0;4;1;0;0;0;10;0;;
535290;Vojkovice;571;340;340;48;1;0;19;;0;23;33;2;3;;4;1;0;18;;0;0;6;120;0;0;3;0;1;0;0;57;1;;
535303;Vraňany;690;387;386;38;1;1;23;;1;16;51;2;5;;6;0;1;45;;0;0;12;119;0;2;11;0;2;1;0;49;0;;
535311;Všestudy;283;176;172;33;0;0;11;;0;7;14;1;1;;2;0;0;19;;0;0;9;49;0;0;0;0;0;1;0;22;3;;
535320;Všetaty;1 755;990;985;116;2;1;59;;0;51;69;10;8;;17;1;1;112;;1;0;53;345;2;0;14;1;2;4;1;115;0;;
535338;Vysoká;697;375;374;44;1;0;17;;0;18;31;5;4;;15;1;0;38;;0;1;15;121;0;0;11;0;1;4;0;42;5;;
535354;Zálezlice;315;164;163;18;0;0;7;;0;7;20;4;1;;4;0;0;12;;0;1;8;52;0;1;1;0;0;0;0;26;1;;
531511;Zlončice;422;241;241;36;1;0;20;;0;27;8;8;0;;6;2;0;28;;0;0;23;51;0;0;3;0;1;1;1;25;0;;
535389;Zlosyň;374;228;228;25;0;0;9;;1;28;16;2;4;;3;0;0;34;;0;0;14;74;1;0;1;0;0;1;0;14;1;;
535397;Želízy;398;220;218;10;0;1;11;;0;13;17;3;7;;7;0;0;28;;0;0;17;68;0;2;3;0;4;0;3;23;1;;
535427;Bakov nad Jizerou;3 922;2 551;2 539;285;3;3;204;;1;179;153;27;32;;36;2;1;252;;2;2;113;864;1;8;42;2;18;4;6;295;4;;
535443;Bělá pod Bezdězem;3 805;2 219;2 204;215;2;0;214;;1;107;153;28;33;;33;4;4;218;;3;4;61;802;3;3;38;0;9;8;7;253;1;;
535451;Benátky nad Jizerou;5 596;3 269;3 254;533;12;2;225;;3;176;198;58;24;;58;4;3;323;;0;1;151;1 041;1;6;77;1;26;10;6;306;9;;
535478;Bezno;687;402;401;27;1;0;31;;0;14;43;3;4;;6;0;0;21;;0;4;15;121;0;0;69;0;2;1;0;37;2;;
565750;Bílá Hlína;85;61;61;2;0;0;5;;0;4;8;1;3;;0;0;0;7;;0;0;5;13;0;0;0;0;0;0;0;13;0;;
535486;Bítouchov;291;195;195;17;0;0;7;;0;10;31;0;3;;2;0;0;17;;1;0;7;79;0;0;4;0;0;0;0;17;0;;
535508;Boreč;216;97;97;10;0;0;4;;0;9;8;0;1;;2;0;3;3;;0;0;2;43;0;0;2;0;1;1;0;8;0;;
535516;Boseň;382;251;250;23;0;0;12;;0;36;11;4;3;;5;0;0;24;;0;0;6;85;0;0;3;0;2;0;0;36;0;;
570788;Bradlec;891;705;700;135;4;0;17;;1;33;38;8;5;;8;0;0;104;;0;0;67;211;0;1;9;1;8;5;1;44;0;;
571946;Branžež;204;138;137;15;0;0;6;;0;27;5;2;3;;0;0;0;16;;2;0;8;39;0;1;1;0;0;0;0;12;0;;
535559;Brodce;836;515;513;46;1;1;26;;0;44;43;6;1;;9;2;0;38;;1;2;18;201;0;1;3;0;1;0;2;65;2;;
535567;Březina;341;239;236;30;0;0;11;;0;29;12;0;3;;5;0;0;26;;0;0;7;83;0;0;4;0;0;0;1;25;0;;
535583;Březno;721;472;471;60;2;0;36;;0;40;23;4;4;;14;1;2;57;;0;2;26;146;0;3;6;0;3;2;2;37;1;;
599514;Březovice;240;143;143;19;0;0;18;;0;16;10;1;1;;0;1;0;10;;0;0;2;42;1;2;6;0;0;0;0;14;0;;
535605;Bukovno;559;346;338;27;0;0;21;;0;36;28;7;4;;0;0;0;27;;0;0;13;130;0;0;3;1;6;4;0;28;3;;
570991;Ctiměřice;99;74;74;12;1;0;3;;0;3;3;1;0;;0;0;0;10;;0;0;3;31;0;0;0;0;0;2;0;4;1;;
535621;Čachovice;696;367;366;36;2;1;37;;2;22;49;3;10;;6;0;0;25;;0;1;15;106;0;2;8;0;3;0;0;37;1;;
535630;Čistá;608;368;366;45;0;0;27;;1;25;30;2;5;;5;1;0;32;;0;0;19;117;0;0;4;0;1;2;2;46;2;;
570818;Dalovice;169;120;120;18;1;1;9;;0;10;4;1;5;;1;0;0;9;;0;0;8;39;0;0;5;0;1;1;0;7;0;;
535656;Dlouhá Lhota;328;239;235;37;0;0;12;;0;17;19;5;0;;4;0;0;19;;0;0;11;78;0;0;4;0;2;1;0;26;0;;
535672;Dobrovice;2 630;1 714;1 706;189;6;0;156;;3;77;111;35;23;;13;1;3;172;;1;0;44;673;1;8;37;0;4;4;2;141;2;;
571989;Dobšín;212;148;146;14;0;0;9;;0;14;9;1;5;;0;0;0;16;;0;0;3;50;0;2;4;0;2;0;0;16;1;;
535702;Dolní Bousov;2 052;1 289;1 283;121;1;4;91;;2;97;85;11;27;;14;0;1;146;;1;0;32;494;0;6;30;1;7;3;0;106;3;;
535711;Dolní Krupá;194;96;96;10;0;1;13;;0;10;9;0;2;;3;0;0;3;;0;0;1;20;0;0;2;0;1;1;0;20;0;;
535729;Dolní Slivno;275;163;163;21;2;0;8;;1;23;12;0;1;;0;0;0;18;;0;0;1;57;0;0;3;0;2;0;0;14;0;;
570940;Dolní Stakory;196;152;152;21;0;0;9;;0;9;5;1;2;;0;0;0;12;;0;0;10;60;1;0;7;0;0;1;0;14;0;;
535745;Domousnice;213;130;129;10;1;0;12;;0;11;17;5;1;;5;0;0;14;;0;0;2;38;0;0;1;0;2;0;0;10;0;;
571067;Doubravička;102;70;70;6;0;0;1;;0;11;4;0;2;;0;0;0;6;;0;0;3;29;0;1;0;0;0;0;0;7;0;;
535818;Horky nad Jizerou;420;268;267;32;1;0;24;;0;11;12;4;5;;2;0;0;30;;0;1;4;103;0;1;3;1;3;1;0;29;0;;
535834;Horní Bukovina;197;132;132;6;0;0;12;;0;19;7;2;4;;0;0;0;15;;0;0;3;48;0;0;4;0;2;0;0;10;0;;
599531;Horní Slivno;227;126;126;11;0;0;9;;0;20;2;1;0;;3;0;0;9;;0;0;9;40;1;0;4;0;1;0;0;15;1;;
535869;Hrdlořezy;517;336;335;55;0;0;27;;0;22;32;8;4;;6;0;0;19;;0;1;8;92;0;0;8;0;0;2;0;49;2;;
565733;Hrušov;161;102;102;3;0;0;11;;1;6;16;0;3;;2;0;0;9;;0;0;2;29;0;0;3;0;3;0;0;14;0;;
599522;Husí Lhota;121;95;95;10;0;0;5;;0;10;5;1;1;;0;0;1;9;;0;0;3;34;0;1;3;0;0;0;0;12;0;;
565784;Charvatce;212;144;143;19;1;0;6;;0;6;15;3;1;;0;0;0;17;;0;0;5;45;0;0;4;3;0;0;0;18;0;;
535923;Chocnějovice;339;209;207;22;0;0;16;;0;21;23;0;3;;1;1;0;27;;0;0;10;51;0;1;6;0;6;0;0;19;0;;
535931;Chotětov;801;420;419;48;1;0;16;;2;20;38;5;5;;6;2;1;41;;1;0;16;150;0;0;14;0;4;3;1;42;3;;
571849;Chudíř;162;111;111;10;0;0;13;;0;7;3;2;1;;2;0;1;9;;0;0;2;39;0;0;5;1;0;1;2;13;0;;
535966;Jabkenice;353;225;225;22;0;0;15;;0;13;19;3;0;;2;1;1;23;;0;0;4;96;0;0;9;0;2;0;1;14;0;;
535974;Jivina;362;248;247;26;0;0;34;;0;23;24;5;6;;3;0;0;22;;0;0;5;65;0;1;4;0;1;2;2;21;3;;
566039;Jizerní Vtelno;277;197;196;20;0;0;13;;0;7;4;2;3;;2;1;0;17;;0;0;9;74;0;0;3;0;0;0;0;40;1;;
529613;Josefův Důl;331;170;168;22;0;0;34;;0;7;12;1;5;;2;0;0;12;;0;0;2;44;0;0;1;1;0;1;1;22;1;;
536008;Katusice;630;356;354;22;0;0;16;;0;29;41;6;5;;1;1;0;39;;0;0;5;145;0;0;7;0;1;0;0;34;2;;
536024;Klášter Hradiště nad Jizerou;706;434;433;30;0;0;44;;0;48;31;3;9;;4;0;0;67;;1;0;19;134;0;1;5;0;1;2;1;33;0;;
571075;Kluky;66;55;54;7;0;0;4;;0;10;3;1;2;;0;0;0;6;;0;0;3;16;0;0;0;0;0;0;0;2;0;;
536041;Kněžmost;1 595;1 034;1 029;119;2;1;59;;0;97;55;13;5;;9;1;2;128;;3;2;40;371;1;1;15;0;4;5;2;93;1;;
571172;Kobylnice;107;87;86;14;1;0;2;;0;6;8;1;0;;1;0;0;12;;0;0;8;18;0;0;2;0;0;0;0;12;1;;
536067;Kochánky;348;244;243;27;4;0;18;;0;13;22;1;1;;6;1;0;31;;1;0;6;84;0;0;0;0;1;1;0;26;0;;
570974;Kolomuty;258;179;177;36;0;0;15;;0;17;18;2;0;;1;0;0;12;;0;0;12;48;1;1;6;0;1;0;0;6;1;;
599557;Koryta;69;53;53;14;0;0;6;;0;2;1;1;0;;1;0;0;10;;0;0;0;13;0;0;0;0;0;0;0;4;1;;
570826;Kosmonosy;3 416;2 320;2 302;305;3;0;131;;0;150;165;36;25;;28;3;2;223;;0;2;136;776;1;1;80;1;14;5;5;207;3;;
536121;Kosořice;383;249;249;40;0;0;14;;1;14;21;3;0;;4;0;1;30;;0;0;8;80;0;3;5;0;0;0;2;23;0;;
566047;Košátky;158;102;102;9;0;0;7;;0;4;5;1;0;;0;0;0;12;;0;0;4;30;0;1;5;0;0;0;0;24;0;;
571971;Kováň;112;66;66;8;0;0;3;;0;4;9;0;0;;2;0;0;2;;0;0;0;25;0;0;0;0;0;0;0;13;0;;
572012;Kovanec;108;60;60;10;0;0;4;;0;5;3;0;0;;0;0;0;4;;0;0;0;20;0;1;1;1;0;0;2;9;0;;
536164;Krásná Ves;153;97;97;10;0;0;4;;0;3;12;0;1;;2;0;0;4;;1;0;5;44;0;0;4;0;1;0;0;6;0;;
536172;Krnsko;423;293;293;51;0;0;7;;1;17;28;4;7;;3;1;0;33;;0;0;11;84;0;1;6;0;1;0;0;38;0;;
536181;Kropáčova Vrutice;721;401;401;41;2;0;19;;1;31;37;1;4;;9;0;1;37;;0;0;10;155;0;0;2;0;1;0;0;50;0;;
536202;Ledce;312;230;230;17;0;0;10;;0;16;28;2;4;;3;0;0;33;;0;0;5;86;0;0;5;0;0;0;0;21;0;;
536211;Lhotky;106;55;55;2;0;0;5;;0;3;1;3;1;;0;0;0;2;;0;0;2;26;0;0;0;0;0;0;0;10;0;;
565563;Lipník;242;148;146;24;0;0;14;;0;12;21;0;0;;0;0;0;18;;0;0;0;29;0;0;5;2;1;0;3;17;0;;
570770;Loukov;150;83;83;12;0;0;11;;0;10;5;0;0;;1;0;0;7;;0;0;3;22;0;0;1;0;0;0;0;11;0;;
536261;Loukovec;240;161;159;40;0;0;15;;0;15;8;0;0;;0;1;0;13;;0;0;11;41;0;1;4;0;2;1;0;6;1;;
536270;Luštěnice;1 618;883;877;86;3;1;49;;1;61;75;8;9;;16;1;0;95;;0;1;32;314;0;5;9;0;4;3;0;103;1;;
565644;Mečeříž;400;243;243;30;0;0;11;;0;25;21;1;1;;6;0;1;15;;0;0;10;102;3;0;0;0;1;1;0;14;1;;
535419;Mladá Boleslav;30 989;18 511;18 379;2 236;36;12;1 373;;8;982;1 199;304;163;;333;23;29;1 796;;8;13;939;6 324;11;32;435;3;112;41;17;1 906;44;;
536326;Mnichovo Hradiště;6 896;4 287;4 263;467;4;4;256;;1;596;257;54;33;;40;3;5;467;;1;2;219;1 309;1;9;84;1;32;2;4;400;12;;
565822;Mohelnice nad Jizerou;69;51;50;11;0;0;2;;0;5;1;1;0;;0;0;0;3;;0;0;4;14;0;0;0;0;0;0;0;7;2;;
571865;Mukařov;153;105;105;14;0;0;10;;0;11;7;2;1;;0;0;0;7;;0;0;3;35;0;0;6;0;0;0;2;6;1;;
536334;Němčice;141;101;101;10;0;0;11;;0;6;2;0;1;;0;0;1;6;;0;0;7;35;0;0;9;0;2;0;1;10;0;;
571156;Nemyslovice;114;83;83;9;0;0;6;;1;7;12;2;2;;0;0;0;1;;1;0;1;36;0;2;0;0;0;0;0;3;0;;
536351;Nepřevázka;327;245;245;49;0;0;5;;0;30;16;3;1;;1;1;0;18;;0;1;12;88;0;1;5;0;4;0;0;10;0;;
571997;Neveklovice;52;40;40;4;0;0;6;;0;1;0;0;0;;0;0;0;6;;0;0;0;10;0;0;3;0;0;0;0;10;0;;
571121;Niměřice;246;146;141;13;0;0;16;;0;6;11;0;2;;3;1;0;10;;0;0;2;53;0;0;3;1;0;1;1;17;1;;
536377;Nová Telib;196;144;144;10;0;0;8;;0;9;5;3;0;;4;1;0;16;;0;0;8;60;2;0;3;0;2;0;0;13;0;;
571806;Nová Ves u Bakova;227;161;161;10;0;0;13;;0;8;13;1;0;;0;0;0;10;;0;0;9;77;0;1;2;0;0;0;0;17;0;;
570893;Obrubce;166;102;102;16;1;0;15;;1;5;4;0;2;;1;0;0;4;;0;0;1;41;0;0;1;0;3;0;0;7;0;;
536407;Obruby;213;146;142;8;0;0;10;;1;10;11;3;1;;4;0;0;6;;0;0;3;53;0;0;1;0;0;4;0;27;0;;
571032;Pěčice;148;100;98;8;0;0;9;;0;5;11;0;5;;0;0;0;18;;1;0;1;34;0;0;2;0;0;1;0;3;0;;
598241;Pětikozly;60;33;33;3;0;0;0;;0;7;3;0;6;;1;0;0;4;;0;0;1;4;0;0;0;0;0;0;0;4;0;;
536431;Petkovy;232;162;161;14;0;0;6;;0;8;15;1;4;;1;0;0;15;;0;0;7;69;0;0;0;0;0;2;0;17;2;;
536440;Písková Lhota;585;428;427;58;1;2;42;;0;23;27;8;2;;8;3;0;43;;0;1;7;128;0;1;7;0;1;0;2;62;1;;
536458;Plazy;393;230;230;30;0;0;19;;1;16;11;1;4;;8;0;0;26;;2;0;9;73;0;0;7;0;0;1;1;20;1;;
565580;Plužná;158;95;95;8;1;0;3;;0;8;5;0;0;;0;0;0;7;;0;0;1;51;0;0;1;0;0;1;0;9;0;;
570753;Prodašice;69;33;33;1;0;0;14;;0;0;2;0;0;;0;1;0;2;;0;0;2;4;0;0;0;0;0;0;0;7;0;;
536491;Předměřice nad Jizerou;543;322;319;49;0;0;9;;0;19;25;5;4;;5;0;0;26;;0;0;11;116;0;1;6;0;3;1;2;33;4;;
570923;Přepeře;99;70;70;6;0;0;10;;0;7;5;0;0;;1;0;0;4;;0;0;3;24;0;0;0;0;0;0;0;10;0;;
571938;Ptýrov;222;151;149;13;0;0;7;;0;16;4;1;2;;8;0;0;12;;0;0;7;34;0;0;6;0;2;1;0;35;1;;
565652;Rabakov;47;34;34;3;0;0;4;;0;1;2;1;1;;0;0;0;4;;0;0;4;12;0;0;1;0;0;0;0;1;0;;
565636;Rohatsko;193;135;135;26;0;0;6;;0;10;2;0;4;;1;0;1;20;;0;0;6;45;1;0;1;0;0;0;1;11;0;;
529605;Rokytá;210;110;110;6;2;0;7;;0;3;12;3;2;;0;0;0;11;;0;0;6;40;0;0;1;0;0;0;0;17;0;;
571148;Rokytovec;105;61;61;3;0;0;3;;3;6;9;1;1;;0;0;0;3;;0;0;1;21;0;0;1;0;0;1;0;7;1;;
536580;Řepov;538;347;347;55;0;0;31;;0;20;9;4;5;;0;0;0;40;;0;1;21;129;0;0;2;0;0;1;1;26;2;;
565661;Řitonice;62;41;40;3;0;0;2;;0;4;5;0;0;;0;0;0;0;;0;0;0;19;0;0;2;0;0;0;0;5;0;;
529591;Sedlec;194;110;109;13;0;0;4;;0;27;4;1;0;;4;1;0;8;;0;0;5;30;0;0;0;0;2;0;0;10;0;;
536610;Semčice;547;350;348;30;0;2;17;;0;28;19;15;4;;4;0;2;44;;0;0;27;115;1;0;5;0;7;4;0;24;0;;
599573;Sezemice;88;74;74;9;1;0;2;;0;15;7;1;2;;1;0;0;5;;1;0;0;18;0;0;2;0;0;0;0;9;1;;
536636;Skalsko;321;214;214;17;0;0;16;;0;22;11;2;3;;3;0;0;24;;0;0;6;73;0;1;3;0;1;0;1;30;1;;
557030;Skorkov;476;341;339;55;1;0;23;;2;21;17;2;2;;6;0;2;46;;0;0;19;102;0;0;18;0;5;1;0;14;3;;
536652;Smilovice;553;316;313;33;2;0;18;;0;17;14;6;3;;6;0;1;32;;0;0;13;128;1;0;7;0;0;4;1;26;1;;
536661;Sojovice;437;295;291;63;2;1;17;;0;8;19;1;3;;1;0;0;29;;0;0;5;98;1;2;10;0;1;2;0;28;0;;
565539;Sovínky;244;162;159;18;0;0;9;;0;9;8;1;4;;1;0;0;12;;0;0;12;58;0;1;9;0;0;0;0;16;1;;
536709;Strašnov;212;152;152;15;1;0;12;;0;12;7;4;1;;1;0;1;15;;0;0;8;58;0;0;1;0;0;0;0;16;0;;
571881;Strážiště;101;79;79;2;0;0;6;;0;15;12;0;1;;3;0;0;15;;0;0;2;19;0;0;0;0;0;0;1;3;0;;
536717;Strenice;137;85;85;3;0;0;3;;0;9;7;2;4;;1;0;0;13;;0;0;0;27;0;2;1;0;0;2;2;9;0;;
565920;Sudoměř;81;56;55;3;0;0;8;;0;4;2;0;0;;0;0;0;5;;0;0;4;18;0;0;1;0;0;0;0;10;0;;
536768;Sukorady;284;184;183;28;0;0;16;;0;8;3;1;1;;2;0;0;13;;0;0;4;80;0;0;7;0;1;1;0;18;0;;
570982;Tuřice;237;170;170;38;1;0;4;;0;7;8;0;7;;2;0;0;24;;1;0;6;62;0;0;2;0;0;1;0;7;0;;
570761;Ujkovice;90;62;62;1;2;0;1;;0;1;7;0;0;;0;0;0;7;;0;0;2;28;0;1;1;0;0;0;0;11;0;;
536857;Velké Všelisy;294;191;189;11;0;1;29;;0;9;30;2;0;;1;0;0;7;;0;0;4;66;0;1;5;0;2;0;0;20;1;;
565725;Veselice;111;78;78;1;0;0;7;;0;5;9;0;4;;1;0;1;7;;0;0;1;34;0;0;1;0;0;0;0;7;0;;
565628;Vinařice;227;165;164;21;0;0;18;;0;9;28;7;3;;1;0;0;16;;0;0;3;46;0;0;2;0;2;0;0;8;0;;
570842;Vinec;203;129;129;13;0;0;6;;0;4;13;0;3;;1;0;0;5;;0;0;5;50;0;1;4;0;0;0;0;23;1;;
565571;Vlkava;347;215;214;27;1;0;15;;0;10;14;3;1;;1;0;0;18;;0;0;6;79;0;0;5;0;0;2;2;30;0;;
572021;Vrátno;137;82;81;0;0;0;2;;0;4;14;0;3;;0;1;0;1;;0;0;0;26;0;0;4;0;1;0;0;25;0;;
536938;Všejany;539;346;342;31;1;0;36;;0;20;43;6;4;;5;1;0;20;;0;3;17;108;1;2;5;0;0;3;0;36;0;;
571814;Zdětín;434;278;273;33;1;0;16;;0;14;29;5;1;;7;0;0;35;;0;0;10;89;0;0;4;0;1;0;3;25;0;;
536971;Žďár;1 094;784;777;95;0;0;70;;0;85;38;10;5;;10;2;0;73;;0;0;33;240;1;2;16;0;13;2;2;77;3;;
536989;Žerčice;324;196;196;13;0;0;11;;0;9;16;4;0;;2;0;0;24;;0;0;7;80;0;0;2;0;0;0;0;28;0;;
536997;Židněves;268;173;172;24;0;0;17;;0;6;18;0;3;;1;0;0;12;;0;0;0;56;0;5;5;0;0;0;0;25;0;;
537021;Běrunice;690;382;382;27;3;0;40;;1;28;30;7;4;;7;0;0;25;;0;6;8;136;1;0;14;0;1;0;1;42;1;;
537039;Bobnice;666;389;387;37;0;0;33;;0;42;31;5;2;;3;0;0;27;;0;0;23;124;0;1;7;0;0;1;1;50;0;;
537047;Bříství;268;193;190;26;1;0;18;;0;13;12;2;2;;1;0;0;16;;1;0;3;66;0;0;4;0;3;0;0;22;0;;
537055;Budiměřice;503;308;308;31;0;0;21;;0;16;27;2;1;;1;0;0;39;;1;0;24;91;1;1;8;0;1;2;0;38;3;;
599301;Černíky;101;66;64;8;1;0;9;;0;6;9;2;0;;1;0;0;8;;0;1;1;13;0;0;1;0;0;0;0;4;0;;
599671;Čilec;186;121;119;8;1;0;8;;0;11;9;1;2;;1;0;0;13;;0;0;4;56;0;0;0;0;0;1;0;4;0;;
537080;Činěves;433;246;243;17;0;0;26;;0;13;24;3;0;;1;0;4;21;;0;0;13;97;0;0;6;0;0;0;0;18;0;;
537098;Dlouhopolsko;194;139;139;20;0;0;9;;0;22;5;1;0;;1;0;0;12;;0;0;8;48;0;2;0;0;0;0;1;10;0;;
537101;Dobšice;185;114;114;25;0;0;5;;0;7;15;1;1;;2;0;0;6;;0;3;4;28;0;0;1;0;2;0;0;14;0;;
537110;Dvory;435;264;264;15;0;0;22;;0;20;26;4;2;;3;0;0;23;;0;0;9;100;0;0;0;1;1;5;0;32;1;;
537128;Dymokury;691;387;386;36;3;0;20;;0;27;29;5;1;;4;0;0;25;;0;0;60;125;0;1;20;0;1;0;0;29;0;;
534854;Hořany;106;72;71;5;0;0;9;;0;7;6;3;0;;2;0;0;7;;0;0;7;21;0;0;1;0;0;0;0;3;0;;
537152;Hořátev;630;405;403;45;2;0;19;;1;39;31;5;6;;4;0;1;57;;0;0;18;138;0;1;7;0;2;2;0;21;4;;
537161;Hradčany;223;138;138;6;0;0;8;;0;19;8;3;2;;3;0;0;20;;0;0;4;46;0;1;4;0;0;0;0;14;0;;
537179;Hradištko;516;350;347;74;1;0;24;;0;23;10;2;4;;4;2;0;32;;1;1;32;96;0;0;4;0;4;0;0;32;1;;
599638;Hrubý Jeseník;470;283;281;17;1;0;24;;0;25;17;1;1;;9;0;2;34;;0;0;13;105;0;1;7;0;2;1;0;21;0;;
599620;Chleby;335;200;200;23;1;0;13;;0;13;13;2;3;;0;0;0;16;;0;0;11;68;0;0;4;0;1;1;0;30;1;;
537217;Choťánky;354;247;246;33;1;0;22;;0;20;15;0;3;;3;0;0;21;;0;0;16;76;0;0;14;0;0;1;0;20;1;;
537225;Chotěšice;275;151;151;12;0;0;11;;0;6;19;2;1;;5;0;2;12;;1;1;8;52;0;0;1;0;0;0;0;17;1;;
537233;Chrást;406;255;255;40;1;0;17;;0;20;15;3;2;;5;0;0;29;;0;0;14;86;0;0;2;1;1;2;1;14;2;;
534706;Chroustov;178;123;123;12;0;0;11;;0;14;18;2;0;;0;0;0;9;;0;0;1;49;0;0;2;0;0;1;0;4;0;;
537250;Jíkev;261;132;132;5;0;0;9;;0;8;17;1;1;;1;0;0;2;;0;0;3;64;0;0;6;0;1;0;2;12;0;;
599581;Jiřice;568;459;451;49;1;1;17;;1;21;22;8;9;;4;1;1;56;;4;1;17;155;1;7;10;0;2;4;11;44;4;;
537268;Jizbice;285;182;182;17;0;0;23;;0;6;11;3;0;;1;1;1;38;;0;0;10;53;0;0;0;0;0;1;0;17;0;;
537276;Kamenné Zboží;428;254;252;18;0;0;28;;1;20;22;9;0;;5;0;0;20;;0;0;13;77;0;2;7;0;0;0;0;30;0;;
537292;Kněžice;421;283;282;11;1;0;30;;0;23;25;2;9;;1;3;0;36;;1;1;10;97;0;1;4;0;2;0;0;25;0;;
551481;Kněžičky;152;109;109;13;0;0;15;;0;5;8;3;6;;3;0;1;7;;0;0;2;30;0;0;1;0;0;0;2;13;0;;
537306;Kolaje;72;44;43;1;0;0;5;;0;1;2;0;0;;1;0;0;0;;0;0;8;16;0;2;1;0;0;0;0;6;0;;
537314;Kostelní Lhota;678;463;455;41;1;0;23;;0;80;36;4;3;;4;1;0;45;;1;0;19;157;0;1;6;0;2;4;2;24;1;;
529630;Kostomlátky;257;169;168;16;0;0;9;;1;17;18;1;2;;3;0;0;17;;0;0;2;60;0;1;5;1;0;0;0;14;1;;
537331;Kostomlaty nad Labem;1 492;906;902;77;0;0;48;;0;59;66;15;8;;17;0;1;136;;0;2;53;306;0;2;27;0;1;2;2;77;3;;
537349;Košík;292;180;179;11;0;1;7;;0;8;20;3;3;;1;1;0;12;;0;1;9;70;0;1;6;0;3;0;0;22;0;;
537357;Kounice;1 041;738;734;104;0;0;47;;0;52;39;4;7;;9;0;1;118;;0;0;38;239;0;1;21;0;2;3;0;47;2;;
534943;Kouty;233;172;170;12;0;2;11;;0;10;18;5;1;;3;0;1;17;;0;0;6;65;0;1;1;0;1;0;0;16;0;;
537373;Kovanice;673;418;418;42;0;0;21;;0;32;32;12;8;;4;0;0;48;;0;1;20;143;0;1;20;0;2;2;0;29;1;;
537390;Krchleby;597;353;352;23;2;1;26;;0;17;41;7;6;;2;0;0;24;;2;3;5;144;0;1;3;0;5;2;0;37;1;;
537403;Křečkov;310;206;206;20;0;0;22;;0;23;14;0;2;;4;0;0;26;;0;0;5;70;0;0;0;0;2;1;0;17;0;;
537411;Křinec;1 047;639;637;48;0;0;48;;3;26;69;6;8;;8;0;1;45;;1;0;15;238;0;2;27;0;2;1;0;86;3;;
537438;Libice nad Cidlinou;1 045;630;627;63;0;2;54;;0;54;38;9;5;;6;0;0;59;;0;0;22;238;0;1;20;0;4;0;0;51;1;;
537446;Loučeň;1 081;731;724;87;0;0;49;;1;52;52;4;5;;9;0;1;109;;0;0;48;211;1;1;14;0;1;0;3;76;0;;
537454;Lysá nad Labem;7 266;4 703;4 673;613;7;3;338;;6;307;305;64;27;;69;6;4;666;;0;3;402;1 191;1;7;217;2;35;11;1;380;8;;
537462;Mcely;306;193;193;16;1;0;11;;0;18;10;2;3;;2;0;0;18;;0;0;10;83;0;0;4;0;1;0;0;13;1;;
537489;Městec Králové;2 375;1 315;1 310;151;3;0;91;;0;89;95;14;17;;9;0;2;125;;2;0;71;479;0;3;20;0;9;1;2;124;3;;
537497;Milčice;242;136;134;18;0;0;7;;0;16;14;0;4;;1;1;0;20;;0;0;4;35;0;0;1;0;3;0;0;10;0;;
537501;Milovice;7 448;3 670;3 649;403;9;3;254;;0;198;228;79;38;;86;7;6;438;;1;9;204;1 036;3;17;163;4;24;9;12;402;16;;
534919;Netřebice;175;106;106;9;0;0;9;;0;11;13;0;0;;2;0;0;10;;0;0;3;35;0;1;5;0;0;0;0;8;0;;
599654;Nový Dvůr;60;41;41;3;0;0;3;;0;1;1;0;0;;0;0;0;1;;0;0;0;20;0;0;4;1;0;0;0;7;0;;
537004;Nymburk;11 746;7 160;7 103;831;5;1;572;;9;524;511;108;66;;111;1;16;811;;4;5;436;2 174;5;14;195;5;39;16;10;619;15;;
537551;Odřepsy;274;172;171;20;1;1;10;;0;8;20;1;3;;1;0;0;12;;0;4;6;58;0;0;4;0;1;0;0;21;0;;
537560;Okřínek;153;102;99;8;0;0;5;;0;1;8;0;1;;1;0;0;10;;2;0;2;39;0;1;4;0;1;0;0;16;0;;
537578;Opočnice;378;235;235;18;0;0;32;;0;16;16;1;2;;1;0;5;21;;0;0;6;81;0;1;6;0;0;0;0;29;0;;
537586;Opolany;718;461;460;46;0;0;34;;0;44;35;2;7;;5;1;0;47;;0;1;10;163;0;0;11;0;4;1;2;46;1;;
599662;Oseček;133;89;87;12;1;0;9;;0;13;1;2;0;;1;0;0;2;;0;0;7;30;0;0;3;0;0;0;0;6;0;;
537616;Oskořínek;448;287;287;21;0;1;34;;0;10;26;1;1;;1;0;1;20;;0;0;11;117;0;2;7;0;1;0;1;31;1;;
537624;Ostrá;433;302;300;54;0;0;18;;0;33;12;11;3;;1;0;2;32;;1;0;21;79;0;1;4;0;4;0;1;23;0;;
537632;Pátek;546;391;387;54;0;0;13;;0;43;15;3;1;;9;1;1;52;;0;0;17;132;1;0;8;0;0;0;0;36;1;;
537659;Písková Lhota;386;242;241;34;0;0;20;;0;20;28;2;2;;0;0;0;23;;1;0;17;71;2;0;4;0;3;0;0;14;0;;
537667;Písty;345;243;241;19;2;0;21;;0;24;19;1;0;;7;1;0;14;;0;1;4;100;1;0;4;0;0;0;0;23;0;;
537683;Poděbrady;11 186;7 570;7 525;1 180;14;4;673;;8;720;360;91;41;;91;5;8;888;;2;5;540;1 958;5;1;300;4;38;12;11;553;13;;
599590;Podmoky;166;98;98;11;0;0;6;;1;7;6;0;2;;2;0;0;11;;0;0;5;32;0;0;6;0;1;0;0;8;0;;
537721;Přerov nad Labem;915;612;608;94;3;0;29;;1;34;51;7;5;;7;1;2;98;;0;0;32;193;0;1;10;0;1;1;2;36;0;;
537756;Rožďalovice;1 371;713;709;75;0;0;54;;1;30;57;12;5;;10;0;1;58;;1;2;27;271;1;2;14;1;6;2;8;70;1;;
537764;Sadská;2 595;1 646;1 630;213;5;0;86;;0;108;139;25;12;;18;4;2;158;;2;1;60;554;0;4;35;0;7;1;3;192;1;;
537772;Sány;431;256;255;22;0;0;11;;0;47;19;1;2;;8;0;0;18;;0;0;3;86;0;0;9;0;0;0;1;28;0;;
534757;Seletice;173;120;118;12;0;0;11;;0;11;8;2;2;;0;0;0;8;;1;0;2;45;0;1;0;0;1;0;0;14;0;;
537781;Semice;761;452;444;62;0;0;28;;0;38;32;0;7;;6;1;3;49;;0;0;20;149;0;0;16;0;0;0;0;33;0;;
537799;Senice;165;117;117;13;0;0;4;;0;11;13;0;0;;2;0;0;4;;0;0;7;43;0;0;0;0;3;0;0;17;0;;
537802;Sloveč;426;256;252;23;1;0;20;;0;18;29;4;1;;4;0;0;20;;0;0;10;105;0;1;6;0;0;2;0;8;0;;
537811;Sokoleč;784;513;511;71;2;0;50;;0;31;41;6;3;;11;0;0;43;;1;0;11;187;0;1;4;1;0;1;4;40;3;;
537837;Stará Lysá;445;293;292;32;1;0;11;;0;18;13;4;2;;6;0;0;44;;0;0;7;103;0;0;12;0;4;0;3;31;1;;
534889;Starý Vestec;127;90;88;9;3;0;8;;0;5;9;0;2;;0;0;0;8;;0;0;0;30;0;0;1;0;0;0;0;13;0;;
537853;Straky;414;259;258;20;0;1;16;;0;20;14;1;8;;1;1;0;23;;1;0;5;102;0;2;5;0;1;0;0;37;0;;
537861;Stratov;432;269;266;26;1;0;17;;0;13;29;1;1;;1;0;0;53;;0;1;7;94;0;0;1;0;5;1;0;15;0;;
537896;Třebestovice;651;422;419;45;0;1;23;;0;32;25;8;3;;3;0;0;43;;0;1;26;143;1;2;9;1;0;3;2;45;3;;
537900;Úmyslovice;264;158;157;7;0;0;10;;0;23;11;0;5;;1;2;0;13;;0;0;5;54;0;1;2;0;0;0;0;23;0;;
536083;Velenice;176;107;106;5;0;0;3;;0;10;14;1;1;;0;0;0;12;;0;0;6;34;0;0;2;0;0;0;0;17;1;;
534871;Velenka;238;160;158;24;2;1;10;;1;15;13;0;2;;0;1;0;19;;0;0;11;47;0;0;1;0;0;0;0;11;0;;
537942;Vestec;246;160;158;11;1;0;12;;0;12;19;1;1;;3;2;0;16;;0;0;8;46;0;0;4;0;1;0;1;20;0;;
537951;Vlkov pod Oškobrhem;63;46;46;3;0;0;6;;0;3;5;0;2;;0;0;0;3;;0;0;2;12;0;0;2;1;0;0;0;7;0;;
599611;Vrbice;141;104;104;12;0;0;6;;0;3;9;2;1;;1;0;0;6;;0;0;4;45;0;0;10;0;1;0;0;4;0;;
537977;Vrbová Lhota;408;240;240;38;0;0;20;;0;32;9;4;4;;5;0;0;20;;1;0;13;63;0;2;6;0;0;0;1;22;0;;
537985;Všechlapy;573;369;368;28;0;0;21;;0;22;26;5;3;;4;2;0;32;;0;0;21;111;0;0;9;0;1;0;1;82;0;;
537993;Vykáň;315;183;181;21;10;0;11;;0;9;15;2;6;;1;0;0;15;;0;0;7;55;0;2;3;0;1;0;1;21;1;;
534471;Záhornice;320;181;178;21;0;0;13;;0;5;15;2;0;;1;0;1;13;;1;0;7;86;0;1;1;0;0;1;0;10;0;;
599697;Zbožíčko;181;103;103;4;0;0;10;;0;6;10;4;1;;0;0;0;12;;0;1;2;35;0;0;0;0;1;0;2;15;0;;
534862;Zvěřínek;195;154;154;33;0;0;10;;0;7;13;0;0;;1;0;0;22;;0;0;4;40;0;0;5;0;2;0;0;17;0;;
503410;Žitovlice;150;85;83;6;0;0;6;;0;2;8;1;1;;1;0;0;7;;1;0;1;30;0;0;2;0;0;1;0;16;0;;
538043;Babice;732;533;531;79;0;1;17;;0;56;6;5;1;;20;0;0;80;;0;2;48;128;0;0;24;0;12;0;0;51;1;;
538051;Bašť;1 409;966;961;212;4;0;39;;3;61;40;17;4;;22;0;1;139;;0;2;84;239;1;2;16;1;5;0;2;66;1;;
534684;Borek;242;170;170;27;1;0;11;;0;15;5;1;0;;2;0;1;24;;0;0;15;64;1;0;0;0;2;0;0;1;0;;
538086;Bořanovice;627;440;440;110;1;0;23;;0;18;36;4;5;;6;0;1;63;;0;0;26;103;1;1;4;0;4;0;1;32;1;;
538094;Brandýs nad Labem-Stará Boleslav;13 374;8 625;8 580;1 326;26;9;488;;5;581;462;113;66;;179;11;10;1 246;;6;2;639;2 311;3;9;275;2;91;8;16;676;20;;
538108;Brázdim;533;374;373;49;0;0;15;;1;23;26;4;4;;5;0;0;64;;0;0;17;111;0;0;8;0;4;2;1;36;3;;
564869;Březí;375;241;241;37;1;0;8;;0;14;6;3;3;;6;0;1;33;;0;0;29;71;0;0;14;0;6;1;0;8;0;;
538132;Čelákovice;9 011;6 016;5 977;1 044;56;3;359;;5;326;337;82;42;;86;10;5;903;;0;4;466;1 485;2;8;197;1;41;4;16;486;9;;
533254;Černé Voděrady;288;195;193;19;4;0;11;;0;13;14;4;2;;5;0;0;28;;0;0;7;61;0;0;3;0;1;0;0;21;0;;
538141;Čestlice;497;360;360;58;1;0;17;;0;23;9;6;6;;7;0;0;49;;1;0;31;110;1;2;12;0;4;0;0;23;0;;
565008;Dobročovice;209;148;147;29;0;0;7;;1;17;5;0;1;;8;1;0;14;;0;0;13;33;0;0;0;0;2;0;0;16;0;;
538167;Dobřejovice;686;520;506;92;0;1;21;;0;36;27;9;5;;12;1;0;69;;0;1;48;135;0;0;14;0;1;0;1;33;0;;
564885;Doubek;328;236;235;53;1;0;10;;0;25;12;7;0;;7;0;0;32;;0;0;23;43;0;0;4;0;3;1;0;13;1;;
538191;Dřevčice;560;364;362;59;1;0;23;;0;24;14;3;5;;4;0;0;54;;0;0;24;90;0;1;8;0;16;4;2;29;1;;
534781;Dřísy;732;471;469;78;1;0;23;;0;32;17;8;0;;7;0;1;50;;0;0;16;163;0;3;24;0;1;0;1;44;0;;
564915;Herink;346;262;259;60;0;0;3;;0;21;3;6;0;;9;0;0;44;;0;0;17;63;0;0;10;0;1;1;0;21;0;;
565989;Hlavenec;266;198;197;30;0;0;8;;1;8;7;2;7;;2;1;0;31;;1;0;20;71;0;0;0;0;1;1;0;6;0;;
538221;Horoušany;934;676;669;87;1;1;37;;1;44;27;10;6;;10;3;1;130;;0;0;61;157;0;2;18;0;3;0;0;68;2;;
538230;Hovorčovice;1 669;1 230;1 221;268;0;0;37;;0;96;55;14;7;;28;0;5;142;;0;1;107;305;1;0;33;0;6;3;1;107;5;;
538248;Hrusice;601;375;374;60;0;0;16;;0;43;10;5;8;;5;1;0;63;;0;2;24;86;0;1;19;0;3;0;0;27;1;;
538256;Husinec;1 054;769;762;119;0;2;32;;1;57;29;10;3;;12;1;1;144;;0;0;96;157;0;0;41;0;17;1;0;37;2;;
538264;Jenštejn;665;479;475;91;0;0;19;;0;46;24;16;2;;8;1;0;75;;0;0;47;78;0;0;22;0;3;0;0;43;0;;
533378;Jevany;577;410;405;85;5;1;27;;0;30;26;3;4;;6;0;0;52;;0;0;47;90;0;1;8;0;2;0;0;15;3;;
538272;Jirny;1 918;1 390;1 383;272;3;0;71;;3;103;56;22;11;;23;0;2;219;;1;1;131;272;0;2;47;0;11;1;2;124;6;;
538281;Kaliště;219;145;144;20;0;1;7;;0;10;4;3;0;;3;0;0;20;;0;0;9;48;0;0;2;0;1;0;0;16;0;;
538299;Kamenice;3 334;2 271;2 254;411;5;2;103;;1;184;96;50;15;;46;0;2;346;;2;5;194;521;1;3;73;0;19;2;1;168;4;;
564974;Káraný;604;405;400;85;0;0;17;;0;15;13;6;5;;4;0;0;62;;0;1;29;123;0;0;6;0;1;0;0;32;1;;
538311;Klecany;2 453;1 617;1 609;253;0;1;57;;0;157;78;30;8;;31;1;3;313;;1;2;143;325;1;5;60;0;18;1;2;115;4;;
538329;Klíčany;269;166;166;29;0;1;8;;0;6;13;1;3;;1;0;1;23;;0;0;8;53;0;0;4;0;1;0;0;14;0;;
513628;Klokočná;205;153;153;29;1;3;3;;0;12;10;3;1;;1;0;0;21;;1;0;15;36;0;1;6;0;0;0;0;10;0;;
531553;Konětopy;236;152;152;32;0;0;13;;0;11;2;1;5;;1;0;0;12;;0;0;3;51;0;0;11;0;0;0;0;10;0;;
564761;Konojedy;185;116;116;11;1;0;3;;0;7;4;1;1;;2;0;0;32;;0;0;2;35;0;1;2;0;2;0;0;12;0;;
533416;Kostelec nad Černými lesy;2 840;1 806;1 805;289;9;0;96;;1;125;141;31;10;;22;3;1;223;;2;2;144;479;2;9;47;0;4;5;4;153;3;;
538370;Kostelec u Křížků;541;396;394;65;2;0;17;;0;42;15;4;2;;6;0;1;65;;0;0;33;101;0;0;13;0;1;1;0;26;0;;
536130;Kostelní Hlavno;351;233;233;31;0;1;11;;0;9;20;2;2;;1;1;3;30;;0;2;9;89;1;0;9;0;2;0;0;9;1;;
533432;Kozojedy;638;469;467;82;2;0;19;;0;48;22;1;3;;11;0;0;78;;1;2;35;103;0;2;11;0;0;0;1;43;3;;
534960;Křenek;213;134;134;26;3;0;11;;0;5;5;0;1;;3;1;0;13;;0;0;12;27;0;0;8;0;1;0;0;18;0;;
564991;Křenice;520;399;392;101;3;1;18;;0;34;8;1;2;;13;1;1;69;;0;0;33;74;0;2;6;0;3;0;2;19;1;;
538418;Křížkový Újezdec;163;130;129;43;0;1;1;;0;7;4;0;1;;2;1;0;11;;0;0;6;30;0;1;4;1;1;1;0;13;1;;
538426;Kunice;1 049;783;776;154;1;0;28;;0;56;19;8;4;;10;0;1;131;;1;0;78;181;0;0;14;0;11;1;5;71;2;;
564982;Květnice;1 053;809;805;184;3;0;43;;1;53;17;18;5;;14;0;2;120;;0;0;95;138;1;0;39;1;5;2;2;60;2;;
538914;Lázně Toušeň;1 039;674;671;107;2;1;33;;0;37;40;6;5;;12;1;1;105;;1;0;40;168;0;2;29;0;10;0;0;69;2;;
534986;Lhota;356;253;252;62;1;0;16;;0;11;5;1;2;;10;0;0;31;;0;0;23;68;0;0;4;0;0;0;1;16;1;;
538442;Líbeznice;1 763;1 245;1 235;431;0;0;41;;0;63;50;19;1;;24;1;1;157;;0;1;72;258;0;0;20;0;6;1;0;86;3;;
538451;Louňovice;805;621;619;110;0;2;21;;0;48;17;9;1;;24;1;0;102;;0;0;66;146;0;2;19;2;5;0;0;44;0;;
538469;Máslovice;300;224;222;16;0;0;16;;0;24;21;3;2;;3;0;0;31;;0;0;8;65;0;0;1;0;1;0;3;27;1;;
538477;Měšice;1 405;944;933;216;0;0;44;;1;43;40;9;5;;10;2;2;142;;0;2;88;236;0;1;16;1;8;2;1;64;0;;
538485;Mirošovice;904;641;639;103;0;1;17;;0;71;14;2;5;;13;1;3;123;;0;1;47;153;2;2;22;0;7;1;1;48;2;;
538493;Mnichovice;2 688;1 941;1 933;309;6;4;77;;0;284;80;34;11;;39;0;4;270;;1;2;172;407;0;0;90;0;16;4;2;118;3;;
598267;Modletice;356;219;219;30;0;0;4;;0;28;13;4;2;;2;0;0;40;;0;1;25;52;0;0;3;0;2;0;0;13;0;;
538507;Mochov;784;505;504;71;15;0;29;;0;27;25;6;1;;6;1;1;60;;0;1;28;163;1;0;9;0;6;1;0;50;3;;
538515;Mratín;898;599;599;140;0;0;40;;0;26;28;11;2;;13;0;0;69;;0;0;40;152;0;0;5;0;5;2;0;65;1;;
538523;Mukařov;1 736;1 279;1 265;231;6;2;60;;3;145;55;27;8;;26;1;2;151;;0;0;119;284;1;3;34;0;7;0;3;96;1;;
538540;Nehvizdy;1 893;1 308;1 304;237;20;1;60;;0;78;49;14;4;;32;0;1;170;;1;1;121;358;1;4;39;1;8;0;3;100;1;;
538558;Nová Ves;849;588;587;131;4;1;22;;0;27;18;14;5;;8;0;1;101;;1;0;42;132;2;0;11;1;8;1;0;56;1;;
538566;Nový Vestec;358;258;258;54;0;0;9;;2;16;14;0;1;;1;0;0;37;;0;0;26;75;0;1;7;0;3;2;1;9;0;;
533548;Nučice;306;201;199;14;2;0;12;;0;28;19;5;0;;5;0;0;24;;0;0;15;48;0;1;3;0;1;0;1;18;3;;
564907;Nupaky;922;619;617;77;1;0;31;;0;53;15;4;0;;10;0;1;124;;1;0;57;168;0;0;16;0;4;1;0;52;2;;
538574;Odolena Voda;4 373;2 875;2 851;369;7;1;199;;2;178;194;56;31;;41;1;4;468;;3;3;207;711;0;8;88;2;27;13;3;217;18;;
533564;Oleška;761;460;459;34;0;0;37;;0;28;31;4;3;;5;0;1;44;;0;0;24;170;0;1;11;0;2;3;3;56;2;;
538582;Ondřejov;1 205;853;852;135;1;1;17;;2;108;44;13;13;;11;0;2;94;;1;0;68;190;0;0;66;1;5;1;3;75;1;;
571679;Oplany;84;57;57;9;0;0;3;;0;7;4;0;0;;1;0;0;13;;0;0;6;12;0;1;0;0;0;0;0;1;0;;
538604;Panenské Břežany;418;276;275;63;1;0;8;;0;22;10;5;3;;5;0;2;41;;0;0;16;64;0;1;3;0;2;3;0;25;1;;
529656;Pětihosty;166;123;121;21;0;0;2;;0;14;2;3;3;;6;0;0;9;;1;0;13;25;0;0;11;0;0;1;0;10;0;;
538612;Petříkov;412;285;284;53;0;0;18;;0;29;19;6;1;;3;0;0;45;;0;0;12;69;0;1;9;1;3;1;2;12;0;;
538621;Podolanka;431;287;286;32;0;0;12;;1;17;17;4;3;;4;0;1;39;;1;0;12;100;0;2;8;5;0;0;0;28;0;;
538639;Polerady;204;109;107;13;0;0;4;;0;8;3;2;1;;4;0;1;14;;0;0;4;29;0;0;1;0;0;0;0;22;1;;
599221;Popovičky;265;193;192;32;0;1;5;;0;14;3;2;0;;7;0;1;23;;0;0;11;72;1;0;5;0;0;0;0;15;0;;
564788;Prusice;61;42;42;5;0;0;1;;0;4;4;0;0;;0;0;0;3;;0;0;1;19;0;0;0;0;0;0;1;4;0;;
538655;Předboj;658;454;446;96;1;0;23;;1;40;12;3;1;;9;0;1;76;;0;0;52;90;0;0;13;0;2;1;1;24;0;;
538671;Přezletice;1 103;842;841;186;0;0;35;;0;53;38;10;10;;16;0;3;133;;2;1;87;183;0;0;24;0;4;1;0;53;2;;
538698;Radějovice;324;245;244;58;0;0;12;;0;14;5;1;2;;4;1;0;44;;0;0;14;55;0;2;5;0;0;0;1;25;1;;
538701;Radonice;705;491;485;104;0;0;17;;0;45;36;7;3;;6;1;0;66;;1;1;35;109;0;0;19;0;2;1;0;31;1;;
538728;Říčany;11 198;7 967;7 926;1 393;16;4;344;;3;820;291;149;51;;127;7;15;1 332;;2;5;875;1 707;3;9;309;2;46;3;2;400;11;;
598283;Sedlec;237;198;197;44;0;0;12;;0;13;5;8;1;;5;0;0;28;;1;0;27;35;0;0;2;0;3;1;1;11;0;;
538752;Senohraby;927;697;693;132;3;1;32;;2;62;39;12;5;;18;0;0;110;;1;1;61;150;0;1;20;0;7;2;0;34;0;;
538761;Sibřina;571;374;373;77;1;0;20;;0;22;12;2;1;;2;0;4;63;;0;0;36;96;0;0;8;0;0;2;0;26;1;;
538779;Sluhy;539;353;352;63;1;0;6;;0;22;11;2;1;;4;1;2;44;;0;0;22;123;0;1;10;0;2;0;0;36;1;;
538787;Sluštice;376;260;257;39;5;0;15;;0;12;13;3;2;;4;0;2;44;;0;0;16;76;0;0;2;0;3;0;1;17;3;;
538809;Strančice;1 700;1 194;1 184;185;2;0;50;;0;108;68;13;2;;24;1;2;226;;0;1;97;280;1;0;44;0;11;1;1;67;0;;
538825;Struhařov;657;454;447;79;2;0;23;;0;45;18;6;3;;5;0;1;84;;1;0;33;106;0;0;8;0;1;0;1;27;4;;
533718;Stříbrná Skalice;1 072;675;674;87;0;0;35;;0;61;34;8;4;;15;2;0;114;;0;0;46;199;0;0;18;0;1;0;1;48;1;;
571954;Sudovo Hlavno;393;239;239;38;0;0;13;;0;20;13;2;1;;1;2;0;23;;0;0;11;81;0;0;7;1;1;1;2;22;0;;
538833;Sulice;1 325;1 031;1 019;226;1;0;34;;0;67;37;17;6;;16;1;1;155;;0;4;100;257;1;0;16;0;10;1;0;68;1;;
598305;Svémyslice;289;214;213;50;0;0;12;;0;17;9;1;0;;1;0;1;27;;0;0;29;41;0;0;2;0;3;0;3;16;1;;
538841;Světice;892;677;662;103;0;0;31;;0;57;27;9;6;;14;0;2;99;;1;1;86;137;0;0;27;0;4;1;1;55;1;;
538850;Svojetice;747;535;531;98;0;0;18;;0;43;28;14;3;;11;1;0;100;;0;0;32;123;0;1;9;0;3;0;0;45;2;;
538876;Šestajovice;2 479;1 832;1 827;448;2;4;73;;1;151;36;21;4;;36;0;2;254;;0;1;210;385;1;1;44;1;17;3;3;126;3;;
538884;Škvorec;1 171;799;796;159;2;1;38;;1;56;28;13;6;;14;1;2;121;;0;0;89;168;2;0;34;1;9;0;1;44;6;;
571644;Štíhlice;144;94;93;9;0;0;6;;0;11;8;0;0;;1;0;0;12;;0;0;7;24;0;0;0;0;2;0;0;10;3;;
538892;Tehov;648;455;452;91;0;0;16;;0;35;18;9;6;;3;0;2;86;;0;0;36;91;0;0;17;0;2;1;1;38;0;;
599719;Tehovec;476;339;337;91;1;0;9;;0;22;17;6;5;;6;0;0;35;;0;0;17;88;0;2;4;0;3;0;0;30;1;;
538957;Úvaly;4 788;3 386;3 370;579;3;4;201;;2;330;124;50;14;;64;6;4;528;;2;3;341;736;0;1;148;1;21;6;2;190;10;;
538965;Veleň;945;670;665;125;1;0;31;;1;37;21;7;2;;23;1;2;98;;0;0;42;196;0;1;7;0;0;1;2;67;0;;
538973;Veliká Ves;241;147;145;32;0;0;8;;0;6;9;1;0;;3;0;2;20;;0;0;11;35;0;0;1;0;2;1;0;13;1;;
538981;Velké Popovice;1 972;1 343;1 329;242;2;0;57;;0;133;60;16;11;;21;0;6;144;;1;1;127;336;2;0;44;0;13;3;1;106;3;;
538990;Větrušice;455;315;314;36;5;0;23;;0;20;20;8;5;;8;1;1;44;;0;1;20;72;0;1;11;1;4;0;0;32;1;;
533874;Vlkančice;172;120;119;20;0;0;6;;0;16;7;1;2;;3;0;0;11;;0;0;9;32;0;0;2;0;2;0;1;7;0;;
539015;Vodochody;457;284;282;37;1;1;14;;0;13;25;2;6;;2;0;0;40;;0;0;23;74;0;0;7;1;1;0;2;29;4;;
539031;Všestary;626;438;434;80;0;1;14;;0;41;24;3;2;;4;0;1;68;;0;0;38;104;0;4;18;0;3;0;0;28;1;;
539040;Vyšehořovice;501;325;322;28;7;0;6;;0;14;33;2;1;;2;0;0;55;;0;3;18;121;0;1;3;0;2;2;1;22;1;;
564796;Výžerky;116;74;74;6;0;0;5;;0;4;5;0;1;;2;1;0;7;;0;0;4;23;0;0;2;0;0;0;0;12;2;;
533904;Vyžlovka;503;376;375;65;2;0;5;;0;36;13;7;3;;2;2;3;48;;1;1;36;102;3;0;10;0;0;0;1;34;1;;
505781;Zápy;579;376;375;61;3;0;28;;2;26;23;4;3;;6;1;0;50;;0;1;21;100;0;0;10;0;5;0;0;29;2;;
535362;Záryby;721;477;473;85;1;0;20;;0;28;34;2;5;;4;0;0;53;;0;0;17;139;2;7;13;1;1;1;3;57;0;;
539058;Zdiby;2 277;1 632;1 623;316;0;1;72;;0;102;48;23;5;;38;0;5;280;;1;0;185;388;0;0;41;1;11;2;2;98;4;;
539066;Zeleneč;2 075;1 543;1 535;284;3;1;40;;1;130;47;21;5;;35;1;1;254;;0;0;230;324;1;1;58;0;17;1;1;77;2;;
513644;Zlatá;222;162;162;29;0;0;7;;0;10;6;3;0;;2;0;0;26;;0;0;19;47;0;0;3;0;1;0;0;9;0;;
539082;Zlonín;427;300;299;66;2;0;15;;0;10;9;4;5;;24;7;0;38;;0;2;34;55;0;0;6;3;1;0;0;18;0;;
539091;Zvánovice;430;316;314;56;0;0;8;;0;38;22;5;7;;4;0;0;30;;0;0;17;96;1;1;4;0;2;0;0;23;0;;
539104;Bojanovice;372;268;267;36;0;0;24;;0;19;15;1;3;;6;0;0;36;;0;0;13;78;1;0;7;0;1;0;1;24;2;;
571199;Bratřínov;149;121;121;29;0;0;8;;0;5;11;1;1;;0;0;0;19;;0;0;6;32;0;0;2;0;1;0;1;5;0;;
599735;Březová-Oleško;869;632;630;110;0;0;18;;0;49;33;8;7;;19;1;1;103;;0;0;73;133;0;2;17;0;6;0;1;45;4;;
540048;Buš;281;208;207;43;0;0;8;;0;22;10;2;0;;0;0;0;38;;0;0;21;44;0;0;6;0;1;0;0;12;0;;
539121;Černolice;328;251;248;54;1;1;18;;0;22;10;3;6;;4;0;0;39;;0;0;36;32;0;0;6;0;4;0;0;12;0;;
539139;Černošice;5 206;3 964;3 945;721;3;2;145;;2;262;102;88;12;;62;1;2;679;;1;4;770;645;0;3;217;0;23;5;2;187;7;;
532215;Červený Újezd;964;663;661;105;2;1;37;;1;46;51;11;10;;11;1;2;105;;2;1;40;167;2;4;17;0;7;1;0;32;5;;
539147;Číčovice;235;162;160;25;0;1;9;;0;8;11;3;0;;0;0;1;28;;0;0;15;43;0;0;5;0;2;0;0;9;0;;
539155;Čisovice;843;562;556;66;1;0;33;;2;49;27;17;6;;14;1;3;92;;0;1;43;142;0;0;11;1;2;0;1;43;1;;
539163;Davle;1 262;874;867;155;7;0;22;;1;85;43;13;8;;13;0;0;116;;0;1;72;226;0;0;21;0;9;3;7;62;3;;
539171;Dobrovíz;435;302;299;34;1;0;9;;0;14;24;5;1;;5;0;0;38;;0;0;29;95;2;1;7;1;6;1;0;26;0;;
539180;Dobříč;252;197;191;23;0;0;16;;0;14;10;11;1;;2;0;0;31;;0;0;20;50;0;1;5;0;2;0;0;5;0;;
539198;Dobřichovice;2 738;2 059;2 049;413;2;3;81;;0;142;47;60;4;;32;4;2;336;;0;0;371;336;2;1;89;2;11;1;3;106;1;;
539210;Dolní Břežany;2 635;1 981;1 963;370;0;0;49;;0;417;75;28;6;;29;2;3;258;;0;1;208;355;0;0;43;1;14;1;1;99;3;;
531146;Drahelčice;653;451;449;53;0;1;20;;1;45;25;12;0;;8;0;1;63;;0;0;48;128;1;1;13;0;1;1;0;27;0;;
539228;Holubice;1 237;852;850;134;0;3;51;;0;48;43;13;8;;21;2;3;118;;0;2;89;203;0;0;10;0;18;1;0;82;1;;
539236;Horoměřice;2 610;1 837;1 826;317;1;1;96;;0;116;77;30;12;;36;2;3;292;;0;2;227;402;0;3;79;0;25;2;3;95;5;;
539244;Hostivice;5 723;3 897;3 872;632;6;3;183;;1;244;196;73;10;;84;3;7;656;;1;2;476;842;2;3;140;0;30;3;6;259;10;;
539252;Hradištko;1 622;1 147;1 136;222;4;1;45;;0;80;58;9;9;;29;1;2;155;;1;0;102;285;0;0;34;0;9;2;0;86;2;;
539261;Hvozdnice;381;290;287;39;2;0;31;;0;32;12;6;2;;3;1;0;37;;2;0;25;71;0;0;4;0;1;0;1;18;0;;
539287;Choteč;279;173;171;24;0;0;9;;1;11;13;1;1;;5;1;0;19;;1;2;26;38;0;0;7;0;2;0;0;9;1;;
539295;Chrášťany;647;410;408;48;0;0;12;;1;36;16;7;3;;6;2;0;77;;0;0;44;110;1;0;8;0;2;0;1;34;0;;
539309;Chýně;1 711;1 278;1 273;197;0;0;56;;0;224;41;17;9;;34;2;1;169;;1;1;108;271;0;2;32;0;20;3;1;82;2;;
513431;Chýnice;280;224;223;42;0;1;11;;0;14;13;1;0;;5;0;1;37;;0;2;30;45;0;0;5;0;3;1;0;12;0;;
539317;Jeneč;1 000;636;632;84;2;1;27;;6;35;70;14;7;;10;1;1;85;;0;2;43;161;0;0;16;0;2;0;5;58;2;;
539325;Jesenice;5 552;3 996;3 980;822;3;3;127;;3;330;107;82;12;;81;2;3;628;;2;3;470;873;2;6;97;0;41;4;5;273;1;;
539333;Jílové u Prahy;3 530;2 314;2 304;351;5;3;101;;2;191;123;60;16;;40;2;8;380;;3;5;195;520;1;3;63;0;9;9;7;196;11;;
539341;Jíloviště;513;384;379;73;0;0;22;;0;17;14;6;2;;2;0;1;64;;1;2;46;73;0;0;17;0;1;2;1;31;4;;
539350;Jinočany;1 282;863;855;104;0;1;43;;1;98;30;11;9;;18;3;0;156;;0;1;82;208;1;0;30;0;6;1;0;52;0;;
539368;Kamenný Přívoz;1 121;669;663;81;1;1;35;;0;51;43;8;9;;7;0;2;99;;1;2;48;202;1;0;7;0;4;0;4;57;0;;
599727;Karlík;359;268;268;64;1;0;9;;0;14;14;10;3;;2;0;1;32;;0;0;38;51;0;0;4;0;5;1;1;18;0;;
571211;Klínec;538;389;385;77;0;0;17;;1;22;17;4;6;;15;2;2;50;;1;0;43;83;0;0;12;0;3;1;0;28;1;;
539384;Kněževes;453;337;334;35;1;1;16;;0;18;21;4;2;;6;1;1;52;;0;0;27;97;10;0;16;0;2;0;0;23;1;;
539392;Kosoř;661;437;436;60;2;0;29;;0;22;26;13;1;;7;0;4;69;;0;0;58;99;1;0;11;0;2;2;0;30;0;;
571261;Kytín;440;338;334;41;0;1;22;;0;23;11;11;2;;4;0;1;46;;0;0;37;97;1;3;8;1;3;2;0;20;0;;
539406;Lety;1 088;820;805;149;3;0;27;;0;68;20;16;2;;13;0;3;141;;1;1;120;147;0;1;38;0;11;0;0;44;0;;
539414;Libčice nad Vltavou;2 587;1 583;1 577;186;1;5;79;;0;117;115;34;25;;33;0;1;287;;2;0;146;357;0;1;47;0;10;0;2;124;5;;
539422;Libeř;1 091;766;760;139;1;0;26;;0;84;25;8;7;;9;1;2;120;;1;1;59;198;0;0;11;0;2;0;1;62;3;;
571326;Lichoceves;291;190;188;19;0;0;9;;0;15;11;6;2;;1;1;0;26;;0;0;17;50;0;0;7;0;2;0;0;21;1;;
539457;Líšnice;542;383;382;78;0;0;16;;0;23;14;6;1;;12;0;0;56;;0;0;48;80;0;1;12;0;3;0;1;31;0;;
539490;Měchenice;621;452;451;85;2;1;30;;0;34;17;6;5;;6;1;3;47;;0;0;49;122;1;0;15;0;5;0;0;22;0;;
540765;Mníšek pod Brdy;4 299;2 927;2 904;490;6;3;145;;2;173;129;104;19;;68;5;4;467;;5;3;266;688;0;3;127;1;21;4;0;166;5;;
531618;Nučice;1 519;1 023;1 012;170;1;0;45;;0;96;29;21;0;;23;2;3;189;;0;0;90;234;0;0;42;1;8;0;1;54;3;;
539503;Ohrobec;953;712;710;140;1;1;32;;1;76;23;8;7;;13;0;0;106;;0;1;76;164;1;1;9;0;2;2;1;42;3;;
571334;Okoř;84;53;50;18;0;0;4;;0;4;0;0;0;;1;0;0;7;;0;0;5;8;0;0;0;0;0;0;0;3;0;;
539511;Okrouhlo;539;383;382;47;0;2;14;;1;37;19;4;4;;5;0;0;66;;0;0;27;108;0;1;7;0;3;0;1;35;1;;
539520;Ořech;732;522;519;117;0;1;24;;0;41;21;12;3;;6;0;0;69;;0;1;50;110;2;1;16;1;7;0;0;37;0;;
539546;Petrov;543;371;369;54;0;0;25;;0;24;11;5;1;;10;2;1;71;;1;1;30;95;0;0;5;0;3;1;2;26;1;;
539562;Pohoří;284;185;183;17;0;0;7;;0;18;8;1;1;;6;0;0;31;;0;0;7;55;0;2;7;0;6;1;0;12;4;;
539571;Průhonice;1 811;1 383;1 375;262;2;0;53;;0;89;65;21;7;;22;1;0;189;;1;3;154;382;0;1;50;0;11;0;5;54;3;;
539597;Psáry;2 863;1 951;1 942;353;1;1;81;;2;252;64;24;11;;30;3;7;267;;0;0;195;432;1;3;44;0;28;5;0;131;7;;
532789;Ptice;615;452;450;65;0;0;25;;1;49;20;6;0;;10;2;1;81;;0;0;42;104;0;1;22;0;0;2;0;19;0;;
571318;Roblín;175;131;130;33;0;0;5;;0;4;8;2;2;;4;0;0;17;;0;0;13;29;0;1;1;0;2;0;0;8;1;;
539627;Roztoky;5 782;4 230;4 196;673;6;5;202;;2;331;184;74;19;;79;0;6;640;;1;3;778;721;3;0;194;1;39;4;2;225;4;;
531723;Rudná;3 629;2 471;2 449;397;0;4;117;;2;227;99;38;7;;58;2;3;417;;2;1;236;574;5;2;67;1;21;4;2;160;3;;
539643;Řevnice;2 699;1 905;1 894;316;2;2;88;;1;149;69;36;15;;45;4;3;311;;1;4;233;413;3;1;78;0;16;0;6;94;4;;
539651;Řitka;890;633;629;112;2;2;19;;0;46;21;10;1;;15;3;3;99;;0;0;84;141;1;0;20;0;3;0;0;44;3;;
539660;Slapy;707;495;490;73;0;0;27;;2;37;23;9;9;;7;1;1;69;;0;0;43;134;0;1;15;0;5;0;0;31;3;;
539686;Statenice;1 019;681;677;135;0;0;22;;0;38;15;13;11;;17;0;0;116;;0;0;88;139;0;0;27;0;3;0;0;53;0;;
539708;Středokluky;834;584;581;101;0;2;41;;0;29;44;16;3;;7;0;1;56;;0;0;60;162;0;1;18;0;0;0;1;39;0;;
571342;Svrkyně;233;153;152;26;0;0;5;;0;8;18;2;2;;0;0;1;20;;0;2;17;37;0;0;3;0;2;0;0;9;0;;
539732;Štěchovice;1 504;1 031;1 026;172;1;1;64;;0;87;45;14;8;;6;0;0;185;;0;0;81;225;0;2;24;0;3;1;4;98;5;;
531821;Tachlovice;754;484;482;66;2;0;13;;1;41;23;10;2;;18;0;0;83;;0;0;30;118;0;1;20;1;5;3;0;42;3;;
598313;Trnová;215;163;163;24;2;0;16;;0;7;4;3;1;;7;0;0;34;;0;0;7;33;0;0;6;0;3;1;0;13;2;;
539759;Třebotov;1 048;744;740;123;2;0;17;;3;59;46;14;4;;12;1;2;125;;0;0;82;172;4;2;20;0;6;0;2;38;6;;
539767;Tuchoměřice;1 017;721;715;120;1;1;41;;1;42;37;7;8;;7;2;1;104;;0;1;89;166;1;2;19;0;2;0;2;60;1;;
539775;Tursko;617;392;390;63;0;0;14;;0;19;35;3;10;;10;0;0;57;;0;1;44;89;0;0;10;0;3;0;0;30;2;;
571351;Úholičky;582;402;400;45;0;0;18;;0;38;27;7;5;;5;0;0;58;;1;2;48;115;0;0;11;0;0;0;0;19;1;;
532991;Úhonice;872;604;595;87;2;0;29;;0;37;66;2;4;;15;0;0;79;;0;0;34;161;1;0;21;0;3;2;0;49;3;;
539805;Únětice;501;393;391;61;0;0;14;;0;69;25;4;0;;6;0;0;54;;0;0;50;60;0;0;20;1;2;1;0;24;0;;
539813;Velké Přílepy;2 195;1 602;1 588;302;2;1;76;;0;136;62;24;10;;28;1;4;257;;2;6;194;285;1;1;59;0;9;0;2;126;0;;
513458;Vestec;1 421;1 036;1 032;188;1;2;35;;1;75;25;24;4;;34;2;0;183;;0;0;113;233;0;1;29;0;8;0;1;72;1;;
539830;Vonoklasy;426;305;304;81;0;0;23;;0;19;15;6;2;;1;0;1;50;;0;0;28;55;0;1;7;0;2;0;1;12;0;;
539848;Vrané nad Vltavou;1 964;1 313;1 307;224;1;0;41;;0;101;68;29;7;;20;0;2;221;;2;3;139;305;3;0;35;0;5;6;0;88;7;;
539856;Všenory;1 293;929;916;157;1;0;33;;0;68;20;15;3;;17;0;2;152;;0;0;106;202;0;0;47;1;15;2;0;74;1;;
571288;Zahořany;239;171;169;27;1;0;6;;1;14;2;6;0;;0;0;1;34;;0;0;17;43;0;0;6;0;0;0;0;10;1;;
539872;Zbuzany;854;598;591;86;2;1;17;;0;30;16;20;1;;11;0;0;123;;0;0;88;134;0;0;18;0;5;0;1;36;2;;
539881;Zlatníky-Hodkovice;982;660;655;98;0;1;25;;0;92;25;10;2;;6;0;2;96;;0;0;59;162;2;1;9;0;2;2;3;55;3;;
539902;Zvole;1 284;944;934;185;0;0;31;;1;97;27;17;8;;25;1;4;148;;0;1;122;183;0;1;25;0;8;3;0;45;2;;
529672;Bezděkov pod Třemšínem;134;105;103;12;0;0;10;;0;13;11;2;0;;1;0;1;11;;0;0;0;32;0;1;3;0;0;0;1;5;0;;
564559;Bohostice;167;108;108;12;0;0;9;;0;5;22;1;0;;0;0;0;7;;0;0;5;37;0;0;4;0;0;0;1;5;0;;
539953;Bohutín;1 417;925;920;93;1;2;50;;0;45;75;12;6;;13;2;1;88;;1;1;50;348;1;2;30;1;7;2;0;88;1;;
539970;Borotice;302;202;202;18;1;0;20;;0;13;13;3;0;;0;0;0;23;;0;0;9;65;0;0;15;0;4;0;1;16;1;;
539988;Bratkovice;252;167;166;29;0;0;11;;0;11;15;1;0;;1;0;0;11;;0;0;9;40;0;0;9;0;7;0;0;22;0;;
540013;Březnice;2 841;1 612;1 605;142;1;0;157;;5;111;148;15;9;;17;3;1;153;;1;1;67;504;1;4;58;0;13;3;7;174;10;;
540021;Buková u Příbramě;283;206;206;22;0;0;21;;0;15;17;4;3;;3;0;0;24;;0;0;14;66;0;0;5;0;1;1;0;10;0;;
564664;Bukovany;69;54;54;2;0;0;3;;0;1;5;1;0;;1;0;0;4;;1;0;3;23;0;0;1;0;0;0;1;8;0;;
564419;Cetyně;134;99;99;7;0;0;7;;0;6;9;1;0;;1;0;0;10;;0;0;1;46;0;0;5;0;0;0;1;5;0;;
540072;Čenkov;326;206;204;15;0;0;14;;0;11;30;6;1;;3;0;0;15;;1;0;14;68;0;1;4;0;0;1;0;20;0;;
540081;Čím;245;162;161;10;0;0;9;;0;21;4;1;2;;1;3;0;31;;0;0;8;58;0;0;1;0;0;1;0;10;1;;
540099;Daleké Dušníky;344;231;230;30;0;0;20;;0;19;21;7;3;;1;0;1;43;;0;0;6;54;0;1;5;0;3;0;1;15;0;;
513504;Dlouhá Lhota;308;205;205;30;1;0;18;;1;9;6;0;4;;5;0;0;24;;0;0;8;63;0;1;13;0;2;0;1;19;0;;
540111;Dobříš;6 994;4 559;4 518;663;9;1;325;;3;232;280;83;31;;83;6;4;687;;0;3;305;1 188;4;10;182;1;27;10;8;363;10;;
540129;Dolní Hbity;739;551;549;54;1;0;62;;0;44;51;8;6;;11;0;0;41;;0;0;14;206;0;0;16;0;1;1;0;31;2;;
599298;Drahenice;132;88;88;3;0;0;11;;1;6;18;2;2;;0;0;0;15;;0;0;3;17;0;1;0;0;0;0;1;8;0;;
540145;Drahlín;445;315;314;25;0;0;26;;1;10;25;2;7;;4;0;0;29;;2;0;12;132;0;0;9;0;0;1;0;29;0;;
540153;Drásov;345;257;256;36;0;0;26;;0;9;20;2;2;;3;1;0;24;;0;0;11;97;0;0;7;0;0;0;0;18;0;;
540170;Drevníky;266;161;160;21;0;0;18;;0;12;8;2;0;;2;0;0;21;;0;0;12;39;0;0;9;0;1;0;1;14;0;;
540188;Drhovy;212;136;136;20;1;0;6;;1;10;5;2;0;;1;0;0;18;;0;0;7;45;1;0;1;0;0;1;1;15;1;;
598381;Dubenec;744;366;364;23;2;1;24;;0;11;25;8;10;;7;1;0;56;;0;0;17;128;1;0;6;0;2;2;4;30;6;;
540218;Dublovice;881;533;531;61;0;1;33;;0;52;47;7;5;;5;0;2;64;;0;0;19;161;1;1;23;0;0;1;0;48;0;;
564508;Dubno;234;174;174;28;0;0;6;;0;13;15;4;1;;2;0;0;17;;1;0;10;48;0;0;15;0;0;0;0;14;0;;
598402;Háje;337;237;235;38;0;0;4;;0;14;23;2;3;;4;0;0;19;;0;0;10;80;0;1;2;0;3;0;0;32;0;;
540242;Hluboš;506;334;334;47;0;1;14;;0;24;27;2;3;;3;0;0;37;;0;0;7;114;0;0;14;0;5;0;1;35;0;;
564605;Hlubyně;126;81;80;1;0;0;9;;0;12;4;0;2;;0;0;0;6;;0;0;4;29;0;1;5;0;2;0;0;5;0;;
564257;Horčápsko;84;64;64;10;0;0;9;;0;1;7;0;2;;2;1;0;1;;0;0;4;20;0;0;0;0;0;0;0;5;2;;
540285;Hřiměždice;337;226;225;32;0;0;8;;0;21;13;5;3;;5;0;0;25;;0;0;13;67;0;0;7;0;0;0;1;24;1;;
513580;Hudčice;210;114;113;6;0;0;14;;0;17;14;1;0;;1;0;1;9;;0;0;6;34;0;0;2;0;0;0;0;8;0;;
540315;Hvožďany;663;453;451;28;0;1;33;;1;97;60;5;6;;4;0;0;55;;0;1;14;104;0;1;13;0;1;0;1;25;1;;
540323;Chotilsko;379;231;229;33;3;2;6;;0;17;16;3;2;;1;0;0;37;;0;0;10;72;1;0;5;0;2;2;0;17;0;;
564249;Chrást;178;107;107;9;0;0;14;;0;11;11;2;3;;2;0;0;11;;0;0;3;21;0;0;3;0;1;0;0;16;0;;
540358;Chraštice;209;146;146;19;1;0;13;;0;8;5;0;1;;0;0;0;23;;0;0;11;49;0;0;7;0;0;0;0;9;0;;
540374;Jablonná;332;213;213;12;0;0;10;;0;16;33;5;4;;1;0;0;21;;0;0;8;73;0;0;4;0;0;0;0;25;1;;
540391;Jesenice;442;277;276;23;0;0;23;;1;34;15;0;3;;9;1;0;35;;0;0;12;79;0;0;15;0;0;1;0;25;0;;
540404;Jince;1 698;970;965;65;5;2;57;;2;41;206;27;6;;25;4;4;87;;1;2;33;260;0;2;22;0;4;3;5;96;6;;
540439;Kamýk nad Vltavou;741;481;476;47;0;0;23;;0;123;37;8;6;;5;1;1;42;;0;0;19;107;1;0;13;0;3;2;0;38;0;;
540447;Klučenice;394;266;255;26;1;0;23;;0;17;18;2;1;;3;0;0;21;;0;0;7;65;0;0;36;0;0;0;0;35;0;;
598461;Kňovice;261;162;160;11;0;0;9;;0;30;8;1;3;;2;0;0;19;;0;1;5;54;0;0;8;0;0;0;0;9;0;;
599204;Korkyně;95;74;74;8;0;0;4;;0;6;6;4;0;;1;0;0;11;;1;0;5;23;0;0;1;0;0;0;0;4;0;;
540498;Kosova Hora;1 080;678;675;55;0;0;43;;0;83;36;10;18;;5;0;1;92;;0;0;22;196;0;1;41;0;2;3;0;67;0;;
513555;Kotenčice;168;122;121;20;1;0;13;;0;2;8;2;1;;2;0;0;16;;0;0;5;30;0;0;7;0;0;0;1;13;0;;
529681;Koupě;98;56;56;2;0;0;14;;0;1;8;1;1;;0;0;0;1;;0;0;3;18;0;0;0;0;0;0;0;7;0;;
540536;Kozárovice;333;213;210;22;0;0;18;;0;11;28;2;1;;2;0;0;18;;0;0;3;64;0;0;7;0;1;0;2;31;0;;
540552;Krásná Hora nad Vltavou;867;534;529;45;1;0;36;;0;66;29;3;5;;4;1;1;58;;2;2;19;159;0;3;33;2;2;1;1;54;2;;
540579;Křepenice;152;112;112;22;1;0;7;;0;14;3;3;0;;0;0;0;13;;0;0;3;35;0;0;2;0;0;0;0;9;0;;
540587;Křešín;102;87;87;16;0;0;6;;0;1;18;0;3;;2;0;0;3;;0;0;0;14;0;0;0;0;1;0;3;14;6;;
540625;Láz;485;334;331;27;0;0;29;;0;12;25;6;2;;3;2;1;30;;0;0;25;129;0;0;6;0;2;1;1;30;0;;
564346;Lazsko;168;129;128;17;0;0;9;;1;13;7;1;0;;3;0;0;14;;0;0;5;37;0;0;11;0;1;0;0;9;0;;
513521;Lešetice;151;109;109;8;1;0;9;;0;7;10;1;5;;0;0;0;5;;0;0;5;35;1;0;7;0;0;0;1;14;0;;
598411;Lhota u Příbramě;398;266;263;28;0;0;18;;0;10;29;3;5;;4;1;0;24;;0;0;8;99;0;1;11;0;0;1;1;20;0;;
540714;Malá Hraštice;802;537;531;62;0;0;33;;1;39;23;12;3;;5;0;3;63;;0;0;19;192;1;1;15;0;4;1;1;49;4;;
540749;Milešov;270;160;160;13;0;0;22;;0;11;23;2;1;;0;0;0;10;;0;0;3;47;0;0;7;0;1;0;0;20;0;;
540757;Milín;1 699;1 059;1 051;93;1;1;73;;0;43;100;15;14;;12;1;1;125;;0;1;48;376;0;0;42;1;11;1;4;87;1;;
599751;Modřovice;64;42;42;6;0;0;3;;0;3;3;2;1;;2;0;0;2;;0;0;1;15;0;0;2;0;0;0;0;2;0;;
540781;Mokrovraty;608;376;374;42;0;0;13;;0;23;25;8;4;;3;3;3;77;;2;0;24;101;0;0;10;0;1;0;0;35;0;;
540790;Nalžovice;445;282;280;23;0;0;10;;0;30;14;3;1;;4;0;0;48;;0;1;10;86;0;1;9;0;0;1;1;35;3;;
564478;Narysov;224;142;142;12;0;0;11;;0;8;16;1;1;;0;0;1;17;;0;0;12;45;0;0;4;0;2;0;0;12;0;;
540811;Nečín;632;397;391;40;0;0;27;;0;33;33;3;4;;12;1;0;38;;0;0;15;122;0;1;16;0;4;0;0;41;1;;
540820;Nedrahovice;355;250;249;26;1;0;13;;0;30;13;3;3;;13;0;0;21;;0;0;8;64;0;1;18;0;2;1;0;32;0;;
540846;Nechvalice;528;318;318;37;0;1;12;;0;43;10;5;2;;6;0;0;31;;0;0;4;75;0;1;64;0;7;1;0;19;0;;
564524;Nepomuk;162;102;101;10;0;0;1;;0;4;14;1;1;;0;0;0;16;;0;0;3;32;0;0;0;0;3;0;1;14;1;;
564222;Nestrašovice;44;32;32;4;0;0;4;;0;2;1;0;0;;0;0;0;1;;0;0;2;10;0;0;1;0;1;0;0;5;1;;
540889;Nová Ves pod Pleší;922;631;616;110;0;0;31;;0;36;33;16;4;;2;0;4;95;;0;0;42;154;0;0;34;0;4;1;1;46;3;;
540897;Nové Dvory;210;147;147;23;0;0;9;;1;9;4;2;6;;0;0;2;32;;0;0;8;31;1;1;2;0;1;1;0;13;1;;
540901;Nový Knín;1 587;1 067;1 060;146;0;1;68;;1;51;90;11;17;;19;3;7;148;;0;2;43;302;1;2;37;0;3;0;1;106;1;;
513571;Občov;127;100;100;20;0;0;8;;0;8;11;0;2;;2;0;0;9;;0;0;6;24;0;0;2;0;0;0;0;8;0;;
540935;Obecnice;1 022;665;655;76;2;1;61;;0;30;71;3;4;;10;1;1;49;;0;0;35;196;1;2;20;0;3;1;4;79;5;;
540943;Obory;209;151;150;13;0;0;13;;0;22;14;2;3;;1;0;0;11;;1;0;8;46;0;0;3;0;0;1;0;11;1;;
540951;Obořiště;529;346;346;32;1;0;27;;1;19;27;0;5;;10;0;0;32;;0;0;26;97;1;0;20;0;2;1;1;43;1;;
540960;Ohrazenice;233;155;155;15;0;0;4;;0;10;9;0;1;;5;0;0;33;;0;0;4;62;0;0;4;0;0;0;0;7;1;;
598470;Osečany;206;125;122;13;0;0;8;;0;10;9;0;1;;0;0;0;19;;0;0;1;39;0;0;10;0;0;1;0;11;0;;
598372;Ostrov;92;59;58;4;0;0;0;;0;11;5;1;0;;2;0;0;8;;0;0;3;17;0;1;1;0;0;0;0;5;0;;
541010;Ouběnice;190;134;133;32;0;0;13;;0;7;2;1;3;;0;1;0;19;;0;0;7;32;0;0;4;0;0;0;0;12;0;;
541028;Pečice;300;165;163;16;0;0;10;;0;8;21;3;6;;2;0;0;13;;0;0;4;55;0;0;10;0;0;0;0;14;1;;
541044;Petrovice;1 093;770;769;66;1;0;28;;0;160;39;8;8;;4;0;1;119;;2;0;34;157;0;0;66;0;7;0;0;69;0;;
541052;Pičín;490;310;308;32;2;0;23;;0;12;38;1;3;;4;0;0;25;;2;0;8;111;0;0;8;0;0;0;0;37;2;;
564214;Počaply;79;43;43;5;0;0;3;;0;6;4;0;0;;4;0;0;4;;0;0;0;13;0;0;0;0;1;0;0;3;0;;
541087;Počepice;438;277;273;19;0;0;21;;0;37;19;1;2;;5;0;0;35;;0;0;6;82;0;0;19;0;1;0;1;25;0;;
564486;Podlesí;884;532;527;57;0;1;53;;0;38;44;10;5;;9;0;1;53;;0;0;40;152;1;1;13;0;3;0;0;46;0;;
541133;Prosenická Lhota;399;248;246;30;1;0;12;;0;31;23;1;1;;2;0;1;30;;0;2;3;59;0;0;21;0;0;0;0;29;0;;
539911;Příbram;26 653;15 856;15 728;1 714;23;8;1 186;;12;794;1 324;209;83;;257;9;17;1 799;;2;4;965;5 043;6;19;536;5;94;22;20;1 554;23;;
513547;Příčovy;260;177;177;20;1;0;6;;0;28;13;2;3;;2;1;0;23;;0;0;13;54;0;0;2;0;0;0;0;9;0;;
564389;Radětice;151;112;111;5;0;0;14;;0;5;7;2;1;;2;0;1;12;;0;0;4;52;0;0;0;0;0;0;0;6;0;;
598488;Radíč;181;119;117;8;0;0;9;;0;5;18;0;3;;0;0;0;4;;0;0;10;40;0;0;3;0;0;2;1;14;0;;
541206;Rosovice;637;389;385;49;1;0;32;;0;24;46;8;2;;18;2;0;44;;0;0;20;93;0;1;7;0;3;1;0;34;0;;
541231;Rožmitál pod Třemšínem;3 564;2 192;2 182;200;2;2;190;;1;130;329;22;18;;31;5;2;213;;2;1;74;659;1;4;97;0;13;5;3;175;3;;
541257;Rybníky;335;227;227;39;1;0;12;;0;15;18;7;1;;1;0;0;32;;0;0;10;59;1;0;7;0;3;0;0;20;1;;
541273;Sádek;188;136;136;10;1;0;12;;0;3;29;1;0;;0;0;0;12;;0;0;6;30;0;0;10;0;0;1;0;21;0;;
541281;Sedlčany;5 991;3 841;3 809;488;4;1;261;;2;270;237;44;43;;48;2;7;583;;1;1;172;1 049;2;2;186;3;21;3;13;359;7;;
530573;Sedlec-Prčice;2 331;1 513;1 509;155;1;0;134;;3;110;126;21;10;;13;0;0;147;;0;0;49;490;0;5;89;0;11;6;3;132;4;;
564630;Sedlice;212;164;161;30;1;0;16;;0;8;16;0;1;;4;0;0;14;;0;0;8;38;0;0;8;0;1;0;0;16;0;;
541311;Smolotely;198;144;143;13;0;0;8;;1;18;10;1;2;;1;0;0;16;;0;0;10;52;0;0;2;0;0;0;0;9;0;;
541320;Solenice;319;187;187;10;0;0;20;;0;10;18;1;1;;0;1;0;10;;0;0;10;62;0;1;13;0;0;1;0;29;0;;
541338;Stará Huť;1 052;756;755;108;1;2;46;;0;51;82;10;6;;13;0;1;129;;1;0;33;181;1;1;25;0;6;0;2;56;0;;
564583;Starosedlský Hrádek;111;71;71;8;0;0;2;;0;1;14;0;0;;3;0;0;3;;0;1;4;22;0;0;3;0;0;0;0;10;0;;
541371;Suchodol;281;220;218;30;0;0;12;;0;19;26;8;1;;1;0;0;19;;0;0;5;65;1;0;14;0;6;1;0;10;0;;
541389;Svaté Pole;352;251;250;37;1;0;11;;0;22;9;1;1;;7;0;0;33;;0;0;12;75;0;0;17;0;0;3;0;20;1;;
541397;Svatý Jan;490;311;311;38;0;0;24;;0;49;22;8;2;;5;1;0;33;;0;0;8;76;0;0;24;0;1;2;0;16;2;;
564273;Svojšice;86;65;65;9;0;0;3;;0;2;4;0;0;;0;0;0;11;;0;0;3;16;0;0;13;0;1;0;0;3;0;;
541419;Štětkovice;262;160;159;23;0;0;9;;0;17;13;6;0;;4;1;0;25;;0;0;4;31;1;0;8;0;0;0;0;15;2;;
529664;Těchařovice;57;24;23;1;0;0;17;;0;0;0;0;0;;0;0;0;1;;0;0;0;4;0;0;0;0;0;0;0;0;0;;
541427;Tochovice;496;337;333;29;0;0;26;;0;31;33;2;1;;3;0;0;29;;0;0;8;137;0;0;8;1;2;1;0;21;1;;
598429;Trhové Dušníky;363;241;239;21;0;0;13;;0;26;23;2;3;;2;0;1;29;;0;0;23;68;0;0;6;0;0;0;2;20;0;;
541451;Třebsko;197;136;133;13;0;0;9;;0;8;8;4;1;;3;0;0;17;;0;0;4;38;0;0;11;0;2;1;0;14;0;;
598330;Tušovice;84;61;61;2;0;0;0;;0;8;6;0;0;;0;0;0;7;;0;1;1;33;0;0;1;0;0;0;0;2;0;;
513539;Velká Lečice;139;85;85;10;0;0;6;;0;8;3;1;2;;1;0;0;12;;0;0;3;16;0;1;9;0;1;0;1;10;1;;
541508;Věšín;536;363;360;32;0;0;39;;1;17;36;1;1;;1;0;1;38;;0;0;12;118;0;2;4;0;0;1;1;54;1;;
541516;Višňová;536;356;354;46;1;0;35;;0;32;22;8;4;;3;0;1;34;;0;0;9;108;0;2;6;0;2;1;0;39;1;;
541524;Volenice;331;223;222;9;0;0;31;;0;37;38;1;3;;1;0;0;4;;0;0;18;49;0;2;8;0;0;1;0;19;1;;
541541;Voznice;498;343;341;44;0;0;25;;0;30;10;4;6;;19;0;2;58;;0;0;31;77;0;1;6;0;1;0;2;23;2;;
564362;Vrančice;130;89;89;12;1;0;3;;0;2;10;0;2;;3;0;0;18;;0;0;8;16;0;0;9;0;0;0;0;5;0;;
541567;Vranovice;236;147;146;8;0;0;13;;0;18;17;3;0;;1;1;0;8;;0;0;1;51;0;1;4;0;2;1;0;16;1;;
598437;Vševily;107;80;79;12;0;0;4;;0;8;10;1;1;;0;0;0;4;;0;0;3;17;0;1;3;0;0;0;1;13;1;;
541583;Vysoká u Příbramě;264;203;203;15;0;0;14;;0;18;16;5;2;;2;0;0;21;;0;0;15;66;0;0;11;0;1;0;0;16;1;;
541591;Vysoký Chlumec;685;429;428;34;1;0;34;;0;50;28;6;10;;6;2;0;49;;0;0;24;99;1;0;49;0;1;1;0;32;1;;
541613;Zalužany;260;181;179;20;0;0;14;;0;8;18;1;0;;3;0;0;13;;0;0;11;66;0;0;10;0;0;0;2;13;0;;
564320;Zbenice;112;70;70;3;0;0;7;;0;9;4;5;0;;2;0;0;5;;0;0;0;26;0;0;3;0;0;0;0;6;0;;
513512;Zduchovice;244;169;169;12;0;0;21;;0;28;9;2;2;;0;0;0;7;;0;0;4;72;0;0;4;0;0;0;0;8;0;;
564338;Županovice;70;49;49;9;0;0;6;;0;1;1;0;3;;4;0;0;5;;0;0;1;14;0;0;1;0;0;0;0;4;0;;
565423;Bdín;51;34;34;1;0;0;7;;0;1;1;1;0;;0;0;0;3;;0;0;1;15;0;0;0;0;0;0;0;4;0;;
541672;Branov;170;120;119;10;1;0;14;;0;0;23;0;1;;1;0;0;13;;0;0;2;40;0;0;5;0;1;0;0;7;1;;
565041;Břežany;106;71;69;6;0;0;4;;1;4;12;0;1;;1;0;0;9;;0;0;2;20;0;0;0;0;0;2;0;6;1;;
541699;Čistá;724;388;387;42;0;0;33;;0;26;67;5;7;;3;0;0;30;;0;0;9;114;0;0;18;0;0;1;0;29;3;;
565181;Děkov;160;63;63;7;2;0;7;;0;5;14;2;0;;0;0;1;3;;0;0;3;10;0;0;2;0;0;1;0;6;0;;
529711;Drahouš;64;41;41;2;0;0;1;;0;8;7;0;0;;0;1;0;2;;0;0;0;17;0;0;1;0;0;0;0;2;0;;
541729;Hořesedly;331;183;183;10;0;0;14;;0;9;40;4;1;;5;0;0;7;;0;0;2;63;0;1;2;0;0;0;0;22;3;;
541737;Hořovičky;385;170;168;9;2;0;20;;0;2;20;0;3;;0;0;1;7;;0;3;3;77;0;1;1;0;1;2;0;16;0;;
565202;Hracholusky;66;49;49;5;0;0;2;;0;4;5;2;0;;0;0;0;11;;0;0;2;12;0;0;1;0;0;0;0;5;0;;
541761;Hřebečníky;220;153;152;18;0;0;6;;1;12;30;2;1;;2;0;0;6;;0;1;6;55;0;0;1;1;1;0;0;9;0;;
541770;Hředle;464;276;275;25;0;0;26;;0;17;45;4;1;;1;0;0;19;;0;0;5;98;0;1;3;0;2;2;1;25;0;;
565334;Hvozd;133;77;75;1;0;0;5;;0;4;21;0;0;;1;0;0;5;;0;0;5;26;0;0;1;0;1;1;0;4;0;;
541818;Chrášťany;532;306;304;22;0;0;25;;0;18;31;1;1;;3;0;0;25;;2;2;12;118;0;1;3;0;0;0;2;38;0;;
565270;Janov;109;87;87;14;0;0;2;;0;9;9;0;0;;0;0;0;8;;0;0;0;24;0;0;1;0;1;0;0;18;1;;
541834;Jesenice;1 321;723;722;60;1;2;70;;1;44;87;11;4;;3;2;0;49;;1;0;36;232;0;2;11;0;3;1;0;98;4;;
565440;Kalivody;81;53;53;8;0;0;6;;0;7;4;0;0;;0;0;0;2;;0;0;2;19;0;0;1;0;0;0;0;4;0;;
565288;Karlova Ves;102;78;77;5;0;0;4;;0;12;18;1;1;;0;0;0;10;;0;0;0;19;0;0;1;0;0;0;0;6;0;;
541877;Kněževes;800;447;445;42;0;0;44;;0;13;42;9;7;;2;0;0;22;;2;0;9;169;0;1;8;0;5;3;1;65;1;;
565199;Kolešov;111;55;52;4;0;0;2;;0;0;4;1;0;;0;0;0;2;;0;0;1;32;0;0;0;0;0;0;0;6;0;;
541893;Kolešovice;686;383;381;24;0;0;45;;0;18;45;0;5;;0;0;0;22;;0;0;23;137;0;2;9;1;4;3;2;40;1;;
541907;Kounov;410;191;189;14;0;0;20;;0;2;40;0;0;;1;0;0;21;;0;0;5;65;0;0;2;2;0;0;0;17;0;;
565385;Kozojedy;74;61;61;6;0;0;2;;0;8;9;0;0;;1;0;0;3;;0;0;5;24;0;0;2;0;0;0;0;1;0;;
565351;Krakov;101;71;71;7;0;0;20;;0;1;5;2;2;;0;0;0;0;;0;0;2;19;0;0;4;0;0;0;0;9;0;;
565369;Krakovec;56;33;33;6;0;0;4;;0;1;3;0;0;;2;0;0;1;;0;0;2;11;0;0;0;0;0;0;0;2;1;;
541940;Kroučová;208;137;136;8;0;0;7;;0;50;12;0;0;;0;0;0;3;;0;0;2;41;0;0;1;0;0;0;1;11;0;;
598500;Krty;106;70;70;6;0;0;2;;0;1;11;1;0;;2;0;0;7;;0;1;7;27;0;0;1;0;0;0;0;4;0;;
541966;Krupá;376;194;194;9;1;0;8;;0;11;25;3;2;;2;0;0;13;;0;1;7;84;0;0;5;0;1;0;0;22;0;;
541974;Krušovice;485;307;306;30;0;0;24;;0;44;35;1;2;;10;1;0;22;;0;2;15;74;0;0;4;0;1;1;3;36;1;;
541982;Křivoklát;594;323;321;39;0;0;23;;0;19;27;2;2;;8;0;0;39;;0;0;20;81;0;0;9;0;2;0;0;48;2;;
542008;Lašovice;105;61;61;4;1;0;4;;0;3;11;2;2;;2;0;0;1;;0;0;3;20;0;0;1;0;0;0;1;6;0;;
542016;Lišany;549;336;331;18;0;0;42;;0;15;43;3;1;;4;0;0;37;;0;1;9;89;0;0;7;0;1;2;2;56;1;;
542032;Lubná;754;468;467;54;2;0;36;;0;24;59;6;3;;3;0;0;54;;0;0;19;137;0;2;2;0;2;1;1;62;0;;
542041;Lužná;1 525;944;938;78;0;0;75;;0;49;111;12;7;;6;3;1;85;;0;1;36;311;2;1;16;1;7;2;1;131;2;;
565377;Malinová;68;47;47;7;0;0;2;;0;0;11;0;0;;0;0;0;4;;0;0;1;14;0;0;1;0;1;0;0;6;0;;
542067;Městečko;361;226;224;18;0;0;13;;0;14;21;0;2;;5;0;0;35;;0;0;6;80;0;1;1;0;3;3;0;22;0;;
542075;Milostín;242;140;140;3;0;0;4;;0;10;23;0;1;;1;0;0;12;;0;0;5;60;0;0;1;0;2;0;0;18;0;;
565466;Milý;149;98;96;5;0;0;2;;0;4;3;0;1;;5;0;1;12;;0;0;10;39;0;1;6;0;1;0;0;6;0;;
542105;Mšec;703;434;432;47;0;1;30;;0;36;23;2;2;;5;0;0;53;;0;0;21;158;0;1;6;0;0;1;1;45;0;;
542113;Mšecké Žehrovice;456;291;287;34;0;0;19;;0;13;29;5;2;;1;2;1;26;;0;1;14;88;0;1;7;0;2;2;1;39;0;;
542121;Mutějovice;648;336;336;26;2;0;32;;0;19;40;6;4;;2;0;0;36;;0;0;10;118;0;1;7;1;1;1;0;30;0;;
542130;Nesuchyně;324;186;186;15;0;0;26;;0;13;20;1;2;;0;0;0;18;;0;0;11;50;0;0;0;0;0;0;0;29;1;;
598585;Nezabudice;69;48;50;9;0;0;2;;0;2;10;0;0;;0;0;0;8;;0;0;6;12;0;0;0;0;0;0;0;1;0;;
542164;Nové Strašecí;4 316;2 696;2 675;289;1;3;333;;1;150;225;50;23;;29;3;5;350;;0;2;168;679;4;7;89;2;14;4;2;236;6;;
542181;Nový Dům;121;85;84;6;0;0;6;;0;3;8;0;2;;1;0;0;10;;0;1;5;30;0;0;3;0;0;0;1;8;0;;
542199;Olešná;480;329;327;69;0;0;25;;0;13;20;3;0;;9;1;0;24;;0;0;8;102;0;3;7;2;2;0;1;37;1;;
542202;Oráčov;435;319;315;18;0;0;19;;0;8;34;5;1;;1;2;1;24;;0;2;8;147;0;1;5;1;2;4;4;26;2;;
542211;Panoší Újezd;235;160;159;24;0;0;16;;0;7;18;2;1;;1;0;0;11;;0;0;4;45;0;0;8;0;0;2;0;19;1;;
544248;Pavlíkov;863;545;543;38;3;0;43;;1;43;68;8;4;;9;0;0;53;;0;1;12;196;1;0;6;0;3;1;2;50;1;;
542229;Petrovice;234;136;136;11;0;0;8;;0;4;13;1;0;;1;0;0;11;;0;0;3;52;0;0;4;0;0;0;0;28;0;;
542237;Pochvalov;220;139;139;3;0;0;11;;0;19;22;1;1;;4;1;0;12;;0;1;3;48;0;0;0;0;0;1;0;12;0;;
598577;Přerubenice;60;44;44;7;0;1;6;;0;8;4;0;0;;0;0;0;5;;0;0;3;8;0;0;0;0;0;0;0;2;0;;
542253;Příčina;159;100;99;5;0;0;6;;0;11;18;0;0;;0;0;0;5;;0;0;4;41;0;0;1;0;0;0;0;8;0;;
565261;Přílepy;156;92;92;8;0;0;8;;1;10;4;0;1;;11;0;0;4;;0;1;2;33;0;0;0;0;0;0;1;8;0;;
542270;Pšovlky;228;152;152;19;0;0;13;;0;8;13;2;0;;7;0;0;10;;0;0;2;54;0;0;2;0;0;0;0;21;1;;
542288;Pustověty;109;72;72;9;0;0;1;;0;12;13;1;1;;0;0;0;1;;0;0;4;24;0;0;0;0;0;0;0;6;0;;
599760;Račice;131;100;100;13;0;0;11;;0;8;12;2;1;;0;0;1;16;;0;0;4;22;0;1;3;0;0;0;0;6;0;;
541656;Rakovník;12 631;7 493;7 446;839;10;0;612;;12;457;657;83;46;;133;7;10;918;;3;3;354;2 291;4;7;171;4;56;7;9;735;18;;
598526;Roztoky;870;485;483;38;0;0;41;;0;41;59;8;3;;6;0;0;59;;1;0;30;141;0;0;9;0;1;0;0;44;2;;
542326;Ruda;585;328;328;21;2;0;37;;0;21;31;3;4;;5;0;0;30;;0;0;18;114;0;0;10;2;4;0;0;26;0;;
542334;Rynholec;749;430;428;35;0;0;52;;2;23;54;0;6;;7;1;0;44;;1;0;23;130;1;0;8;0;9;1;1;29;1;;
565504;Řeřichy;88;54;54;5;0;0;6;;0;3;5;1;0;;2;0;0;2;;0;0;1;14;0;0;1;0;0;0;0;13;1;;
542351;Řevničov;1 128;702;698;40;0;0;58;;1;56;31;1;3;;13;1;0;73;;0;0;30;248;0;0;4;0;4;0;0;126;9;;
542369;Senec;201;138;137;27;0;0;19;;0;5;12;1;0;;2;0;0;16;;0;0;5;30;0;1;0;0;1;1;0;15;2;;
542377;Senomaty;939;606;603;64;1;2;59;;0;52;57;4;4;;8;0;1;48;;0;0;21;189;0;2;9;0;2;1;1;77;1;;
542385;Skryje;145;97;97;15;0;0;6;;0;6;7;2;2;;0;0;0;16;;0;0;6;25;0;0;3;0;0;0;0;6;3;;
542415;Slabce;600;358;356;31;0;0;27;;1;23;52;2;1;;9;0;0;26;;0;0;11;120;0;1;4;0;3;0;0;44;1;;
565407;Smilovice;46;27;27;2;0;0;6;;0;6;2;0;0;;0;0;0;1;;0;0;0;6;0;1;2;0;0;0;0;1;0;;
542431;Srbeč;268;121;121;4;0;0;21;;0;6;14;2;0;;2;0;0;2;;0;0;7;44;0;0;2;0;0;0;1;16;0;;
542458;Svojetín;259;140;140;7;0;0;14;;0;12;11;0;5;;1;0;0;21;;0;0;8;35;0;0;0;0;1;0;0;25;0;;
542466;Sýkořice;442;291;290;24;0;0;15;;0;16;33;2;1;;16;0;1;40;;0;0;20;80;0;0;2;1;5;0;1;32;1;;
542474;Šanov;413;250;250;21;2;0;26;;0;15;32;3;2;;3;0;1;22;;0;0;24;62;0;0;1;0;1;0;0;35;0;;
598496;Šípy;139;101;100;8;0;0;14;;0;8;5;1;4;;2;0;0;7;;0;0;3;36;0;2;1;1;2;0;0;6;0;;
565326;Švihov;37;29;29;5;0;0;1;;0;0;8;0;0;;0;0;0;5;;0;0;1;4;0;0;0;0;2;0;0;3;0;;
542504;Třeboc;117;82;79;6;0;0;4;;0;10;22;1;0;;0;0;0;2;;0;0;0;23;0;0;0;0;1;0;2;8;0;;
542512;Třtice;407;235;233;26;0;1;8;;0;15;25;4;1;;1;0;0;22;;0;0;6;91;0;0;6;0;1;1;1;24;0;;
565512;Václavy;53;36;36;0;0;0;1;;0;1;2;0;0;;0;0;0;5;;0;0;2;14;0;1;0;0;0;0;1;8;1;;
542563;Velká Buková;227;137;134;10;0;0;9;;0;5;13;0;0;;2;0;0;18;;0;0;7;47;0;0;5;0;1;2;2;13;0;;
529699;Velká Chmelištná;59;45;45;0;1;0;0;;0;1;7;0;0;;0;0;0;3;;0;0;3;27;0;0;1;0;0;0;0;2;0;;
565130;Všesulov;92;50;50;6;1;0;3;;0;4;13;0;0;;0;0;0;4;;0;0;0;18;0;0;0;0;0;0;0;1;0;;
542598;Všetaty;253;142;142;5;0;0;17;;0;7;12;4;1;;0;0;0;15;;0;0;9;49;0;0;2;0;2;0;0;19;0;;
542601;Zavidov;230;175;174;14;0;0;20;;0;11;20;0;0;;1;0;0;11;;1;0;6;60;0;0;0;0;0;1;0;29;0;;
542610;Zbečno;459;322;321;24;0;0;31;;0;17;30;2;2;;7;0;0;58;;0;0;22;97;0;1;6;0;3;0;0;21;0;;
598518;Žďár;75;42;42;2;0;0;0;;0;3;18;0;0;;0;0;0;3;;0;0;1;11;0;0;0;0;0;0;0;3;1;;
535826;Adamov;682;474;472;91;0;2;37;;0;36;40;4;3;;13;0;1;43;;;0;23;126;0;0;12;0;3;1;0;36;1;;
536156;Bečice;82;63;63;3;0;0;1;;0;5;3;0;1;;1;0;0;8;;;0;5;17;0;0;10;0;0;0;0;9;0;;
544272;Borek;1 215;923;914;123;1;3;52;;0;58;62;15;5;;26;0;1;93;;;0;65;275;1;0;47;0;14;5;0;66;2;;
544281;Borovany;3 299;2 093;2 081;205;5;0;159;;3;87;193;26;21;;26;6;5;176;;;4;77;645;0;1;173;3;19;5;9;223;10;;
535681;Borovnice;107;78;78;9;0;0;6;;0;9;0;1;0;;6;0;0;7;;;0;6;16;0;0;2;0;0;0;0;14;2;;
544299;Boršov nad Vltavou;1 431;993;986;133;0;1;50;;0;105;50;8;4;;21;0;2;93;;;0;68;261;0;2;72;0;22;3;1;88;2;;
535401;Bošilec;173;122;122;17;1;0;12;;0;4;12;0;1;;2;0;0;17;;;1;3;32;0;2;4;0;1;0;1;11;1;;
551490;Branišov;181;133;131;20;0;0;8;;0;13;6;0;0;;2;0;0;17;;;0;7;27;0;0;13;0;5;0;3;10;0;;
536059;Břehov;119;89;86;18;0;0;3;;0;7;2;0;1;;1;0;0;7;;;0;4;23;0;1;4;1;5;0;0;9;0;;
535541;Čakov;220;158;157;26;0;0;4;;0;9;22;4;1;;7;0;0;21;;;2;11;24;1;1;6;0;5;0;0;13;0;;
544329;Čejkovice;282;166;164;10;0;0;9;;0;7;17;0;0;;4;0;0;15;;;0;8;69;0;0;7;0;0;0;0;16;2;;
598976;Čenkov u Bechyně;48;40;40;7;0;0;5;;0;0;1;0;0;;0;0;0;5;;;0;3;7;0;0;6;0;0;0;0;6;0;;
544256;České Budějovice;74 414;45 962;45 670;5 976;42;34;2 997;;42;2 115;3 660;824;255;;1 016;41;99;5 036;;;34;3 156;12 640;38;66;2 085;63;810;99;70;4 301;171;;
551503;Čížkrajice;201;117;117;8;0;0;11;;0;6;13;2;1;;1;0;0;7;;;0;4;50;0;0;2;0;1;0;1;10;0;;
535249;Dasný;253;183;183;34;0;0;15;;0;12;15;0;0;;2;0;1;14;;;0;14;40;0;0;13;0;3;0;0;19;1;;
544361;Dívčice;454;287;283;28;1;0;20;;0;22;43;2;0;;3;0;0;27;;;1;9;72;2;0;21;0;1;0;1;27;3;;
535206;Dobrá Voda u Českých Budějovic;2 119;1 444;1 440;200;1;4;105;;0;78;85;26;3;;20;1;4;156;;;2;92;416;0;2;86;1;30;3;1;120;4;;
536199;Dobšice;92;44;44;4;0;0;1;;1;7;5;0;0;;0;0;0;8;;;0;1;11;0;0;0;0;0;1;0;5;0;;
544388;Dolní Bukovsko;1 332;799;794;82;0;0;56;;2;47;74;9;5;;17;0;1;62;;;0;34;244;5;1;53;0;15;2;0;85;0;;
535664;Doubravice;243;175;175;13;0;0;9;;0;24;12;5;1;;6;1;0;22;;;0;10;52;0;0;12;0;1;0;0;6;1;;
544400;Doudleby;382;245;244;48;0;0;17;;0;14;12;3;5;;8;0;2;23;;;1;20;55;0;1;7;1;3;0;0;24;0;;
535958;Drahotěšice;255;164;164;6;0;0;8;;0;5;16;8;0;;3;0;0;20;;;0;17;53;1;0;8;0;1;0;0;18;0;;
549371;Dražíč;208;122;122;10;0;0;6;;0;3;22;2;2;;3;0;0;6;;;0;8;35;0;0;9;0;2;1;0;13;0;;
544426;Dříteň;1 284;783;777;102;1;0;60;;6;44;70;8;8;;15;0;1;72;;;1;24;201;1;3;70;0;7;4;2;75;2;;
535788;Dubičné;324;234;234;39;2;0;14;;0;9;19;3;2;;3;0;0;15;;;0;7;56;2;1;15;0;2;1;0;43;1;;
544442;Dubné;1 184;848;842;110;1;2;45;;2;51;52;11;6;;19;0;3;63;;;0;63;227;0;1;77;0;16;2;3;86;2;;
544451;Dynín;259;136;136;6;1;0;4;;0;4;11;0;0;;2;0;2;22;;;0;7;56;0;0;8;1;2;0;0;9;1;;
535575;Habří;83;71;70;19;0;0;3;;0;3;0;0;0;;0;0;0;7;;;0;3;24;0;1;2;0;2;0;0;6;0;;
536075;Hartmanice;138;80;80;8;1;0;11;;1;6;10;0;0;;0;0;0;4;;;0;5;14;0;0;14;0;2;0;1;3;0;;
598593;Heřmaň;154;105;104;13;0;0;4;;0;3;10;1;2;;1;0;0;16;;;0;9;23;1;0;5;0;0;0;0;16;0;;
535851;Hlavatce;126;76;76;12;0;0;8;;0;4;2;1;0;;1;0;0;6;;;0;10;16;0;0;10;0;4;1;0;1;0;;
598607;Hlincová Hora;314;225;224;47;0;0;16;;0;16;7;4;1;;2;0;0;30;;;0;24;49;1;0;6;0;4;1;0;15;1;;
544485;Hluboká nad Vltavou;4 174;2 819;2 812;549;2;1;175;;2;129;245;44;14;;44;2;5;307;;;1;180;709;0;5;111;2;38;10;6;225;6;;
544493;Homole;1 191;840;837;144;0;2;36;;1;51;37;14;4;;18;0;2;96;;;0;60;228;1;1;48;4;17;1;3;66;3;;
536105;Horní Kněžeklady;96;60;60;9;0;0;4;;0;5;4;0;0;;1;0;0;3;;;0;3;14;0;0;11;0;1;0;0;5;0;;
544515;Horní Stropnice;1 221;695;694;35;2;0;66;;1;12;198;5;8;;4;1;0;43;;;0;19;178;0;0;44;0;7;1;1;67;2;;
544523;Hosín;673;492;490;86;0;0;21;;1;42;22;3;2;;5;0;0;31;;;0;20;153;1;0;29;0;13;1;5;53;2;;
535524;Hosty;131;72;72;8;0;0;5;;0;4;11;0;0;;2;0;0;10;;;0;1;13;0;0;7;0;0;0;0;11;0;;
535460;Hradce;72;55;55;4;0;0;6;;0;3;1;0;0;;0;0;0;9;;;0;4;18;0;0;8;0;1;1;0;0;0;;
544540;Hranice;176;84;82;0;0;0;4;;0;3;12;1;1;;1;0;0;10;;;0;5;19;0;0;9;0;0;0;0;13;4;;
544558;Hrdějovice;1 274;922;922;137;1;0;27;;3;53;52;19;3;;27;0;0;108;;;0;53;276;2;1;61;1;12;4;0;81;1;;
535753;Hůry;438;297;296;43;0;0;10;;0;25;18;11;0;;5;0;2;28;;;0;12;84;0;0;15;0;12;1;2;27;1;;
535613;Hvozdec;100;85;85;11;0;0;2;;0;11;6;1;4;;0;0;0;3;;;0;3;35;0;2;1;0;0;0;0;6;0;;
535907;Chotýčany;186;131;131;6;0;0;8;;0;11;5;4;3;;3;0;0;16;;;0;7;31;0;0;19;0;1;1;0;13;3;;
544591;Chrášťany;595;351;350;27;1;0;35;;1;10;60;6;1;;4;0;1;33;;;0;12;90;0;0;37;0;1;2;0;27;2;;
544612;Jankov;317;203;201;32;0;0;12;;1;9;20;7;4;;1;1;0;25;;;0;8;39;0;1;14;0;5;0;1;21;0;;
544639;Jílovice;781;505;498;32;0;0;26;;1;21;102;4;3;;1;0;0;37;;;0;17;138;0;7;41;0;6;1;2;58;1;;
535761;Jivno;267;180;180;27;0;0;4;;0;17;11;0;1;;4;0;0;21;;;1;12;49;0;0;4;0;1;0;0;28;0;;
535982;Kamenná;246;150;150;4;0;1;9;;2;2;33;2;0;;0;1;0;12;;;0;1;59;4;0;0;1;2;2;2;12;1;;
544663;Kamenný Újezd;1 837;1 273;1 261;256;0;3;67;;3;69;83;16;7;;10;1;3;130;;;1;75;308;0;0;107;0;20;5;0;94;3;;
535877;Komařice;264;164;163;23;1;0;2;;0;9;22;2;1;;0;0;0;20;;;1;6;45;0;0;12;0;1;0;1;16;1;;
529729;Kvítkovice;91;58;58;8;0;0;2;;0;2;3;0;0;;0;0;0;6;;;0;4;25;0;0;1;0;0;0;0;7;0;;
544736;Ledenice;1 947;1 251;1 243;153;4;1;77;;3;79;122;15;12;;30;3;0;125;;;2;54;307;0;2;97;0;11;4;6;135;1;;
544744;Libín;308;222;221;30;0;0;10;;0;21;32;4;6;;0;0;1;15;;;0;16;38;0;0;21;0;1;2;1;21;2;;
535800;Libníč;410;269;268;43;1;0;27;;0;22;12;4;2;;14;0;0;16;;;0;20;58;0;0;12;0;2;2;0;33;0;;
544761;Lipí;508;341;340;57;0;0;22;;0;24;27;9;8;;3;0;1;35;;;0;15;102;0;0;11;0;2;3;1;20;0;;
544779;Lišov;3 437;2 198;2 185;237;3;4;99;;3;332;176;22;1;;34;2;4;166;;;2;78;589;0;3;138;1;31;11;3;246;0;;
544795;Litvínovice;1 906;1 404;1 399;315;0;2;68;;2;68;68;19;6;;22;2;2;157;;;4;92;352;0;1;63;0;42;5;0;107;2;;
544809;Ločenice;562;346;345;59;0;2;30;;0;15;32;6;3;;1;0;4;32;;;0;16;94;0;0;13;0;1;2;0;32;3;;
535940;Mazelov;169;106;106;3;0;0;7;;0;4;19;0;4;;0;0;0;3;;;2;2;32;0;1;7;1;4;1;0;16;0;;
544817;Mladošovice;328;217;216;15;0;0;16;;0;10;26;0;5;;8;0;0;22;;;0;6;68;0;2;11;2;2;0;0;22;1;;
598615;Modrá Hůrka;70;40;39;2;0;0;0;;0;1;4;0;0;;2;0;0;5;;;0;1;10;0;0;11;0;0;0;0;3;0;;
535842;Mokrý Lom;83;68;67;9;0;0;3;;0;4;7;2;0;;1;0;2;8;;;0;5;19;0;1;1;0;0;0;0;5;0;;
535281;Mydlovary;249;157;156;12;0;0;8;;0;10;10;9;4;;0;1;0;15;;;0;6;54;0;0;11;0;1;0;1;13;1;;
535371;Nákří;174;112;112;11;0;0;14;;1;2;14;1;4;;2;0;1;12;;;0;1;22;0;0;10;0;1;0;3;13;0;;
544825;Nedabyle;290;219;219;26;0;0;7;;0;14;21;5;2;;5;0;0;32;;;0;8;59;0;1;23;0;1;0;0;15;0;;
535435;Neplachov;292;194;194;27;0;1;20;;1;11;12;1;1;;3;0;0;9;;;0;9;64;0;2;11;0;2;1;0;19;0;;
535648;Nová Ves;566;436;435;54;1;0;41;;4;31;32;7;2;;6;0;2;23;;;0;18;125;2;1;16;0;4;2;0;62;2;;
544868;Nové Hrady;2 045;1 224;1 214;117;4;0;113;;0;32;179;7;14;;16;2;3;103;;;0;30;346;0;3;47;0;10;3;3;177;5;;
544884;Olešnice;639;396;392;52;1;0;28;;0;20;54;0;3;;7;0;0;35;;;0;16;111;0;1;20;0;6;0;0;36;2;;
544892;Olešník;642;395;395;60;0;0;34;;2;23;33;6;4;;7;0;2;38;;;0;11;101;1;0;19;0;4;0;2;47;1;;
535231;Ostrolovský Újezd;134;104;103;18;0;0;7;;0;7;9;1;0;;1;0;0;9;;;0;5;33;0;2;6;0;0;0;0;5;0;;
535699;Petříkov;254;175;175;30;2;1;8;;0;8;18;2;0;;4;0;0;24;;;0;11;40;0;0;6;0;1;0;1;19;0;;
535991;Pištín;525;359;354;27;0;0;17;;0;42;26;7;4;;19;0;0;38;;;0;10;82;0;1;17;0;10;2;1;48;3;;
535176;Planá;194;134;133;21;0;0;9;;0;9;15;3;2;;3;0;1;13;;;0;4;33;0;0;2;0;4;2;0;12;0;;
535346;Plav;330;265;263;33;0;0;12;;1;11;18;7;2;;7;2;0;42;;;0;19;63;0;0;9;1;1;0;0;34;1;;
544965;Radošovice;145;88;88;8;0;0;8;;0;8;6;2;1;;0;0;0;9;;;0;2;28;0;0;9;0;0;0;1;6;0;;
544973;Roudné;922;671;667;123;0;0;46;;1;42;25;6;2;;21;1;3;60;;;1;51;183;1;0;26;1;5;7;4;54;4;;
544981;Rudolfov;2 049;1 399;1 395;228;2;0;78;;0;73;86;18;9;;35;2;2;128;;;0;84;404;4;1;72;3;14;1;5;141;5;;
545007;Římov;694;471;469;102;1;1;31;;0;23;44;10;5;;8;0;3;57;;;1;18;95;0;0;30;0;4;0;0;32;4;;
545015;Sedlec;399;281;278;26;1;1;24;;0;26;21;4;2;;5;0;0;34;;;0;8;89;0;0;21;0;1;0;1;14;0;;
545023;Slavče;537;303;301;24;0;0;11;;1;11;55;4;8;;4;0;0;24;;;0;10;101;0;0;18;0;3;0;0;27;0;;
545066;Srubec;1 877;1 346;1 345;234;2;0;69;;2;112;56;15;4;;24;0;1;148;;;0;101;379;2;0;71;1;19;3;2;98;2;;
545074;Staré Hodějovice;955;670;667;107;1;0;31;;0;53;47;6;1;;17;0;2;65;;;0;63;155;3;3;19;0;11;0;4;79;0;;
545082;Strážkovice;395;271;270;45;1;0;13;;0;9;24;3;3;;6;0;0;30;;;1;8;86;1;4;6;0;4;2;1;23;0;;
536032;Strýčice;52;38;38;2;0;0;2;;1;3;2;0;2;;0;0;0;2;;;0;0;19;0;0;2;0;2;0;0;1;0;;
545091;Střížov;180;117;116;24;0;0;6;;0;9;4;4;0;;4;0;0;10;;;0;6;30;0;0;3;0;1;0;0;15;0;;
545104;Svatý Jan nad Malší;439;288;286;41;0;0;11;;2;7;24;3;3;;4;0;2;29;;;0;7;105;0;0;12;1;4;2;0;26;3;;
545121;Ševětín;1 099;718;714;80;2;1;41;;0;43;66;14;7;;4;0;5;66;;;0;34;236;2;0;43;1;5;0;1;62;1;;
545139;Štěpánovice;685;436;435;43;1;0;21;;0;45;32;4;0;;3;1;1;36;;;1;4;134;0;1;31;1;2;0;0;73;1;;
545155;Temelín;703;424;422;34;0;0;41;;2;22;51;6;3;;7;0;2;40;;;0;11;116;2;2;15;0;3;1;2;61;1;;
545171;Trhové Sviny;4 082;2 501;2 474;224;5;0;140;;5;79;279;27;19;;46;4;2;253;;;1;76;816;0;2;139;1;34;4;7;309;2;;
545201;Týn nad Vltavou;6 491;3 892;3 861;419;4;0;266;;6;101;356;54;36;;131;1;6;541;;;1;160;1 049;2;6;199;1;49;4;18;436;15;;
535494;Úsilné;374;258;256;49;0;0;12;;0;23;11;1;2;;7;0;2;23;;;0;11;70;0;3;11;0;2;0;0;29;0;;
545228;Včelná;1 593;1 082;1 077;195;1;1;45;;0;55;64;23;8;;24;0;1;101;;;1;76;286;0;0;53;0;18;7;2;114;2;;
535737;Vidov;442;333;329;42;0;0;11;;0;26;15;3;1;;13;0;1;42;;;1;21;97;0;0;12;0;7;0;0;35;2;;
535893;Vitín;339;229;225;21;0;0;26;;0;9;15;4;1;;7;0;0;15;;;0;10;68;0;0;13;1;14;0;0;20;1;;
535915;Vlkov;33;24;24;1;0;2;0;;0;2;1;2;1;;0;0;0;5;;;0;0;5;0;0;2;0;0;0;0;3;0;;
545261;Vrábče;593;390;383;59;1;0;16;;0;19;21;10;1;;6;0;0;44;;;0;34;95;0;0;35;0;3;1;2;36;0;;
535796;Vráto;312;219;218;44;0;1;9;;2;13;15;3;2;;8;0;5;22;;;1;6;63;0;2;6;0;2;0;0;14;0;;
545287;Všemyslice;879;583;582;93;0;2;30;;0;25;46;3;3;;5;2;2;76;;;1;17;181;0;2;24;0;6;0;4;59;1;;
545317;Záboří;289;161;160;17;0;0;21;;0;15;16;1;1;;3;0;0;11;;;0;6;36;0;3;6;0;0;0;1;21;2;;
536016;Zahájí;371;253;252;22;2;0;18;;0;20;30;3;1;;3;0;1;12;;;0;11;94;0;0;12;0;2;0;2;19;0;;
599778;Závraty;33;25;25;4;0;0;1;;0;3;0;0;0;;2;0;0;0;;;0;0;4;0;0;5;0;0;0;0;6;0;;
545341;Zliv;2 941;1 846;1 831;188;4;0;115;;3;107;169;19;6;;27;3;5;157;;;1;83;618;1;0;63;1;28;2;2;224;5;;
535591;Zvíkov;215;168;168;19;0;0;11;;0;12;20;1;5;;3;0;0;15;;;0;6;31;1;0;11;0;3;0;0;30;0;;
545368;Žabovřesky;336;208;206;20;0;1;13;;0;16;16;0;1;;0;0;1;33;;;0;2;70;0;0;9;0;1;1;0;22;0;;
545376;Žár;284;139;139;9;1;0;4;;0;2;27;1;3;;1;1;0;17;;;0;4;50;0;0;3;0;4;0;0;11;1;;
545384;Žimutice;518;326;323;35;3;0;38;;1;9;25;2;2;;1;0;0;27;;;0;7;103;0;1;22;0;9;2;3;30;3;;
545406;Benešov nad Černou;1 000;547;538;43;3;0;24;;2;12;64;15;5;;7;1;2;28;;;0;10;214;0;0;45;2;5;1;1;54;0;;
545414;Besednice;666;420;417;58;1;0;30;;1;9;56;3;4;;4;0;0;26;;;0;20;144;0;1;35;0;2;0;0;23;0;;
536253;Bohdalovice;234;106;105;13;0;0;9;;0;1;13;0;4;;0;0;0;7;;;0;0;37;0;0;0;0;0;0;1;20;0;;
545431;Brloh;839;515;510;69;0;0;25;;1;26;47;6;4;;12;0;1;46;;;1;19;143;0;4;45;0;4;0;1;54;2;;
545449;Bujanov;418;196;195;9;0;3;11;;1;4;34;1;3;;1;0;0;17;;;0;7;73;0;0;2;0;0;0;0;29;0;;
545457;Černá v Pošumaví;694;388;386;37;3;0;32;;1;18;45;6;2;;4;0;1;30;;;0;19;120;0;2;6;0;5;0;3;50;2;;
545392;Český Krumlov;10 456;6 238;6 212;964;7;1;400;;10;180;599;119;57;;126;6;17;686;;;7;407;1 624;5;6;296;10;97;8;28;540;12;;
545465;Dolní Dvořiště;989;458;452;55;0;0;23;;0;27;67;10;6;;2;1;2;25;;;2;18;119;0;1;17;0;4;0;1;70;2;;
545473;Dolní Třebonín;1 021;633;628;103;0;0;42;;3;32;45;8;1;;2;0;2;64;;;1;33;169;1;1;28;0;7;2;0;82;2;;
545481;Frymburk;1 055;623;614;99;1;1;44;;1;17;60;9;4;;8;1;4;63;;;0;39;171;0;0;18;0;1;2;0;70;1;;
545490;Holubov;856;624;622;78;2;1;46;;3;33;58;5;2;;14;0;0;74;;;3;32;155;0;1;37;3;9;1;2;59;4;;
545503;Horní Dvořiště;391;171;170;16;1;0;15;;0;8;29;0;2;;6;0;0;7;;;0;3;50;0;2;6;0;2;0;1;21;1;;
545511;Horní Planá;1 804;1 013;1 005;141;0;1;57;;2;35;169;10;9;;7;0;0;76;;;2;38;304;0;4;30;1;5;2;2;101;9;;
545520;Hořice na Šumavě;667;321;317;23;1;2;15;;0;10;36;5;8;;6;0;1;29;;;0;24;120;0;0;6;0;1;0;0;30;0;;
536229;Chlumec;78;68;68;16;0;0;1;;0;1;3;2;0;;0;0;0;8;;;0;3;11;0;0;12;1;0;0;0;10;0;;
545546;Chvalšiny;1 019;598;595;63;3;0;37;;1;23;56;6;7;;6;0;2;61;;;1;23;206;0;2;17;0;4;1;2;74;0;;
545554;Kájov;1 390;853;847;104;0;0;51;;0;29;79;13;5;;14;0;2;76;;;0;59;256;0;1;46;2;9;3;2;94;2;;
545562;Kaplice;5 142;2 843;2 826;278;7;2;197;;8;106;292;34;26;;24;3;6;226;;;1;71;966;3;2;158;4;28;3;2;375;4;;
545571;Křemže;2 257;1 469;1 458;198;3;2;93;;5;60;111;14;14;;28;1;3;202;;;2;80;379;3;4;94;4;16;7;3;130;2;;
545597;Lipno nad Vltavou;508;312;311;61;0;0;26;;0;17;7;1;3;;9;1;1;44;;;0;17;71;1;0;9;0;11;0;1;31;0;;
545601;Loučovice;1 330;625;622;29;0;0;31;;1;14;78;9;9;;9;0;0;65;;;1;6;253;0;1;16;0;3;3;0;89;5;;
545619;Malonty;1 058;577;576;30;3;0;42;;5;27;96;9;9;;7;0;0;28;;;1;9;208;1;0;20;0;3;2;0;73;3;;
536296;Malšín;142;82;80;10;0;0;2;;0;2;10;0;1;;3;0;0;10;;;0;4;27;0;0;3;0;0;0;1;7;0;;
545627;Mirkovice;363;219;218;31;0;0;15;;2;6;15;2;0;;7;0;0;18;;;0;16;61;1;1;23;3;5;1;0;11;0;;
598623;Mojné;183;129;129;19;0;1;8;;0;5;6;0;2;;3;0;1;7;;;0;3;34;0;0;17;0;5;0;1;17;0;;
545643;Netřebice;391;232;232;22;0;2;17;;1;10;29;2;4;;9;0;0;18;;;1;3;65;0;0;13;1;5;0;0;29;1;;
513661;Nová Ves;325;203;200;21;0;0;15;;0;9;15;14;1;;2;0;2;18;;;0;3;62;0;0;19;0;2;0;0;15;2;;
545660;Omlenice;428;237;237;7;2;0;14;;1;7;21;4;2;;3;0;0;16;;;0;7;111;0;1;9;0;1;0;1;28;2;;
545694;Pohorská Ves;206;109;108;26;1;0;5;;0;2;4;0;4;;0;0;0;5;;;0;10;33;0;0;2;1;0;0;2;13;0;;
500194;Polná na Šumavě;413;324;318;23;3;2;18;;0;9;18;1;2;;14;1;1;21;;;0;6;114;0;1;15;0;4;0;1;62;2;;
545716;Přední Výtoň;218;143;141;24;0;1;10;;0;3;19;3;0;;0;0;0;16;;;0;8;46;0;0;2;0;0;1;0;8;0;;
545724;Přídolí;518;255;254;15;0;0;16;;1;6;21;0;3;;5;0;0;19;;;0;10;81;6;0;24;0;6;0;1;40;0;;
545732;Přísečná;166;120;120;26;0;0;6;;0;6;4;0;0;;2;0;1;12;;;0;4;38;0;0;3;0;2;0;0;16;0;;
545767;Rožmberk nad Vltavou;280;179;178;36;0;0;12;;0;6;15;1;3;;3;0;0;15;;;0;7;47;0;1;6;0;0;0;0;25;1;;
545775;Rožmitál na Šumavě;347;198;195;12;0;0;11;;0;8;27;2;6;;3;0;0;14;;;0;6;66;0;0;1;1;1;0;0;37;0;;
545805;Soběnov;291;208;208;11;0;2;20;;3;8;8;2;0;;1;0;0;9;;;0;13;72;0;0;41;0;0;0;1;16;1;;
536245;Srnín;253;196;196;40;1;0;4;;0;8;9;3;9;;3;0;0;19;;;1;16;47;0;2;7;0;0;0;1;24;2;;
551538;Střítež;300;183;182;27;2;0;10;;0;2;16;2;2;;0;2;1;15;;;1;4;66;0;0;14;0;4;0;0;13;1;;
545813;Světlík;191;105;102;5;1;0;8;;0;1;14;1;5;;3;0;0;2;;;0;4;18;0;0;14;0;0;0;8;18;0;;
545821;Velešín;3 142;1 875;1 865;205;1;6;119;;2;67;146;12;15;;31;6;5;180;;;1;103;595;6;0;143;1;18;1;1;197;4;;
545830;Větřní;3 097;1 464;1 458;128;2;2;107;;3;35;180;21;5;;22;2;3;115;;;1;44;434;2;2;39;1;11;1;69;225;4;;
536300;Věžovatá Pláně;115;89;88;6;0;0;4;;1;6;5;0;0;;0;0;0;11;;;0;8;27;0;0;15;0;0;0;0;5;0;;
545848;Vyšší Brod;1 806;951;947;119;2;1;58;;2;75;86;29;10;;10;0;1;74;;;0;67;263;1;1;29;1;9;2;2;101;4;;
545864;Zlatá Koruna;617;407;405;49;0;0;18;;1;25;43;6;3;;3;0;2;36;;;0;44;97;2;0;20;0;7;1;12;35;1;;
545872;Zubčice;331;209;206;19;0;0;11;;0;17;5;3;1;;2;0;0;24;;;0;14;60;1;0;33;0;1;0;0;15;0;;
536237;Zvíkov;74;45;45;2;0;0;1;;1;3;0;0;2;;0;0;0;0;;;0;1;17;0;0;12;0;0;0;0;6;0;;
562726;Báňovice;90;71;71;9;0;0;2;;0;1;0;0;1;;0;0;0;4;;;0;5;11;0;0;33;0;0;0;0;5;0;;
562548;Bednárec;87;47;47;8;0;0;8;;0;3;0;1;0;;0;0;0;9;;;0;0;14;0;0;3;0;0;0;1;0;0;;
561053;Bednáreček;156;101;99;9;0;0;8;;0;1;13;2;3;;2;0;0;4;;;0;5;34;0;0;4;0;0;1;1;12;0;;
561711;Blažejov;367;233;233;21;1;0;21;;0;9;33;2;4;;6;2;0;18;;;1;5;76;0;0;5;0;2;0;0;24;3;;
562742;Bořetín;77;54;53;3;0;0;6;;0;1;1;0;2;;2;0;0;4;;;0;2;22;0;0;4;0;0;1;0;5;0;;
507733;Březina;107;71;71;8;0;0;6;;0;1;7;0;0;;0;1;0;5;;;0;1;16;0;1;16;0;0;0;1;8;0;;
546020;Budeč;168;91;91;11;0;0;1;;0;5;11;0;2;;4;0;1;6;;;0;5;19;0;1;17;0;0;0;0;7;1;;
546038;Budíškovice;596;362;360;27;3;1;35;;1;10;22;1;4;;5;1;0;38;;;0;4;82;0;2;81;0;3;1;3;34;2;;
509191;Cep;160;89;88;15;0;0;4;;0;4;14;0;1;;2;2;1;12;;;0;1;18;0;0;5;0;0;0;0;8;1;;
546054;Cizkrajov;448;233;233;21;0;4;8;;0;9;25;0;4;;1;0;0;25;;;0;2;87;0;1;21;0;0;0;0;25;0;;
509116;Červený Hrádek;169;112;111;3;0;0;10;;0;6;12;1;1;;2;1;0;18;;;0;2;21;0;0;18;0;0;0;1;14;1;;
546089;České Velenice;2 473;1 148;1 140;110;2;3;143;;3;46;124;18;14;;11;0;1;109;;;2;48;310;0;0;32;2;5;1;5;148;3;;
546097;Český Rudolec;781;498;494;43;0;0;26;;1;20;53;4;4;;0;0;1;42;;;0;16;168;1;2;50;2;2;1;0;54;4;;
546101;Číměř;582;313;312;22;0;0;17;;0;10;45;3;1;;7;0;0;44;;;1;12;108;0;1;7;0;2;0;0;31;1;;
561703;Člunek;397;269;269;15;0;0;20;;0;8;42;0;4;;3;0;0;16;;;0;10;104;0;0;7;0;1;0;0;39;0;;
546127;Dačice;6 115;3 830;3 810;403;7;3;253;;5;60;425;27;15;;52;4;8;360;;;2;109;969;0;10;683;2;19;7;4;379;4;;
546143;Dešná;504;223;223;9;1;1;30;;0;3;33;2;2;;1;0;1;21;;;0;6;79;0;0;10;0;0;1;0;23;0;;
546151;Deštná;608;368;367;60;0;1;26;;1;12;30;3;2;;5;2;3;33;;;1;14;104;0;4;24;0;0;0;1;41;0;;
529753;Dívčí Kopy;61;45;45;2;0;0;2;;0;1;4;1;0;;2;0;0;4;;;0;0;19;0;0;1;0;0;0;1;8;0;;
562416;Dobrohošť;37;30;30;2;0;0;1;;0;0;4;0;0;;0;0;0;3;;;0;0;6;0;0;14;0;0;0;0;0;0;;
562467;Dolní Pěna;268;198;198;40;0;0;8;;0;6;15;2;1;;8;0;1;26;;;0;14;51;0;0;4;0;4;0;0;16;2;;
562602;Dolní Žďár;118;84;84;9;0;1;6;;0;2;13;0;0;;2;0;0;9;;;0;5;18;0;0;2;0;1;0;0;16;0;;
562840;Domanín;299;205;204;32;0;0;18;;0;15;17;4;2;;0;0;0;25;;;0;8;36;0;2;12;1;0;0;0;30;2;;
507610;Doňov;61;48;47;11;0;0;2;;0;1;2;0;0;;0;1;0;1;;;0;2;17;0;0;2;0;0;0;0;8;0;;
560987;Drunče;42;33;33;1;0;0;1;;0;3;3;4;0;;0;0;0;2;;;0;0;14;0;1;1;0;0;0;0;3;0;;
562815;Dunajovice;174;99;96;11;0;0;5;;1;3;8;1;0;;0;0;0;4;;;0;4;19;0;0;5;0;4;2;1;26;2;;
509141;Dvory nad Lužnicí;281;205;204;16;0;0;11;;1;6;18;4;1;;5;1;2;18;;;0;4;54;0;1;11;0;4;1;0;46;0;;
562637;Frahelž;125;79;78;5;0;0;4;;0;3;13;3;2;;0;0;0;0;;;0;1;45;0;1;1;0;0;0;0;0;0;;
562696;Hadravova Rosička;45;38;38;3;0;0;5;;0;0;1;0;0;;1;0;0;3;;;0;0;21;0;0;0;1;0;0;0;3;0;;
562807;Halámky;152;117;116;16;0;0;9;;0;2;4;0;2;;4;0;1;2;;;0;6;41;0;0;11;0;0;0;0;17;1;;
562386;Hamr;285;175;174;17;1;0;9;;0;4;20;0;0;;0;0;0;27;;;0;7;69;0;0;2;0;1;0;1;16;0;;
546291;Hatín;171;124;124;10;1;0;16;;0;7;18;0;2;;3;0;0;6;;;0;6;45;0;0;2;0;1;0;0;7;0;;
546305;Heřmaneč;71;56;55;3;1;0;5;;0;0;2;1;0;;1;1;0;6;;;0;1;11;0;0;17;0;0;0;0;6;0;;
598658;Horní Meziříčko;87;50;50;1;0;0;6;;0;4;7;0;0;;0;0;0;4;;;0;3;9;0;0;4;0;1;0;0;11;0;;
562785;Horní Němčice;67;41;41;3;0;0;1;;0;0;11;0;0;;0;0;0;5;;;0;0;15;0;0;2;1;0;0;0;3;0;;
546364;Horní Pěna;486;310;306;24;1;0;40;;0;14;46;3;4;;8;0;0;37;;;0;4;78;0;0;5;0;2;0;0;40;0;;
546381;Horní Radouň;204;140;139;5;0;0;28;;0;4;18;3;0;;0;0;0;13;;;0;7;39;0;0;1;0;2;0;0;19;0;;
561061;Horní Skrýchov;133;98;97;25;0;0;3;;0;8;4;0;0;;5;0;0;13;;;0;6;24;0;0;1;0;1;0;0;7;0;;
562319;Horní Slatina;116;80;80;6;0;0;5;;0;0;7;0;0;;0;0;0;6;;;0;3;28;0;0;23;0;0;0;0;2;0;;
546402;Hospříz;331;186;185;8;0;0;7;;0;12;27;3;4;;0;0;1;8;;;0;6;59;0;1;6;1;1;0;1;39;1;;
562831;Hrachoviště;65;39;39;4;0;0;6;;0;0;9;0;0;;0;0;0;2;;;0;1;12;0;0;4;0;0;0;0;1;0;;
546445;Hříšice;260;186;185;17;1;0;4;;0;6;7;4;2;;2;0;0;15;;;0;6;52;0;0;54;0;0;0;0;15;0;;
546461;Chlum u Třeboně;1 716;1 073;1 061;85;0;0;78;;2;72;155;18;13;;3;0;1;89;;;1;23;335;0;0;45;0;5;1;6;129;0;;
546500;Jarošov nad Nežárkou;915;648;644;60;2;4;60;;0;28;46;6;4;;17;0;0;78;;;0;22;190;0;3;32;0;4;0;0;88;0;;
562769;Jilem;106;83;81;10;2;0;4;;0;4;10;1;2;;0;0;0;5;;;0;2;29;0;0;2;0;0;0;0;10;0;;
545881;Jindřichův Hradec;17 383;10 510;10 433;1 166;14;6;1 031;;15;354;975;174;77;;273;6;25;1 221;;;2;502;3 096;0;31;401;6;67;12;17;918;44;;
562491;Kačlehy;74;56;56;3;0;0;2;;0;1;5;0;0;;2;0;0;9;;;0;0;20;0;0;2;0;1;0;0;10;1;;
598631;Kamenný Malíkov;65;45;45;6;0;0;5;;0;11;2;1;0;;2;0;1;5;;;0;4;8;0;0;0;0;0;0;0;0;0;;
546542;Kardašova Řečice;1 780;1 066;1 058;105;3;0;104;;1;59;93;8;9;;16;2;1;109;;;2;53;296;0;1;51;3;11;1;3;123;4;;
562688;Klec;158;100;100;11;0;0;6;;0;4;17;1;0;;0;0;0;10;;;0;0;33;0;3;1;0;0;0;1;13;0;;
509108;Kostelní Radouň;242;170;168;17;0;1;17;;1;13;16;0;0;;0;0;0;24;;;1;8;44;0;0;6;0;0;0;0;19;1;;
508357;Kostelní Vydří;158;110;110;7;0;0;13;;0;4;8;2;0;;4;0;0;9;;;0;3;18;0;0;36;0;0;0;0;5;1;;
546615;Kunžak;1 204;781;772;87;2;0;49;;1;31;81;10;9;;12;1;1;112;;;1;33;191;0;3;75;1;3;2;1;66;0;;
546623;Lásenice;438;264;264;27;1;0;20;;0;3;39;8;1;;8;0;1;21;;;0;12;80;1;0;10;0;2;0;1;29;0;;
546666;Lodhéřov;533;315;312;28;0;0;21;;0;6;64;3;4;;5;0;0;41;;;0;3;107;0;0;5;0;1;1;0;23;0;;
546674;Lomnice nad Lužnicí;1 485;893;887;104;0;1;96;;0;23;78;9;5;;17;1;3;71;;;2;55;255;0;3;45;1;4;4;0;109;1;;
508501;Lužnice;336;238;237;34;4;0;16;;0;10;31;12;5;;4;0;0;16;;;0;18;47;1;1;5;1;0;3;0;25;4;;
546712;Majdalena;409;252;250;25;0;0;19;;1;5;22;5;4;;1;0;0;25;;;0;10;64;0;0;25;1;3;5;1;34;0;;
546798;Nová Bystřice;2 675;1 428;1 425;144;1;0;149;;0;48;226;24;9;;39;2;4;120;;;0;55;410;0;2;44;0;8;1;1;136;2;;
562734;Nová Olešná;105;71;71;13;0;0;9;;0;4;6;0;1;;1;0;0;1;;;0;5;26;0;1;3;0;0;0;0;1;0;;
546801;Nová Včelnice;1 883;1 041;1 038;92;0;1;96;;0;36;112;13;7;;10;0;1;99;;;0;41;379;0;3;30;0;6;0;1;106;5;;
562360;Nová Ves nad Lužnicí;276;149;148;12;0;1;10;;0;5;20;4;1;;1;0;0;11;;;0;1;45;2;0;5;0;0;0;0;30;0;;
546844;Novosedly nad Nežárkou;570;368;360;56;0;0;22;;1;16;50;7;3;;5;0;0;33;;;0;21;95;0;0;11;0;1;0;1;38;0;;
562475;Okrouhlá Radouň;175;118;113;15;0;0;13;;0;3;17;0;3;;5;0;0;5;;;0;3;28;0;0;3;0;0;0;0;18;0;;
507717;Peč;356;210;210;10;0;0;19;;0;9;36;2;1;;6;0;0;17;;;0;2;56;0;0;23;0;1;0;0;28;0;;
546917;Písečné;424;216;215;8;2;2;21;;0;3;33;1;3;;2;0;0;26;;;0;11;57;0;3;14;0;8;0;0;21;0;;
561070;Pístina;91;68;68;5;1;0;11;;0;5;9;0;0;;3;0;0;6;;;0;2;10;0;0;2;0;1;0;0;11;2;;
509078;Plavsko;376;259;259;32;1;1;22;;0;21;15;1;2;;10;0;2;35;;;0;13;61;0;0;5;1;2;0;2;32;1;;
507628;Pleše;159;92;91;5;0;0;10;;0;1;9;0;2;;1;0;1;9;;;0;7;28;0;1;6;0;0;0;0;10;1;;
546968;Pluhův Žďár;506;298;296;32;0;0;23;;0;15;22;3;3;;3;0;1;24;;;0;10;105;2;3;17;1;2;1;0;27;2;;
562459;Polště;96;65;65;10;0;1;7;;1;4;8;1;0;;0;0;0;1;;;0;5;13;1;0;1;0;0;0;0;12;0;;
562670;Ponědraž;97;52;52;3;0;0;8;;0;0;3;0;1;;2;0;0;9;;;0;3;18;0;0;2;0;0;0;1;2;0;;
562653;Ponědrážka;68;45;45;7;0;0;4;;0;1;1;0;0;;0;0;0;11;;;0;0;18;0;0;0;0;0;0;0;2;1;;
546992;Popelín;411;262;257;15;2;0;20;;0;9;34;7;2;;4;0;0;29;;;0;7;88;0;1;8;0;0;0;0;30;1;;
561088;Příbraz;217;139;138;24;0;1;13;;2;8;10;3;2;;0;0;1;16;;;0;6;30;0;0;2;0;1;2;0;17;0;;
547069;Rapšach;445;243;241;36;0;0;23;;0;4;39;3;0;;1;1;0;26;;;1;7;66;0;0;7;0;0;2;0;24;1;;
507784;Ratiboř;173;106;106;8;0;0;14;;0;7;4;1;0;;0;0;0;4;;;0;4;48;1;1;1;0;1;0;0;12;0;;
547085;Rodvínov;458;330;326;27;0;0;28;;1;10;23;3;1;;5;0;0;38;;;1;12;112;0;0;12;0;4;0;1;48;0;;
508004;Roseč;173;113;113;9;0;1;13;;0;6;7;4;1;;0;0;0;14;;;0;5;29;0;0;12;0;0;0;2;10;0;;
560995;Rosička;57;34;34;1;0;0;1;;0;2;1;0;0;;1;0;0;3;;;0;1;13;0;0;3;0;0;0;1;7;0;;
547166;Slavonice;2 027;1 181;1 178;130;4;0;77;;4;18;199;19;10;;10;1;0;102;;;0;38;339;2;2;62;1;0;2;0;155;3;;
561045;Smržov;100;62;62;10;0;0;4;;0;2;5;0;1;;0;0;0;2;;;0;3;29;0;0;1;0;1;0;0;4;0;;
562378;Staňkov;204;148;148;21;1;4;16;;1;5;12;1;1;;0;0;1;10;;;0;4;52;0;1;4;0;1;0;1;12;0;;
547204;Staré Hobzí;420;212;212;22;0;0;13;;0;10;24;0;1;;5;1;1;16;;;0;5;58;2;0;28;0;1;0;1;24;0;;
547212;Staré Město pod Landštejnem;395;203;201;14;6;0;10;;1;0;26;5;1;;3;0;0;19;;;0;6;77;0;0;4;1;3;0;0;22;3;;
547221;Stráž nad Nežárkou;717;446;442;56;1;0;25;;0;30;47;3;0;;2;3;3;54;;;1;22;126;0;0;11;1;1;1;2;53;0;;
547239;Strmilov;1 160;658;656;77;3;0;43;;3;32;65;15;5;;19;0;1;62;;;0;19;183;1;0;43;0;4;2;2;73;4;;
547247;Stříbřec;398;266;265;27;0;0;26;;0;10;52;2;4;;1;0;0;14;;;0;4;79;0;1;10;0;1;1;0;33;0;;
508152;Střížovice;486;256;256;14;0;0;24;;0;7;34;5;3;;7;0;0;42;;;1;5;65;0;0;11;0;0;0;1;33;4;;
547263;Studená;1 930;1 213;1 210;111;0;2;90;;1;41;184;14;9;;15;2;0;138;;;1;50;320;0;4;115;0;5;2;5;99;2;;
547280;Suchdol nad Lužnicí;2 937;1 670;1 657;199;0;1;172;;0;54;142;23;13;;30;0;4;142;;;3;55;535;2;4;77;5;9;0;5;178;4;;
561029;Světce;119;69;69;4;0;0;15;;0;8;6;0;0;;0;0;0;10;;;0;3;15;0;0;2;0;0;0;0;6;0;;
562327;Třebětice;241;173;172;10;0;0;19;;0;1;6;0;2;;2;1;0;15;;;0;0;35;0;0;72;0;0;0;0;7;2;;
547336;Třeboň;7 334;4 916;4 879;780;4;1;383;;8;177;396;109;32;;56;5;15;524;;;4;318;1 257;2;5;305;1;60;10;5;400;22;;
507644;Újezdec;59;41;40;6;0;0;1;;0;2;3;0;0;;2;1;0;2;;;0;1;16;0;0;4;0;0;1;0;1;0;;
562599;Velký Ratmírov;192;115;115;6;1;0;11;;0;5;19;0;3;;7;0;0;7;;;0;0;35;1;0;5;0;2;1;0;12;0;;
561037;Vícemil;62;43;43;6;1;0;4;;0;1;1;0;0;;0;0;0;4;;;0;4;5;0;0;2;0;0;0;0;15;0;;
507652;Višňová;65;51;49;3;0;0;10;;0;3;4;0;1;;0;0;1;4;;;0;1;17;0;0;2;0;0;0;0;3;0;;
598640;Vlčetínec;47;32;32;6;0;0;2;;0;2;2;0;1;;1;0;0;8;;;0;0;3;0;0;0;0;0;0;0;7;0;;
547441;Volfířov;601;418;415;55;0;0;33;;0;10;49;3;6;;5;0;1;65;;;0;13;79;0;1;60;0;2;0;0;32;1;;
562629;Vydří;97;61;61;4;0;0;6;;0;5;2;0;0;;1;0;0;9;;;0;0;28;0;0;1;0;0;0;0;5;0;;
508683;Záblatí;71;52;51;4;0;0;3;;0;1;2;1;0;;0;0;0;3;;;0;7;11;1;0;7;0;1;0;0;9;1;;
507695;Záhoří;98;57;56;9;0;0;5;;0;2;7;1;1;;0;0;0;3;;;0;2;15;0;0;0;0;0;1;1;8;1;;
547468;Zahrádky;204;139;139;21;0;0;19;;0;2;20;1;1;;0;1;0;18;;;0;2;32;0;0;8;0;0;0;0;13;1;;
529761;Žďár;89;65;65;7;0;0;3;;0;6;3;0;1;;1;0;0;4;;;0;4;24;0;0;4;0;0;0;0;7;1;;
562424;Županovice;55;23;23;0;0;0;0;;0;0;9;0;0;;0;0;0;2;;;0;1;4;0;0;0;0;0;0;0;7;0;;
549258;Albrechtice nad Vltavou;719;436;431;46;1;0;36;;0;52;46;1;3;;10;1;0;39;;;0;15;103;0;2;24;0;5;2;1;42;2;;
549266;Bernartice;1 103;679;674;104;2;1;70;;1;19;76;2;4;;9;1;2;76;;;0;23;204;1;1;26;1;2;0;0;47;2;;
598780;Borovany;175;124;124;5;1;0;13;;0;6;19;2;1;;0;0;0;9;;;0;3;36;0;0;8;2;1;1;0;16;1;;
562122;Boudy;151;100;100;15;0;0;10;;0;7;6;1;2;;0;0;0;12;;;0;4;17;0;0;4;0;0;0;0;20;2;;
549291;Božetice;322;219;215;34;0;1;13;;0;13;15;1;1;;14;0;0;36;;;0;7;49;0;1;20;0;4;1;0;4;1;;
549304;Branice;236;174;173;12;0;0;10;;3;3;43;0;5;;0;1;0;13;;;0;2;46;0;0;10;0;0;3;0;21;1;;
549321;Cerhonice;134;104;104;7;2;0;4;;0;3;9;0;4;;1;0;0;11;;;0;15;34;0;0;4;0;0;0;0;10;0;;
549339;Čimelice;856;541;540;70;1;0;41;;2;20;61;3;7;;8;0;1;58;;;0;29;149;0;1;23;0;6;0;2;56;2;;
549347;Čížová;927;571;565;42;0;0;38;;0;26;56;7;2;;10;1;1;49;;;1;47;175;1;1;23;0;6;0;3;75;1;;
549363;Dobev;691;444;443;66;0;1;29;;0;10;58;3;10;;4;0;1;56;;;0;21;110;0;0;14;1;2;0;4;50;3;;
562301;Dolní Novosedly;176;120;119;14;0;0;10;;0;2;7;7;1;;2;0;0;17;;;0;5;32;0;0;5;0;0;0;0;17;0;;
549380;Drhovle;461;282;281;43;1;2;18;;0;19;33;0;7;;1;1;0;32;;;0;17;68;0;1;14;0;1;1;1;21;0;;
549398;Heřmaň;210;119;118;13;0;0;5;;0;4;11;2;1;;0;0;1;13;;;0;9;41;0;0;1;0;0;0;1;14;2;;
561525;Horosedly;108;69;69;3;0;0;2;;0;5;6;1;0;;0;1;0;6;;;0;7;28;0;0;2;0;0;0;1;6;1;;
549410;Hrazany;233;163;161;20;0;0;20;;0;4;7;3;2;;2;2;0;23;;;1;9;35;0;1;17;0;0;0;0;15;0;;
549428;Hrejkovice;379;237;236;35;0;0;20;;0;5;21;2;0;;0;0;1;21;;;0;15;56;0;0;33;0;2;1;0;20;4;;
549452;Chyšky;864;583;581;37;2;0;32;;1;21;51;5;3;;14;0;1;67;;;0;19;170;0;0;98;0;4;0;2;54;0;;
549479;Jetětice;232;143;142;12;1;0;8;;1;1;34;1;1;;2;0;1;22;;;0;6;44;0;0;0;0;1;0;1;6;0;;
562084;Jickovice;105;64;63;10;0;0;2;;0;2;9;3;0;;0;0;0;1;;;0;6;17;0;0;10;0;0;0;0;3;0;;
549487;Kestřany;550;329;327;36;1;1;22;;2;6;27;2;2;;1;0;0;42;;;0;18;104;0;2;19;0;3;1;0;38;0;;
549495;Kluky;478;308;306;44;0;0;27;;0;11;25;0;1;;6;0;0;23;;;0;14;107;0;0;16;0;1;0;0;31;0;;
549509;Kostelec nad Vltavou;341;196;196;14;0;0;25;;2;10;30;3;2;;2;0;0;15;;;0;17;57;0;3;6;0;0;0;1;9;0;;
549517;Kovářov;1 256;746;741;81;1;0;46;;2;29;77;8;9;;4;4;0;104;;;1;56;172;0;0;84;0;2;2;1;48;10;;
561550;Kožlí;45;37;37;5;0;0;1;;0;2;5;0;0;;0;0;0;1;;;0;6;14;0;0;2;0;0;0;0;1;0;;
549525;Králova Lhota;171;108;107;7;0;0;4;;0;1;17;2;1;;0;0;0;18;;;0;0;35;0;0;4;0;0;0;1;17;0;;
562181;Křenovice;147;110;109;29;0;0;5;;0;3;10;1;2;;1;0;0;11;;;0;4;31;0;0;2;0;1;0;0;9;0;;
509752;Křižanov;83;63;62;10;0;0;10;;0;3;6;0;0;;0;0;0;4;;;0;6;10;0;0;7;0;0;0;0;6;0;;
549541;Kučeř;143;100;99;21;1;0;5;;0;5;19;2;1;;0;0;0;7;;;0;4;14;0;0;10;0;0;1;0;9;0;;
598801;Květov;98;68;67;5;0;0;2;;0;2;18;0;0;;0;1;0;12;;;0;4;12;0;0;4;0;0;0;0;7;0;;
549568;Lety;225;141;140;14;0;0;5;;0;3;27;2;1;;1;0;0;17;;;0;12;44;0;2;3;0;0;1;0;8;0;;
549576;Milevsko;7 021;4 166;4 142;502;6;2;318;;3;117;423;41;26;;56;3;9;458;;;6;184;1 268;2;2;309;2;18;6;8;351;22;;
562149;Minice;33;27;27;4;1;0;0;;0;3;4;1;0;;0;0;0;2;;;0;1;4;0;0;2;0;0;0;0;5;0;;
549584;Mirotice;975;541;538;73;0;2;50;;0;21;30;6;7;;10;0;2;74;;;2;28;140;0;0;22;0;5;3;3;60;0;;
549592;Mirovice;1 285;751;748;99;1;1;43;;0;25;101;3;7;;5;1;2;70;;;1;38;210;0;3;39;0;4;2;1;87;5;;
549606;Mišovice;203;100;99;9;0;0;7;;1;0;17;1;1;;6;0;0;8;;;0;4;20;0;0;7;0;4;0;0;14;0;;
549614;Myslín;81;41;41;4;0;0;0;;0;2;6;1;0;;0;0;0;4;;;0;2;8;0;0;3;0;1;0;0;10;0;;
562157;Nerestce;90;74;74;7;1;0;3;;0;4;10;0;0;;4;0;0;9;;;0;5;17;0;0;6;0;0;0;0;7;1;;
549657;Nevězice;127;77;77;12;0;0;5;;0;0;6;0;0;;1;0;0;9;;;0;3;29;0;0;3;0;1;0;0;8;0;;
529877;Okrouhlá;60;52;52;6;0;0;4;;0;0;8;0;0;;0;0;0;6;;;0;1;19;0;0;1;0;0;0;0;7;0;;
562190;Olešná;103;66;66;10;0;0;6;;0;5;14;1;1;;0;0;0;6;;;1;2;12;0;0;2;0;0;0;0;6;0;;
549681;Orlík nad Vltavou;255;161;160;15;0;0;8;;0;6;10;2;0;;2;2;1;20;;;0;15;47;0;1;2;0;3;0;1;25;0;;
598828;Osek;117;57;57;9;0;0;7;;0;4;7;0;0;;5;0;0;7;;;0;2;7;0;0;5;0;0;0;0;2;2;;
549703;Oslov;264;177;177;35;1;0;25;;0;5;20;0;2;;2;1;0;14;;;0;9;46;0;0;8;0;0;1;0;8;0;;
549711;Ostrovec;296;167;166;16;0;0;8;;0;12;22;0;1;;0;0;0;11;;;0;6;61;0;0;15;0;4;0;0;10;0;;
562254;Paseky;142;75;75;7;1;0;5;;0;0;5;1;1;;1;0;0;9;;;0;4;26;0;0;4;0;1;0;0;9;1;;
549240;Písek;23 604;14 517;14 425;1 776;65;10;1 219;;15;430;1 221;197;72;;252;15;33;1 829;;;13;972;3 874;11;25;660;8;123;24;28;1 492;61;;
549754;Podolí I;293;165;165;22;3;0;12;;0;0;23;1;2;;0;0;0;13;;;0;8;59;0;0;7;0;1;1;0;13;0;;
561509;Probulov;66;47;47;2;0;0;2;;0;0;8;0;0;;0;0;0;4;;;0;7;18;0;0;2;0;0;0;0;4;0;;
549771;Protivín;3 981;2 219;2 213;263;5;0;187;;3;79;219;28;23;;37;2;3;196;;;2;91;671;3;3;95;0;13;3;3;258;26;;
561517;Přeborov;120;84;83;9;1;0;15;;0;7;11;1;0;;2;0;0;4;;;0;1;16;0;0;4;0;0;0;0;11;1;;
509621;Předotice;424;293;293;30;1;0;19;;1;10;46;0;4;;1;0;0;37;;;0;14;95;0;0;14;0;0;0;0;19;2;;
549797;Přeštěnice;243;150;149;20;0;0;7;;0;6;18;1;0;;2;0;0;6;;;0;4;51;0;0;16;0;0;0;0;16;2;;
549801;Putim;412;273;271;36;1;0;18;;0;9;23;5;1;;8;0;0;33;;;0;15;89;0;1;13;0;0;0;0;19;0;;
562068;Rakovice;173;110;110;4;1;0;8;;0;2;12;0;0;;0;0;0;14;;;2;1;40;0;0;6;0;0;2;2;15;1;;
549827;Ražice;321;182;179;15;0;0;7;;0;3;14;3;0;;1;0;0;15;;;0;9;67;0;0;12;0;5;2;1;25;0;;
549843;Sepekov;1 127;721;718;82;0;0;65;;2;22;88;6;4;;15;0;3;74;;;1;43;213;0;0;46;0;6;2;0;45;1;;
549851;Skály;225;168;168;11;1;0;9;;0;5;38;2;3;;4;0;1;21;;;0;10;44;0;2;4;0;1;0;1;8;3;;
549860;Slabčice;291;179;179;20;1;0;6;;0;9;15;2;1;;2;1;0;15;;;0;12;59;0;1;19;0;0;1;0;15;0;;
549878;Smetanova Lhota;240;165;164;7;1;0;14;;0;12;17;2;4;;1;0;0;23;;;0;12;47;0;0;7;0;8;0;0;9;0;;
529885;Stehlovice;77;58;57;5;0;0;9;;0;1;14;1;1;;0;0;0;8;;;1;0;8;0;1;5;0;0;0;0;3;0;;
549932;Tálín;140;83;83;2;0;0;7;;0;7;12;1;1;;1;0;0;13;;;0;2;25;0;0;2;0;0;1;0;8;1;;
562271;Temešvár;98;77;77;14;1;0;7;;0;0;5;0;2;;6;0;1;4;;;0;2;22;0;0;1;0;1;1;2;8;0;;
562211;Varvažov;177;116;115;11;0;0;12;;0;1;17;2;1;;0;0;0;16;;;0;3;39;0;0;1;0;0;0;0;12;0;;
549975;Veselíčko;177;107;106;13;4;0;4;;0;8;17;1;1;;2;0;0;6;;;0;6;27;0;0;1;0;0;0;0;16;0;;
598844;Vlastec;167;119;118;11;5;0;18;;1;3;12;4;1;;3;0;0;8;;;0;1;37;0;0;3;0;1;0;0;10;0;;
598852;Vlksice;121;65;65;4;0;0;8;;0;1;13;0;0;;3;0;0;5;;;0;0;27;0;0;2;0;0;0;0;2;0;;
562289;Vojníkov;76;46;46;2;0;0;4;;0;0;0;3;0;;0;0;0;4;;;0;2;22;0;0;2;0;0;0;0;7;0;;
549991;Vráž;295;196;196;22;0;0;15;;1;7;8;0;0;;1;0;2;26;;;0;8;60;0;1;10;0;1;0;1;32;1;;
550001;Vrcovice;135;96;95;13;0;0;7;;0;0;6;5;0;;1;0;0;8;;;0;4;30;1;0;7;0;0;0;1;12;0;;
550027;Záhoří;656;405;404;44;1;0;18;;2;17;48;7;3;;6;1;0;43;;;0;11;137;0;0;33;0;1;0;1;31;0;;
550035;Zbelítov;285;168;165;13;2;0;8;;1;3;20;6;5;;0;0;2;16;;;0;9;61;0;0;7;0;0;0;0;12;0;;
550043;Zběšičky;139;41;41;1;0;1;3;;0;4;8;0;0;;2;0;0;4;;;0;0;13;0;0;0;0;0;0;0;5;0;;
550060;Zhoř;252;154;154;29;1;0;10;;0;5;13;1;2;;2;0;0;16;;;0;14;31;0;0;22;0;0;0;0;8;0;;
562165;Zvíkovské Podhradí;174;135;135;18;2;0;7;;0;6;10;1;1;;2;0;1;18;;;0;13;30;0;0;8;0;0;0;0;18;0;;
598861;Žďár;210;131;131;13;4;0;9;;0;9;19;1;2;;0;0;0;10;;;0;12;26;0;0;9;0;2;0;0;15;0;;
537241;Babice;85;59;59;8;0;1;0;;0;4;3;1;0;;1;0;0;6;;;0;0;21;0;0;3;0;0;0;0;10;1;;
550116;Bohumilice;257;149;145;9;0;0;16;;1;6;19;1;1;;0;0;0;14;;;0;4;42;0;0;13;0;0;1;1;17;0;;
537527;Bohunice;36;30;30;9;0;0;1;;0;0;7;0;0;;0;0;0;1;;;0;1;3;0;0;0;0;0;0;0;8;0;;
545902;Borová Lada;257;159;159;19;0;0;7;;0;23;13;3;0;;0;0;2;20;;;0;9;29;0;0;4;0;2;0;0;26;2;;
550124;Bošice;269;169;168;18;0;0;16;;0;13;20;4;0;;4;0;1;15;;;0;2;39;0;0;18;0;0;0;7;11;0;;
561576;Budkov;77;51;51;0;0;0;3;;0;0;9;4;0;;0;0;1;6;;;0;0;20;0;0;6;1;1;0;0;0;0;;
537519;Buk;237;172;170;29;2;0;9;;0;14;30;1;0;;0;0;0;6;;;0;2;50;0;1;12;0;1;0;0;12;1;;
550159;Bušanovice;211;122;122;14;1;0;13;;0;7;19;2;3;;1;0;1;6;;;0;1;40;0;0;1;0;0;0;0;11;2;;
550167;Čkyně;1 264;817;794;118;2;0;53;;0;37;71;7;11;;5;1;2;100;;;0;25;195;1;1;41;0;6;0;1;104;13;;
537187;Drslavice;80;61;61;7;3;0;5;;0;1;2;1;0;;0;0;1;5;;;0;0;22;0;0;1;0;0;0;0;13;0;;
550183;Dub;303;159;149;12;0;0;7;;1;9;15;1;1;;2;0;0;16;;;0;5;46;0;0;6;1;3;0;1;23;0;;
537144;Dvory;77;58;58;8;0;0;5;;1;3;6;0;0;;1;1;0;6;;;0;1;8;0;0;10;0;0;0;0;8;0;;
550205;Horní Vltavice;309;132;131;12;0;0;5;;0;4;23;3;1;;2;0;0;13;;;0;4;38;0;0;7;0;1;2;0;16;0;;
550221;Hracholusky;393;204;201;15;0;1;20;;0;8;11;6;1;;4;0;1;13;;;0;16;55;0;1;20;0;1;0;1;27;0;;
550230;Husinec;1 118;651;648;71;0;1;45;;1;33;59;4;9;;11;0;0;63;;;0;39;205;0;1;31;0;3;0;0;70;2;;
550248;Chlumany;278;173;172;19;0;0;17;;0;2;18;1;2;;4;1;0;13;;;0;5;58;0;0;13;0;2;0;0;17;0;;
550264;Chroboly;408;241;239;36;1;0;38;;0;4;29;4;2;;10;0;0;16;;;0;14;49;0;0;2;0;0;1;1;31;1;;
537420;Chvalovice;148;67;67;4;0;0;6;;0;5;7;0;4;;0;1;0;11;;;0;1;15;0;0;5;0;0;0;0;8;0;;
537136;Kratušín;43;36;35;9;0;0;2;;0;4;0;0;0;;0;0;0;4;;;0;1;11;0;0;0;0;1;0;0;3;0;;
561673;Křišťanov;90;34;34;2;0;0;6;;0;4;4;0;0;;1;0;0;3;;;0;3;7;0;0;2;0;0;0;0;2;0;;
550329;Ktiš;397;193;191;36;0;1;21;;1;3;21;1;4;;0;0;0;6;;;1;3;51;0;0;7;0;5;0;3;24;3;;
563978;Kubova Huť;97;74;72;9;0;0;3;;0;2;2;0;0;;2;0;0;13;;;0;9;10;0;1;5;0;0;2;0;12;2;;
550337;Kvilda;195;168;165;31;0;0;12;;0;21;4;4;0;;2;0;0;23;;;1;20;31;0;3;2;0;0;0;0;10;1;;
550345;Lažiště;246;138;137;9;1;0;12;;0;13;11;3;1;;0;1;0;8;;;0;2;50;0;0;13;0;1;0;0;11;1;;
561649;Lčovice;115;84;81;6;0;0;3;;0;6;6;4;0;;1;0;0;8;;;0;6;22;0;1;5;0;0;0;1;12;0;;
550353;Lenora;582;292;288;57;0;0;11;;0;13;43;1;5;;2;0;0;39;;;0;9;52;0;1;12;0;0;0;1;42;0;;
550361;Lhenice;1 571;924;921;136;5;0;53;;1;28;75;14;3;;14;1;0;100;;;0;43;293;1;5;50;0;14;0;0;82;3;;
537071;Lipovice;157;97;97;9;0;0;12;;0;4;16;0;3;;0;0;0;4;;;0;2;32;0;0;1;0;1;0;0;13;0;;
537322;Lužice;34;16;16;4;0;0;1;;1;0;0;0;0;;0;0;0;0;;;0;0;3;0;0;6;0;0;0;0;1;0;;
537381;Mahouš;125;82;82;3;0;0;7;;0;2;4;2;1;;0;0;0;6;;;1;4;38;0;0;1;1;5;0;0;7;0;;
550418;Malovice;513;336;335;48;0;0;22;;1;13;20;5;0;;3;0;2;36;;;0;5;97;0;1;30;0;1;0;3;46;2;;
550426;Mičovice;286;175;175;17;0;0;13;;1;13;14;2;1;;2;0;0;25;;;0;5;51;0;0;15;0;2;0;0;14;0;;
550434;Nebahovy;455;298;295;35;0;1;32;;1;11;27;5;1;;1;1;0;27;;;0;12;92;0;1;14;0;2;0;0;28;4;;
550396;Němčice;160;113;113;14;0;0;10;;0;7;7;1;1;;1;0;0;6;;;0;5;38;0;0;11;0;0;3;0;9;0;;
550442;Netolice;2 151;1 231;1 228;158;1;1;76;;4;56;129;9;10;;20;0;2;84;;;0;57;381;2;3;69;1;15;0;7;142;1;;
529893;Nicov;81;56;56;4;0;0;2;;0;2;8;0;0;;4;0;0;2;;;0;7;19;0;0;1;0;0;0;0;7;0;;
550451;Nová Pec;422;229;229;27;0;1;5;;0;6;36;4;4;;5;0;0;21;;;0;20;65;0;1;5;0;3;0;1;22;3;;
561568;Nové Hutě;88;51;50;10;3;0;0;;0;3;4;3;0;;0;0;0;3;;;0;3;8;0;0;3;0;0;0;1;8;1;;
537365;Olšovice;48;30;30;2;0;0;0;;0;0;2;0;0;;2;1;0;3;;;0;0;7;0;0;4;0;0;0;0;9;0;;
537543;Pěčnov;104;71;71;6;0;0;11;;0;1;5;0;1;;0;0;0;6;;;0;4;18;0;0;3;0;1;0;0;15;0;;
550094;Prachatice;8 897;5 293;5 271;922;22;2;431;;6;209;460;100;27;;91;2;5;537;;;4;288;1 326;3;9;295;4;53;11;12;430;22;;
550485;Radhostice;128;76;74;1;0;0;3;;0;2;18;1;0;;1;0;0;12;;;0;5;11;0;0;12;0;0;0;1;7;0;;
550515;Stachy;937;630;623;107;2;0;41;;0;31;73;10;6;;6;0;0;38;;;1;44;148;0;3;43;1;4;8;1;53;3;;
550523;Stožec;167;124;123;17;0;0;2;;0;11;12;2;2;;3;0;0;12;;;0;8;35;0;0;6;0;0;0;1;11;1;;
550531;Strážný;252;136;134;20;1;1;5;;0;3;27;3;4;;3;0;0;9;;;0;5;26;0;1;7;0;0;0;0;19;0;;
550540;Strunkovice nad Blanicí;990;613;613;53;1;0;54;;0;18;64;8;8;;4;0;1;44;;;0;20;163;1;0;119;1;4;1;1;46;2;;
550558;Svatá Maří;477;313;303;33;0;0;18;;0;21;36;3;2;;4;0;0;32;;;0;6;100;0;1;16;0;3;0;1;25;2;;
550574;Šumavské Hoštice;324;219;216;27;1;0;14;;1;10;19;1;0;;10;0;3;19;;;0;9;67;0;0;17;0;1;0;1;15;1;;
550582;Těšovice;244;164;164;10;1;0;12;;0;1;17;6;4;;7;0;0;13;;;0;8;32;0;0;25;0;0;0;0;27;1;;
550604;Tvrzice;96;61;61;2;0;0;3;;0;7;15;1;0;;0;0;0;1;;;0;1;16;0;0;7;0;0;0;0;8;0;;
537535;Újezdec;72;41;41;2;0;0;1;;0;1;7;0;0;;1;0;0;4;;;0;4;14;0;0;2;0;2;0;0;3;0;;
550621;Vacov;1 219;734;731;112;3;0;36;;0;31;95;15;8;;10;0;3;54;;;0;35;199;0;0;38;0;4;2;2;79;5;;
550647;Vimperk;6 003;3 073;3 050;416;7;0;246;;6;238;277;33;16;;43;3;9;269;;;2;120;807;1;2;163;0;19;10;5;343;15;;
550655;Vitějovice;399;263;262;31;0;1;20;;0;23;21;2;0;;2;0;0;33;;;0;4;83;0;0;19;0;0;0;1;21;1;;
550663;Vlachovo Březí;1 372;794;792;112;1;1;46;;3;43;71;4;5;;4;1;1;89;;;0;24;232;0;6;39;1;7;2;5;89;6;;
550671;Volary;3 008;1 448;1 443;151;7;2;106;;2;58;186;16;7;;23;1;1;123;;;1;65;486;2;1;50;0;2;2;3;144;4;;
529915;Vrbice;55;37;37;4;0;0;3;;0;2;6;2;0;;0;0;0;2;;;0;0;10;0;0;2;0;0;0;0;6;0;;
550680;Záblatí;291;173;173;25;0;1;18;;1;5;21;5;2;;1;0;0;7;;;0;9;54;0;0;11;0;1;1;0;11;0;;
537195;Zábrdí;59;46;46;4;0;0;6;;0;1;1;0;1;;0;0;0;3;;;0;0;22;0;0;2;0;3;0;0;3;0;;
550698;Zálezly;260;161;159;23;0;2;13;;0;13;9;4;2;;4;0;0;16;;;0;5;40;1;0;13;0;2;2;0;9;1;;
550701;Zbytiny;272;138;136;10;0;0;5;;0;1;19;1;3;;1;1;0;9;;;1;7;58;0;0;4;0;0;0;0;16;0;;
550728;Zdíkov;1 421;879;872;123;0;0;42;;0;66;100;4;4;;9;0;2;79;;;2;31;263;0;2;51;0;6;0;2;84;2;;
529923;Žárovná;94;67;67;4;1;0;3;;0;2;13;0;0;;0;0;0;7;;;0;0;14;0;0;7;0;0;0;1;15;0;;
550761;Želnava;97;50;50;2;0;0;3;;0;1;11;2;0;;0;0;0;2;;;0;6;19;0;0;0;0;0;0;0;4;0;;
537209;Žernovice;239;168;164;19;0;1;13;;0;1;26;5;1;;2;0;0;8;;;0;4;52;0;1;9;0;0;2;2;17;1;;
550809;Bavorov;1 285;723;719;45;5;1;73;;0;32;80;7;6;;6;0;3;76;;;0;20;231;0;1;40;1;1;1;7;78;5;;
550817;Bělčice;825;483;479;39;1;1;35;;2;23;62;4;3;;13;0;0;43;;;0;33;128;1;4;26;0;6;0;4;45;6;;
598895;Bezdědovice;274;200;200;21;1;0;14;;2;16;22;0;1;;2;0;0;17;;;0;16;45;0;0;13;0;2;0;1;26;1;;
550833;Bílsko;164;94;93;9;0;0;2;;1;4;19;2;1;;0;0;0;6;;;0;4;30;0;0;5;0;1;0;1;8;0;;
550850;Blatná;5 344;3 354;3 339;424;3;1;257;;5;109;247;52;43;;45;2;8;396;;;5;171;939;2;13;249;2;36;8;4;309;9;;
537063;Bratronice;44;34;34;2;0;1;7;;0;1;1;0;0;;0;0;0;7;;;0;4;6;0;0;0;0;0;0;0;3;2;;
530018;Březí;63;43;43;1;0;0;8;;0;1;10;1;1;;1;0;0;7;;;0;0;7;0;0;2;0;0;0;0;4;0;;
560171;Budyně;30;25;25;3;0;0;0;;0;1;2;0;0;;2;0;0;2;;;0;1;7;0;0;3;0;0;0;0;4;0;;
529966;Buzice;139;78;78;4;1;0;7;;0;2;13;2;0;;0;0;0;9;;;0;0;20;0;1;9;0;1;0;0;9;0;;
550906;Cehnice;398;281;278;23;0;0;21;;0;19;39;2;1;;4;0;0;20;;;0;3;83;0;0;14;0;4;1;2;41;1;;
510068;Čečelovice;158;92;92;14;0;0;2;;0;8;2;1;1;;0;0;0;9;;;0;3;29;0;0;12;0;0;1;1;9;0;;
550922;Čejetice;736;432;429;28;0;0;29;;8;30;38;3;1;;4;0;0;53;;;0;9;145;0;1;19;0;5;1;0;54;1;;
550949;Čepřovice;159;95;91;10;0;0;9;;0;3;11;0;0;;2;0;0;8;;;0;7;22;0;1;0;0;2;0;0;16;0;;
550957;Čestice;730;490;487;62;0;2;32;;1;20;49;9;5;;6;0;1;51;;;3;21;141;0;0;16;0;9;3;1;52;3;;
550965;Číčenice;388;220;220;6;0;0;9;;0;9;20;2;4;;3;1;1;27;;;0;4;106;0;1;5;0;0;0;4;17;1;;
550981;Doubravice;231;151;151;11;0;0;9;;0;8;16;2;6;;1;0;0;23;;;0;8;34;0;0;12;0;0;1;2;18;0;;
551015;Drahonice;288;175;174;13;0;0;17;;0;7;18;4;0;;3;0;0;6;;;0;9;62;0;0;19;0;1;0;0;14;1;;
560219;Drachkov;152;100;100;5;0;0;9;;1;2;7;1;2;;0;0;0;23;;;0;3;33;0;0;2;0;1;1;0;9;1;;
551023;Drážov;209;144;144;19;0;0;8;;0;6;33;3;0;;1;0;0;3;;;0;2;49;0;0;10;0;0;1;0;7;2;;
560243;Droužetice;104;67;66;6;1;0;3;;2;3;7;0;0;;1;0;0;3;;;0;6;24;0;0;3;0;2;0;1;4;0;;
551040;Dřešín;246;163;162;10;0;0;8;;0;13;24;2;1;;1;0;0;19;;;0;3;60;0;0;4;0;1;4;0;10;2;;
551597;Hajany;98;66;66;1;0;0;1;;0;5;2;1;0;;1;0;0;15;;;0;4;14;0;0;14;0;0;0;1;7;0;;
561690;Hájek;28;21;21;0;0;0;0;;0;0;2;0;0;;0;1;0;0;;;0;3;9;0;0;2;0;0;0;0;4;0;;
536628;Hlupín;79;58;57;4;0;0;7;;0;0;16;1;0;;1;0;0;10;;;0;0;7;0;0;5;0;0;0;0;6;0;;
536881;Horní Poříčí;249;167;164;5;2;0;9;;0;11;13;2;1;;1;0;0;22;;;0;10;58;0;0;12;0;0;0;0;18;0;;
536369;Hornosín;66;57;57;7;0;0;2;;0;6;3;1;0;;1;0;0;3;;;0;0;14;0;0;11;0;2;1;0;6;0;;
551104;Hoslovice;137;98;97;9;0;0;10;;1;3;15;1;0;;2;0;0;9;;;0;0;25;0;1;2;0;1;1;0;17;0;;
551121;Hoštice;132;85;84;6;0;0;8;;0;3;6;3;0;;0;0;0;9;;;0;1;34;0;0;3;0;1;1;0;9;0;;
551139;Chelčice;283;167;166;20;0;0;18;;0;10;16;1;1;;4;0;0;22;;;0;7;50;0;0;10;0;0;0;2;5;0;;
529982;Chlum;152;97;97;6;0;0;3;;0;3;7;1;1;;1;0;0;8;;;0;2;27;0;0;17;0;2;0;0;19;0;;
536903;Chobot;43;31;31;2;0;0;8;;0;3;9;0;1;;0;0;0;0;;;0;0;4;0;0;2;1;0;0;0;1;0;;
551155;Chrášťovice;212;128;127;27;0;0;10;;0;5;21;0;1;;1;0;0;12;;;0;6;19;1;0;13;0;1;0;0;10;0;;
551163;Jinín;163;90;90;8;0;0;1;;0;2;6;0;1;;0;0;0;8;;;0;1;39;1;0;3;0;0;0;4;15;1;;
551180;Kadov;309;208;207;14;0;0;14;;0;6;24;1;2;;1;0;0;13;;;2;7;65;0;2;16;1;1;1;0;37;0;;
536946;Kalenice;72;60;60;5;0;0;7;;0;1;0;1;1;;0;0;0;7;;;0;1;9;0;0;18;0;0;0;0;10;0;;
551201;Katovice;1 102;713;708;105;0;1;42;;1;21;45;4;2;;7;1;0;98;;;2;28;204;0;2;53;0;6;0;4;80;2;;
560405;Kladruby;122;78;78;4;0;0;2;;1;2;10;1;3;;4;0;0;5;;;0;2;33;0;0;5;0;2;1;0;2;1;;
536601;Kocelovice;128;80;80;7;0;0;6;;0;5;13;2;1;;0;0;0;10;;;0;1;23;0;0;7;0;0;0;0;3;2;;
536342;Krajníčko;79;52;51;7;0;1;2;;0;1;14;0;0;;0;0;0;4;;;0;0;10;0;0;6;0;0;1;0;5;0;;
551261;Kraselov;186;126;126;13;0;0;7;;0;4;7;2;2;;1;0;1;15;;;0;6;41;1;1;5;0;2;0;0;16;2;;
536806;Krašlovice;138;70;67;3;0;0;8;;0;5;11;0;3;;0;0;0;3;;;0;1;21;0;0;6;0;2;1;0;3;0;;
536954;Krejnice;60;40;40;0;0;0;4;;0;2;4;0;0;;2;0;0;1;;;0;0;13;0;0;3;0;1;0;0;10;0;;
536555;Krty-Hradec;115;76;76;5;1;0;9;;0;2;11;1;1;;2;0;0;4;;;0;4;19;0;0;6;0;0;1;0;10;0;;
560391;Kuřimany;27;25;25;4;0;0;1;;0;1;1;0;1;;3;0;0;4;;;0;2;3;0;0;3;0;0;0;0;2;0;;
536750;Kváskovice;93;54;54;6;0;0;4;;0;1;7;0;0;;0;0;0;6;;;0;2;12;0;0;3;0;0;0;0;12;1;;
598950;Lažánky;84;49;49;4;0;0;1;;0;7;3;0;1;;0;0;0;10;;;0;2;12;0;0;2;0;0;0;0;6;1;;
560197;Lažany;58;46;46;6;0;0;1;;0;7;4;2;2;;2;0;0;3;;;0;4;8;0;1;3;0;0;0;0;3;0;;
551333;Libějovice;372;226;224;13;1;0;11;;1;6;25;3;7;;2;0;0;17;;;0;5;77;0;0;29;0;1;0;2;24;0;;
536831;Libětice;73;51;51;8;0;0;4;;0;2;3;1;1;;0;0;1;5;;;0;3;17;0;1;1;0;0;0;0;4;0;;
551341;Litochovice;231;152;152;5;1;1;11;;1;13;19;0;2;;3;1;0;8;;;0;8;31;0;0;21;3;0;0;0;24;0;;
551350;Lnáře;583;288;285;19;0;0;20;;1;15;25;8;3;;7;1;0;37;;;0;10;84;0;0;13;2;2;0;0;34;4;;
536822;Lom;96;52;52;1;0;0;1;;0;6;7;1;0;;0;0;0;9;;;0;2;19;0;0;2;0;0;0;0;4;0;;
536466;Mačkov;246;80;78;10;0;0;11;;0;3;8;3;0;;1;0;0;14;;;0;2;16;0;0;4;1;0;0;0;5;0;;
551384;Malenice;545;346;344;36;0;0;25;;0;27;25;6;1;;8;2;0;48;;;0;18;86;0;1;22;0;3;1;1;33;1;;
551392;Mečichov;220;147;145;5;0;0;6;;0;11;13;2;1;;4;0;0;13;;;0;4;62;0;1;7;0;0;1;0;15;0;;
536415;Měkynec;33;20;19;2;2;0;0;;0;0;1;0;1;;0;0;0;0;;;0;3;8;0;0;0;0;0;0;0;2;0;;
536539;Milejovice;64;40;40;8;0;0;0;;1;7;3;0;0;;0;0;0;2;;;0;0;13;0;0;3;0;0;0;0;3;0;;
551414;Miloňovice;221;129;129;9;0;0;12;;0;4;15;0;0;;0;0;0;6;;;0;2;52;0;1;6;1;2;0;1;18;0;;
536563;Mnichov;186;117;116;3;0;0;6;;0;5;16;1;0;;0;0;0;12;;;0;2;52;0;1;6;0;1;0;0;11;0;;
560278;Mutěnice;202;144;144;15;0;0;8;;0;8;20;4;0;;2;1;1;17;;;0;4;41;1;0;6;1;0;0;1;14;0;;
551473;Myštice;247;178;177;19;0;0;15;;0;7;17;3;4;;2;0;0;33;;;0;15;34;0;0;11;0;2;0;0;15;0;;
536644;Nebřehovice;121;71;71;6;0;0;3;;0;4;4;0;0;;0;0;0;14;;;0;0;17;0;0;9;0;2;0;0;12;0;;
536474;Němčice;92;60;60;7;0;0;6;;0;5;5;0;1;;0;0;0;5;;;0;2;21;0;0;1;0;0;0;0;7;0;;
536725;Němětice;83;56;56;7;0;0;4;;0;1;8;0;0;;1;1;0;3;;;0;5;16;0;0;3;0;0;1;0;5;1;;
551520;Nihošovice;246;129;129;15;0;0;7;;0;11;21;2;0;;1;0;0;17;;;0;6;21;0;0;8;0;1;0;1;18;0;;
536962;Nišovice;178;128;128;13;0;0;6;;0;31;19;1;0;;0;2;1;10;;;0;4;29;0;0;8;0;1;0;0;2;1;;
560201;Nová Ves;82;47;47;3;0;0;0;;0;5;4;0;0;;1;0;0;2;;;0;0;21;0;0;0;0;0;0;0;10;1;;
551554;Novosedly;294;165;165;10;0;0;11;;0;2;20;2;1;;0;0;0;24;;;0;7;66;0;0;10;0;1;0;0;10;1;;
551562;Osek;526;227;224;15;2;2;4;;0;9;31;3;1;;2;0;0;23;;;0;10;60;0;1;16;0;5;3;4;27;6;;
551571;Paračov;85;45;45;1;0;0;1;;0;6;4;0;1;;0;0;0;1;;;0;1;20;0;1;1;0;0;0;0;8;0;;
598887;Pivkovice;62;46;46;2;0;0;2;;0;1;2;0;0;;1;0;0;4;;;0;8;9;0;0;8;0;0;0;2;7;0;;
536911;Pohorovice;58;43;43;0;0;0;2;;0;6;6;0;0;;2;0;1;1;;;0;0;20;0;0;1;0;0;0;0;4;0;;
551619;Pracejovice;262;136;135;11;0;0;11;;0;6;15;2;3;;5;2;0;12;;;1;5;48;0;0;4;0;0;0;0;10;0;;
551627;Předmíř;258;156;156;12;0;0;10;;0;8;27;1;3;;0;0;0;15;;;2;0;47;0;2;8;0;0;0;0;21;0;;
536792;Přední Zborovice;72;50;50;8;0;0;1;;0;0;4;0;0;;0;0;0;9;;;0;1;15;0;0;1;0;1;0;0;10;0;;
551635;Předslavice;218;133;130;8;1;0;5;;0;6;16;1;3;;0;1;0;16;;;0;9;39;0;0;0;0;1;0;0;22;2;;
536547;Přechovice;95;53;53;11;0;0;2;;0;1;6;1;0;;1;0;0;6;;;0;6;9;0;0;8;0;0;0;0;2;0;;
551643;Přešťovice;363;231;228;31;1;0;10;;2;8;14;0;2;;4;0;0;29;;;0;12;78;0;0;12;0;0;0;1;24;0;;
536423;Radějovice;36;27;27;3;0;0;1;;0;0;3;0;2;;1;0;1;0;;;0;0;4;0;0;4;0;0;0;0;5;3;;
551660;Radomyšl;1 020;660;660;58;4;0;47;;2;29;56;7;6;;15;0;1;43;;;1;23;205;0;1;81;0;1;2;2;76;0;;
551678;Radošovice;501;346;344;29;0;0;23;;0;14;27;5;1;;6;0;0;51;;;0;3;113;0;1;26;0;3;1;1;40;0;;
536865;Rovná;192;125;125;23;0;0;4;;0;11;10;1;1;;0;0;1;12;;;0;8;32;1;0;5;0;2;0;0;14;0;;
536849;Řepice;331;221;219;34;0;1;13;;1;16;19;5;2;;0;0;1;25;;;1;10;55;0;0;15;0;1;0;1;16;3;;
551716;Sedlice;1 006;586;585;30;1;1;42;;2;52;51;6;4;;8;0;0;51;;;0;32;203;1;4;46;0;6;1;0;43;1;;
598909;Skály;61;53;53;9;0;0;7;;0;1;6;1;1;;1;0;0;3;;;0;3;12;0;0;1;0;0;0;0;8;0;;
551741;Skočice;179;105;105;10;0;0;8;;1;2;16;1;1;;0;0;0;9;;;0;5;36;1;0;6;0;0;1;1;7;0;;
536776;Slaník;124;77;77;6;0;0;5;;0;3;3;0;1;;2;0;0;1;;;2;1;34;0;0;4;0;0;0;0;15;0;;
551759;Sousedovice;216;135;135;10;4;0;3;;0;3;10;0;0;;5;1;0;16;;;0;3;50;0;0;12;0;0;0;0;18;0;;
530034;Stožice;268;151;151;20;1;0;9;;0;5;12;4;0;;4;0;0;25;;;0;4;46;0;0;7;0;0;1;2;11;0;;
550787;Strakonice;18 110;10 952;10 892;1 199;26;5;877;;10;320;899;112;80;;142;3;22;1 199;;;21;544;3 545;6;19;446;5;157;37;21;1 156;41;;
551775;Strašice;149;80;80;2;0;0;10;;1;2;4;0;1;;1;0;0;5;;;0;3;42;0;0;2;0;0;0;0;7;0;;
536784;Strunkovice nad Volyňkou;101;69;69;12;0;0;11;;0;0;7;0;0;;1;1;0;7;;;0;2;16;0;0;2;1;1;0;1;7;0;;
551791;Střelské Hoštice;691;390;389;51;0;0;33;;0;16;41;3;6;;1;1;0;42;;;0;12;112;0;0;17;0;0;0;5;46;3;;
551830;Škvořetice;250;138;138;15;0;0;9;;0;7;20;3;1;;2;0;1;13;;;0;5;41;0;1;6;0;1;0;0;13;0;;
536920;Štěchovice;182;107;106;4;0;0;13;;0;4;20;0;1;;0;0;0;6;;;0;1;39;0;0;2;1;0;1;1;13;0;;
551856;Štěkeň;729;425;422;67;2;0;32;;0;19;29;2;4;;5;0;3;43;;;0;12;136;0;0;19;0;4;0;0;45;0;;
536598;Tchořovice;193;137;137;13;0;0;8;;0;6;12;0;0;;1;0;0;16;;;0;6;42;0;1;12;0;3;0;0;16;1;;
536512;Truskovice;155;86;85;8;0;0;6;;1;4;6;2;0;;1;0;1;6;;;0;6;23;1;0;3;0;7;0;0;10;0;;
551899;Třebohostice;246;181;181;12;0;0;15;;0;16;14;1;2;;0;0;0;12;;;0;2;58;0;1;28;0;0;0;1;19;0;;
536679;Třešovice;66;58;58;7;0;0;4;;0;2;5;1;0;;0;0;0;8;;;1;0;14;0;0;5;0;1;0;0;10;0;;
536695;Úlehle;80;61;61;8;0;0;6;;0;1;8;0;0;;1;0;0;9;;;0;3;17;0;0;3;0;0;0;0;5;0;;
563951;Únice;52;34;33;5;0;0;2;;0;1;1;0;2;;1;0;0;7;;;0;0;9;0;0;0;0;0;0;0;5;0;;
551937;Uzenice;109;75;75;5;0;0;4;;0;2;4;0;0;;0;0;2;15;;;0;6;23;0;0;6;0;2;0;0;6;0;;
536890;Uzeničky;107;73;73;3;1;0;9;;0;0;12;0;3;;2;0;1;8;;;0;1;20;0;0;7;0;0;0;0;6;0;;
536504;Vacovice;48;30;30;3;0;0;1;;0;0;2;0;0;;0;0;0;1;;;0;1;14;0;0;5;0;2;0;0;1;0;;
536741;Velká Turná;131;93;93;11;0;0;8;;0;3;3;0;0;;0;0;0;8;;;0;2;37;0;0;10;0;0;0;0;11;0;;
551953;Vodňany;5 295;3 146;3 132;429;7;6;240;;4;134;267;34;27;;35;0;7;289;;;2;175;966;3;4;194;0;23;9;3;267;7;;
551961;Volenice;434;276;274;19;1;0;12;;0;8;43;8;6;;1;0;0;24;;;0;13;81;0;0;17;1;4;0;1;33;2;;
551970;Volyně;2 432;1 522;1 512;202;0;2;121;;1;108;138;17;5;;10;0;1;153;;;4;67;406;0;2;59;0;10;6;7;190;3;;
551988;Záboří;268;145;145;4;1;0;20;;0;4;9;2;5;;2;5;0;17;;;0;8;51;0;2;3;0;0;0;1;11;0;;
536482;Zahorčice;54;23;23;0;0;0;1;;0;1;10;0;0;;0;0;0;0;;;0;0;4;0;0;3;0;0;0;0;4;0;;
536873;Zvotoky;58;40;40;3;0;0;2;;0;0;3;2;1;;0;0;0;6;;;0;2;11;0;0;2;0;0;0;0;6;2;;
563251;Balkova Lhota;102;69;69;4;0;0;8;;0;7;7;0;0;;2;0;0;8;;;0;5;16;0;0;3;0;0;0;0;9;0;;
563366;Bečice;63;52;52;10;0;0;5;;0;2;2;0;0;;1;0;0;11;;;0;2;3;0;0;1;0;1;0;0;14;0;;
552054;Bechyně;4 405;2 774;2 752;255;5;3;189;;4;103;355;27;18;;53;4;8;242;;;2;230;793;2;9;105;1;31;4;10;283;16;;
560448;Běleč;153;106;102;12;0;0;7;;1;7;20;0;1;;3;0;0;5;;;0;4;30;0;0;7;0;0;0;0;5;0;;
552097;Borkovice;195;133;133;24;0;0;8;;0;3;11;2;1;;1;0;0;9;;;0;9;47;0;0;4;0;0;0;0;13;1;;
552101;Borotín;525;349;346;33;0;0;23;;0;32;43;5;5;;7;0;1;30;;;0;12;103;1;0;24;1;1;0;2;23;0;;
552127;Bradáčov;43;27;27;0;0;0;1;;0;1;1;0;0;;0;0;1;2;;;2;1;12;0;0;2;0;0;0;0;4;0;;
552135;Březnice;178;126;125;14;0;0;7;;0;8;11;1;2;;2;0;0;22;;;0;7;31;0;0;13;0;1;0;0;5;1;;
552143;Budislav;310;187;185;23;0;0;15;;0;6;14;3;4;;2;0;0;26;;;0;10;43;0;2;15;0;0;0;0;22;0;;
563722;Černýšovice;76;60;60;5;0;0;4;;0;4;15;0;1;;1;0;0;4;;;0;3;16;0;0;1;0;0;0;0;6;0;;
552208;Dírná;347;222;222;38;0;0;14;;0;24;15;1;5;;3;0;0;15;;;0;12;66;0;0;12;0;0;0;0;17;0;;
563650;Dlouhá Lhota;138;85;85;10;0;0;3;;1;2;5;0;0;;0;0;1;18;;;0;2;28;0;0;6;0;2;0;0;5;2;;
552224;Dobronice u Bechyně;106;71;70;2;0;0;10;;1;4;8;1;0;;0;0;0;4;;;0;2;29;0;0;0;0;0;0;0;9;0;;
552241;Dolní Hořice;669;412;408;37;1;1;41;;1;15;49;4;0;;8;0;1;57;;;0;12;148;0;0;12;0;1;1;0;19;0;;
560529;Dolní Hrachovice;114;82;82;0;0;1;10;;0;4;9;3;0;;1;0;0;10;;;0;3;25;0;0;11;0;1;0;0;2;2;;
563765;Drahov;134;97;95;15;0;0;12;;0;2;9;1;0;;0;0;0;6;;;0;5;23;0;0;7;0;2;0;1;12;0;;
552275;Dráchov;217;162;161;11;0;0;36;;0;4;22;6;1;;7;0;1;6;;;0;8;38;0;1;6;0;1;0;0;9;4;;
552283;Dražice;651;427;424;28;3;1;23;;0;36;41;9;1;;7;0;1;43;;;0;21;155;0;3;11;0;3;1;1;36;0;;
552291;Dražičky;115;86;86;9;0;0;4;;0;4;5;3;0;;2;0;1;16;;;0;4;29;0;0;4;0;1;0;1;3;0;;
563307;Drhovice;167;121;121;11;1;0;11;;1;7;9;3;2;;2;0;0;2;;;0;8;44;0;0;10;0;0;1;0;9;0;;
563625;Haškovcova Lhota;62;49;48;4;0;0;2;;0;5;6;0;0;;0;0;0;8;;;0;6;7;0;0;2;0;0;0;0;8;0;;
560481;Hlasivo;138;86;86;9;0;0;6;;0;9;7;1;0;;0;0;0;11;;;0;4;20;0;1;10;0;0;0;0;8;0;;
552321;Hlavatce;313;211;211;30;0;0;15;;0;9;25;1;5;;1;0;0;19;;;1;27;51;0;0;18;0;1;0;0;8;0;;
598992;Hodětín;77;57;57;1;0;0;6;;0;1;19;0;0;;1;0;0;7;;;0;0;16;0;0;3;0;0;1;0;2;0;;
562904;Hodonice;108;78;78;6;0;0;6;;0;8;8;0;1;;1;0;0;14;;;0;2;19;0;0;5;0;0;0;1;6;1;;
552453;Chotěmice;96;67;67;8;0;0;5;;0;2;4;2;1;;1;1;0;3;;;0;5;20;0;0;4;0;0;1;2;8;0;;
552461;Chotoviny;1 349;890;885;106;0;0;61;;1;46;51;16;4;;12;0;0;124;;;0;44;276;0;1;44;0;9;2;0;86;2;;
552470;Choustník;417;254;253;30;0;1;20;;0;7;32;2;3;;3;0;1;24;;;0;5;70;0;0;21;0;6;1;2;24;1;;
563145;Chrbonín;125;98;98;3;0;0;2;;0;11;7;4;0;;2;0;2;10;;;0;3;36;0;0;4;1;0;0;0;13;0;;
552496;Chýnov;1 959;1 299;1 291;178;1;2;91;;3;85;116;13;19;;21;2;1;142;;;0;64;358;0;5;59;1;15;2;2;107;4;;
562963;Jedlany;65;48;48;11;0;0;4;;0;6;4;0;0;;0;0;0;4;;;0;2;15;0;0;2;0;0;0;0;0;0;;
552534;Jistebnice;1 646;1 099;1 092;78;2;1;73;;0;68;88;10;11;;15;1;0;132;;;1;52;349;0;3;113;1;3;0;2;87;2;;
530042;Katov;65;45;45;4;0;0;5;;0;4;5;0;0;;0;0;0;1;;;0;5;19;0;0;1;0;1;0;0;0;0;;
563986;Klenovice;499;327;326;40;0;0;23;;0;14;33;4;6;;3;0;1;50;;;1;17;102;0;0;9;0;3;3;1;16;0;;
599280;Komárov;109;78;76;4;0;0;10;;0;1;17;0;0;;1;0;0;11;;;0;4;12;0;0;5;0;0;0;0;11;0;;
552585;Košice;598;390;389;53;0;0;27;;0;18;26;3;8;;5;1;1;54;;;0;17;130;0;0;18;0;1;1;0;25;1;;
562955;Košín;67;47;47;4;0;0;0;;0;3;2;0;1;;1;0;0;9;;;0;7;11;0;0;3;0;0;0;0;6;0;;
560634;Krátošice;86;63;63;4;0;0;8;;0;8;8;0;1;;0;0;0;6;;;0;3;14;0;0;5;0;0;1;0;5;0;;
563030;Krtov;114;89;89;8;0;0;8;;0;4;9;2;1;;6;0;0;10;;;0;3;17;0;0;12;0;0;0;0;8;1;;
563544;Libějice;105;86;86;13;0;0;10;;0;11;9;2;0;;0;0;0;5;;;0;3;12;0;0;7;0;2;0;0;11;1;;
563587;Lom;135;94;93;16;1;0;4;;0;6;11;0;0;;0;0;0;8;;;0;9;25;0;0;7;0;1;0;0;5;0;;
552666;Malšice;1 455;910;905;103;1;0;51;;0;37;62;6;15;;6;1;1;95;;;4;145;248;0;1;18;0;6;1;1;101;2;;
562866;Mažice;119;68;68;15;0;0;5;;0;3;8;1;0;;0;1;0;4;;;0;2;18;0;0;0;0;0;0;0;11;0;;
563234;Meziříčí;131;87;87;14;0;0;4;;0;7;9;3;0;;0;0;1;9;;;0;5;17;0;0;8;0;0;0;0;9;1;;
599255;Mezná;82;43;43;2;0;0;5;;0;0;4;0;0;;1;0;0;4;;;0;3;19;0;0;3;0;0;1;0;1;0;;
552704;Mladá Vožice;2 156;1 236;1 227;143;2;3;113;;5;61;144;12;11;;17;1;0;118;;;0;50;350;0;4;77;0;11;2;2;95;6;;
552712;Mlýny;107;66;66;6;0;0;4;;0;4;10;0;1;;1;0;0;10;;;0;5;15;0;2;1;0;0;0;0;7;0;;
552721;Myslkovice;323;203;203;12;0;0;25;;0;13;24;0;4;;3;0;0;21;;;0;12;65;0;0;8;0;2;0;1;13;0;;
549631;Nadějkov;578;350;345;29;1;0;27;;3;15;14;4;4;;6;0;0;45;;;0;24;73;0;0;61;0;3;0;0;36;0;;
559016;Nasavrky;75;55;54;9;0;0;1;;0;5;1;0;2;;0;0;0;5;;;0;7;20;0;0;1;0;0;0;0;3;0;;
552747;Nemyšl;226;133;131;20;0;0;7;;0;13;15;1;4;;3;1;0;20;;;0;4;23;0;0;4;0;2;0;0;14;0;;
552763;Nová Ves u Chýnova;247;200;200;48;0;0;12;;0;13;13;2;1;;3;1;1;15;;;0;6;40;0;0;24;0;4;0;0;15;2;;
563455;Nová Ves u Mladé Vožice;167;106;105;3;0;0;14;;0;1;11;2;1;;1;0;0;20;;;0;6;33;0;0;4;0;0;2;0;6;1;;
552798;Oldřichov;181;127;127;18;1;0;11;;1;4;15;0;0;;1;0;2;9;;;0;3;45;0;0;2;0;1;0;0;14;0;;
552801;Opařany;1 175;790;789;67;2;0;57;;1;52;110;9;10;;16;0;3;95;;;0;28;232;0;1;27;1;6;0;2;70;0;;
552828;Planá nad Lužnicí;3 128;2 021;2 010;248;3;3;137;;6;187;131;28;18;;31;2;7;256;;;1;139;593;0;3;60;3;18;2;1;129;4;;
560553;Pohnánec;44;33;33;0;0;0;2;;0;2;5;0;0;;0;0;0;2;;;0;0;18;0;1;3;0;0;0;0;0;0;;
552852;Pohnání;70;49;49;3;0;0;2;;0;1;6;0;0;;1;0;0;9;;;0;3;21;0;0;2;0;0;0;0;0;1;;
552861;Pojbuky;106;58;56;1;0;0;6;;0;2;10;0;0;;1;0;0;0;;;0;2;21;0;0;0;0;0;1;1;11;0;;
552895;Přehořov;271;145;143;13;0;0;8;;0;2;29;0;1;;4;0;1;10;;;0;7;41;0;0;5;0;2;0;0;17;3;;
563374;Psárov;107;61;61;8;0;0;8;;0;3;3;0;0;;0;0;0;5;;;2;4;23;0;0;0;0;0;0;0;5;0;;
552917;Radenín;395;257;253;19;0;0;27;;0;18;21;8;8;;3;0;0;37;;;0;12;73;0;0;11;0;3;1;0;11;1;;
552925;Radětice;202;121;120;13;0;0;4;;0;2;19;1;0;;1;1;1;6;;;0;4;41;0;0;19;0;0;1;1;6;0;;
563196;Radimovice u Tábora;57;50;50;6;0;0;6;;0;0;2;0;0;;4;0;0;4;;;0;2;18;0;0;3;0;2;0;0;3;0;;
552933;Radimovice u Želče;313;240;238;24;1;0;22;;0;16;18;5;3;;2;0;0;31;;;0;16;70;0;1;6;0;0;0;0;22;1;;
552941;Radkov;135;120;119;11;1;0;8;;0;7;13;3;2;;5;0;0;12;;;0;10;28;0;1;6;0;2;0;0;9;1;;
552976;Rataje;175;112;112;18;1;0;6;;0;1;14;0;2;;1;0;1;5;;;1;4;39;0;0;5;0;2;1;0;10;1;;
552992;Ratibořské Hory;624;388;386;38;0;1;19;;0;21;50;8;3;;12;0;0;43;;;2;12;135;0;0;17;1;3;0;3;17;1;;
560626;Rodná;88;56;56;0;1;0;7;;0;1;7;5;1;;0;0;0;15;;;0;0;17;0;0;1;0;0;1;0;0;0;;
553018;Roudná;438;293;290;33;0;2;19;;0;16;39;3;1;;5;0;1;30;;;0;19;75;0;0;10;0;1;0;0;35;1;;
560511;Řemíčov;77;57;57;3;0;0;8;;0;4;5;2;0;;1;0;0;7;;;0;1;17;0;0;1;0;1;0;0;6;1;;
553034;Řepeč;220;153;152;6;0;2;20;;0;16;23;2;0;;1;0;0;12;;;0;2;50;0;0;10;0;1;0;1;6;0;;
599115;Řípec;253;157;157;25;0;0;13;;0;14;21;0;0;;1;1;0;10;;;0;4;50;0;0;4;0;0;0;0;13;1;;
599263;Sedlečko u Soběslavě;115;60;60;15;0;0;7;;0;0;5;3;0;;0;0;0;3;;;1;5;15;0;0;0;0;0;0;0;6;0;;
553069;Sezimovo Ústí;5 863;3 981;3 951;491;2;2;329;;6;249;273;39;28;;48;2;2;507;;;4;230;1 283;2;8;147;2;25;4;0;256;12;;
553077;Skalice;408;288;286;26;0;0;30;;0;11;16;2;6;;7;0;2;25;;;0;23;96;0;2;15;0;1;0;0;22;2;;
553085;Skopytce;140;108;108;9;0;0;10;;0;7;12;3;1;;3;0;0;8;;;1;6;24;0;1;13;0;0;0;0;9;1;;
560669;Skrýchov u Malšic;110;67;66;5;0;0;3;;0;9;0;1;0;;1;0;1;4;;;0;6;26;0;0;5;0;0;0;0;5;0;;
599026;Slapsko;121;68;67;12;0;0;7;;0;3;12;3;0;;0;0;0;11;;;0;2;13;0;0;1;0;0;1;0;2;0;;
599042;Slapy;356;251;248;21;0;0;20;;1;9;21;3;2;;8;0;0;28;;;0;18;89;0;0;7;0;0;1;0;20;0;;
553123;Smilovy Hory;317;191;190;15;0;0;25;;0;13;27;1;3;;2;0;0;13;;;0;5;54;0;0;9;1;5;0;0;17;0;;
553131;Soběslav;5 726;3 522;3 509;399;7;3;311;;5;140;345;31;37;;82;2;3;375;;;2;184;1 108;3;5;118;5;33;5;7;287;12;;
553140;Stádlec;471;306;306;36;0;0;28;;0;24;49;3;4;;1;0;3;26;;;0;14;77;0;0;10;0;1;0;1;27;2;;
553166;Sudoměřice u Bechyně;578;404;403;42;0;2;26;;2;20;32;3;0;;7;1;2;45;;;1;46;100;0;2;19;0;2;1;0;48;2;;
553174;Sudoměřice u Tábora;237;158;158;24;0;0;8;;1;10;14;1;8;;3;0;1;19;;;0;5;46;0;0;9;0;0;0;0;8;1;;
553182;Sviny;264;173;173;22;0;0;17;;1;5;16;1;2;;3;0;0;15;;;0;18;34;0;0;18;0;6;0;1;13;1;;
563170;Svrabov;43;34;33;3;0;0;5;;0;4;2;0;0;;0;0;0;1;;;0;5;10;0;0;3;0;0;0;0;0;0;;
553204;Šebířov;308;159;157;10;0;0;6;;2;16;16;0;3;;1;0;0;17;;;0;2;63;0;0;15;0;0;0;1;5;0;;
552046;Tábor;27 691;17 036;16 924;1 918;16;12;1 369;;17;934;1 320;307;123;;226;7;23;2 162;;;19;1 138;5 035;9;20;524;9;165;17;27;1 488;39;;
563153;Třebějice;62;42;42;3;0;0;4;;0;5;3;0;0;;0;0;0;1;;;0;2;15;0;0;2;0;2;0;0;5;0;;
553239;Tučapy;663;387;385;41;1;0;29;;0;25;33;7;6;;10;1;0;45;;;0;15;104;0;0;11;0;3;3;1;50;0;;
551601;Turovec;213;161;159;28;0;0;16;;0;12;9;2;1;;3;0;0;11;;;0;7;46;0;1;5;0;2;1;1;14;0;;
599123;Ústrašice;287;198;197;21;1;0;11;;0;17;13;2;3;;6;0;0;14;;;0;19;69;0;0;6;0;2;0;0;12;1;;
553255;Val;208;140;139;18;0;0;12;;0;7;14;1;2;;0;0;0;17;;;0;8;44;0;0;6;0;1;0;1;8;0;;
553263;Vesce;224;134;134;30;0;0;8;;0;4;11;0;2;;1;0;1;13;;;1;15;30;0;0;6;1;3;1;0;7;0;;
553271;Veselí nad Lužnicí;5 304;3 043;3 031;384;3;3;254;;3;138;242;16;34;;70;6;7;228;;;2;167;910;0;1;154;4;41;8;7;340;9;;
553280;Vilice;130;85;84;2;0;0;7;;0;8;6;0;1;;0;0;0;10;;;0;2;31;0;0;8;0;1;0;0;7;1;;
553298;Vlastiboř;261;161;161;18;0;0;18;;0;14;29;4;0;;2;0;0;8;;;0;4;41;0;1;7;0;0;1;1;12;1;;
563447;Vlčeves;78;47;47;2;0;0;3;;0;3;12;2;0;;0;0;0;2;;;0;0;20;0;0;0;0;0;0;0;3;0;;
553310;Vlkov;149;102;102;8;0;0;14;;0;10;16;1;1;;1;0;1;12;;;0;6;13;0;1;2;0;0;0;0;16;0;;
553328;Vodice;146;102;102;14;0;0;9;;0;3;19;0;0;;1;0;0;15;;;0;4;26;0;0;2;0;0;1;0;8;0;;
563927;Zadní Střítež;35;23;22;1;0;0;4;;0;2;2;0;2;;0;0;0;0;;;0;0;6;0;0;0;0;0;0;0;4;1;;
599000;Záhoří;54;43;43;11;0;0;1;;0;2;6;0;0;;1;0;0;4;;;0;0;17;0;0;0;0;0;0;0;1;0;;
553361;Zálší;223;127;127;20;0;0;8;;0;9;15;3;1;;4;0;0;5;;;0;4;29;0;0;11;0;1;0;0;17;0;;
599034;Zhoř u Mladé Vožice;73;40;40;3;0;0;6;;0;5;2;1;0;;1;0;0;5;;;0;0;10;0;1;1;0;0;1;0;3;1;;
560430;Zhoř u Tábora;140;81;79;10;0;0;1;;0;9;1;0;0;;5;0;3;4;;;0;6;28;0;0;5;0;0;0;0;6;1;;
599271;Zlukov;221;157;156;17;0;0;7;;0;3;9;2;3;;5;0;0;18;;;0;7;60;0;0;17;0;2;0;0;6;0;;
553409;Zvěrotice;321;204;201;17;0;0;25;;2;9;18;1;2;;4;0;0;18;;;0;1;76;0;0;4;0;2;0;1;20;1;;
553417;Želeč;705;467;464;65;0;0;30;;1;22;41;8;7;;11;0;0;42;;;0;51;131;0;0;18;0;2;0;0;35;0;;
563897;Žíšov;191;132;131;18;0;0;7;;2;3;6;0;0;;0;0;0;14;;;0;12;44;0;0;5;0;0;1;0;18;1;;
553433;Babylon;230;171;169;19;0;0;8;;0;17;20;0;1;;3;0;0;18;0;;0;4;48;;1;8;0;2;0;0;20;0;;
553441;Bělá nad Radbuzou;1 394;677;671;54;1;0;53;;1;100;81;8;5;;4;1;0;38;0;;1;7;205;;0;11;0;1;0;1;93;6;;
553450;Blížejov;1 129;621;619;62;1;1;41;;0;33;55;5;9;;9;1;2;55;0;;0;10;205;;0;13;0;8;4;4;99;2;;
566136;Brnířov;294;170;170;40;0;0;11;;0;9;6;0;2;;0;0;1;13;0;;0;4;50;;0;11;0;0;4;1;18;0;;
553506;Bukovec;79;44;44;7;0;0;7;;0;3;3;0;0;;0;0;0;3;0;;0;0;19;;0;0;0;0;0;0;2;0;;
566080;Čečovice;62;24;24;1;0;0;1;;0;1;0;0;1;;0;0;0;1;0;;0;1;10;;0;0;0;0;0;0;8;0;;
553514;Čermná;203;134;134;26;2;0;11;;1;10;15;2;1;;1;0;0;8;0;;0;3;38;;0;7;0;0;0;0;9;0;;
566098;Černovice;171;71;69;6;0;0;14;;0;6;9;1;0;;1;0;1;0;0;;0;0;18;;0;4;0;0;0;1;8;0;;
553549;Česká Kubice;549;270;268;14;3;0;27;;1;20;31;2;5;;1;0;0;24;0;;0;12;80;;0;9;0;3;0;0;36;0;;
553557;Díly;315;219;217;24;0;0;20;;0;12;21;1;1;;0;0;1;16;0;;0;12;78;;0;12;0;0;1;3;15;0;;
553425;Domažlice;8 554;5 094;5 073;592;6;2;449;;6;278;508;53;55;;35;0;13;483;5;;2;168;1 369;;5;377;4;44;6;7;595;11;;
553573;Drahotín;152;64;64;4;0;0;5;;0;6;5;0;0;;1;0;0;2;0;;0;1;32;;0;1;0;0;0;0;7;0;;
553581;Draženov;330;219;219;18;0;0;18;;0;10;14;1;3;;5;0;0;10;0;;0;3;81;;0;21;0;3;3;0;28;1;;
553620;Hlohová;220;143;142;19;0;0;15;;0;6;15;0;5;;2;0;0;17;0;;0;8;30;;1;3;0;1;0;0;20;0;;
566641;Hlohovčice;157;108;108;5;0;0;9;;0;6;16;1;3;;2;0;0;7;0;;0;0;28;;0;2;2;0;3;0;24;0;;
553654;Holýšov;3 970;2 173;2 161;215;4;0;191;;1;133;185;17;21;;29;5;8;182;2;;0;54;703;;4;21;1;8;1;6;359;11;;
566276;Hora Svatého Václava;71;50;50;10;0;0;9;;0;6;0;0;0;;1;0;0;4;0;;0;0;13;;1;4;0;0;0;0;2;0;;
553662;Horní Kamenice;191;130;129;14;1;0;21;;0;12;9;0;1;;2;0;0;14;0;;0;3;34;;0;3;0;2;0;1;12;0;;
553671;Horšovský Týn;3 933;2 109;2 093;281;7;6;135;;6;102;242;27;33;;24;1;4;151;1;;1;56;701;;6;51;0;6;6;2;239;5;;
553689;Hostouň;1 000;442;438;30;0;0;36;;0;25;64;4;8;;5;0;0;37;0;;0;4;152;;2;12;2;3;0;1;52;1;;
566179;Hradiště;125;81;81;18;0;0;10;;1;10;6;0;2;;0;0;0;7;1;;0;2;21;;0;1;0;0;0;0;2;0;;
566331;Hvožďany;29;12;12;1;0;0;2;;0;2;1;0;0;;0;0;0;0;0;;0;0;5;;0;1;0;0;0;0;0;0;;
553727;Chocomyšl;99;63;63;0;0;0;12;;0;10;14;0;0;;1;0;0;1;0;;0;0;18;;0;3;0;0;0;0;4;0;;
553735;Chodov;607;381;381;34;0;0;37;;1;14;57;4;23;;4;1;1;19;0;;1;6;104;;2;18;0;3;2;0;48;2;;
553743;Chodská Lhota;332;201;201;28;0;0;17;;0;12;21;0;2;;4;0;0;15;0;;0;5;54;;0;22;0;1;2;0;18;0;;
553751;Chrastavice;298;217;217;18;1;0;13;;2;12;14;2;0;;3;2;1;26;0;;0;9;60;;0;39;0;4;0;0;11;0;;
566144;Kanice;159;122;122;24;0;0;12;;0;8;10;2;1;;0;0;0;5;0;;0;2;49;;0;1;0;0;0;0;8;0;;
553778;Kaničky;27;23;23;1;0;0;0;;0;3;1;0;0;;0;0;0;3;0;;0;0;11;;0;4;0;0;0;0;0;0;;
553786;Kdyně;4 055;2 417;2 399;429;1;2;206;;6;71;201;17;33;;21;3;3;178;0;;3;73;671;;4;116;1;15;5;5;331;4;;
553794;Klenčí pod Čerchovem;1 030;623;620;70;1;0;49;;2;35;98;11;27;;6;0;1;49;0;;0;28;151;;1;22;0;1;5;5;56;2;;
553816;Koloveč;808;486;483;51;1;0;37;;0;21;37;5;2;;10;0;0;40;0;;2;9;194;;0;18;0;0;1;0;52;3;;
553824;Kout na Šumavě;908;570;566;73;0;0;59;;0;24;54;3;10;;1;1;0;53;0;;0;19;177;;2;35;0;6;2;1;45;1;;
553832;Křenovy;123;84;84;12;0;0;10;;0;2;5;0;0;;0;0;0;10;0;;0;1;28;;0;3;0;0;1;0;11;1;;
553841;Kvíčovice;302;184;182;12;0;0;8;;2;65;19;1;0;;0;0;0;14;0;;0;4;36;;0;2;0;0;1;0;18;0;;
553859;Libkov;90;58;58;8;0;0;1;;0;4;2;1;0;;4;2;0;6;0;;0;1;20;;0;8;0;0;0;0;1;0;;
553867;Loučim;100;75;74;14;0;0;13;;0;5;8;0;1;;0;0;0;4;0;;0;3;18;;2;2;0;1;0;0;3;0;;
553891;Luženičky;290;221;221;16;0;0;12;;0;9;20;1;3;;7;1;0;11;1;;0;3;74;;0;34;0;1;1;1;26;0;;
553913;Meclov;871;451;447;39;2;0;27;;1;8;60;4;7;;4;1;1;23;0;;0;14;167;;4;12;0;2;2;2;67;0;;
553930;Mezholezy;102;65;64;4;1;0;11;;0;4;16;1;0;;0;0;0;1;0;;0;1;15;;1;1;0;0;0;0;8;0;;
553921;Mezholezy;84;54;53;4;0;0;8;;0;4;0;0;0;;3;1;0;6;0;;0;1;14;;0;2;0;0;0;0;10;0;;
553948;Milavče;474;310;304;23;0;0;35;;0;9;35;3;0;;4;0;0;25;1;;0;4;88;;0;47;1;4;0;0;24;1;;
553956;Mířkov;229;95;94;6;0;0;7;;0;2;10;0;2;;0;0;0;12;0;;1;1;36;;0;0;0;0;0;0;17;0;;
566292;Mnichov;173;71;71;2;1;0;8;;0;2;12;6;1;;0;0;0;2;0;;0;2;21;;0;0;0;3;0;0;10;1;;
599174;Močerady;49;32;31;3;0;0;4;;0;1;0;0;1;;1;0;1;3;0;;0;0;7;;0;0;0;0;0;1;9;0;;
553981;Mrákov;928;597;593;47;0;0;52;;0;40;36;3;1;;0;0;1;29;0;;0;12;210;;4;88;0;5;0;1;64;0;;
553999;Mutěnín;217;104;103;7;0;0;9;;0;5;19;0;0;;1;0;0;7;0;;0;1;31;;2;4;0;1;0;0;10;6;;
554006;Nemanice;192;88;88;4;0;0;8;;0;3;14;0;4;;0;1;0;8;0;;0;0;26;;0;2;0;0;0;0;18;0;;
599166;Němčice;106;67;67;9;1;0;5;;0;10;3;1;0;;0;0;0;8;0;;0;2;10;;0;2;0;1;0;0;15;0;;
554022;Neuměř;118;77;77;3;0;0;4;;0;9;5;0;0;;1;0;0;6;0;;0;5;30;;0;0;0;1;0;0;13;0;;
554031;Nevolice;153;110;110;11;0;0;7;;0;10;4;2;1;;0;4;0;13;0;;0;5;29;;0;14;0;4;0;0;5;1;;
599131;Nová Ves;112;77;77;16;0;0;7;;0;4;17;0;1;;2;0;0;2;0;;0;1;12;;1;1;0;2;1;1;9;0;;
554057;Nový Kramolín;179;97;97;2;0;0;16;;0;4;13;1;1;;0;0;0;10;0;;0;0;30;;4;1;0;2;0;2;11;0;;
554073;Osvračín;487;280;278;13;0;0;28;;0;8;21;2;5;;6;0;1;20;0;;0;11;115;;0;5;0;4;1;1;35;2;;
566209;Otov;88;35;34;0;0;0;4;;0;1;4;0;1;;1;0;0;0;0;;0;0;18;;0;1;1;0;0;0;3;0;;
599182;Pařezov;128;83;82;5;1;0;5;;0;7;8;3;5;;3;0;0;13;0;;0;3;21;;0;7;0;0;0;0;1;0;;
554081;Pasečnice;181;118;118;7;1;0;14;;1;3;10;1;1;;0;0;0;15;0;;0;4;27;;0;16;0;3;1;1;11;2;;
554090;Pec;193;132;131;35;0;0;15;;0;5;11;0;0;;1;0;0;7;0;;0;2;29;;0;4;0;2;1;0;19;0;;
566373;Pelechy;69;49;49;2;0;0;7;;0;0;2;0;0;;0;0;0;11;0;;0;8;11;;0;2;0;1;0;0;5;0;;
554111;Poběžovice;1 265;630;627;79;0;0;38;;1;29;79;12;13;;7;1;1;38;0;;0;15;224;;5;11;0;5;1;0;65;3;;
554120;Pocinovice;473;323;320;38;0;0;37;;0;26;20;2;2;;2;0;1;22;0;;0;11;107;;0;15;0;1;1;2;33;0;;
566365;Poděvousy;213;123;123;12;0;0;20;;0;0;16;0;7;;1;0;2;8;0;;0;1;37;;0;5;0;0;0;0;14;0;;
554138;Postřekov;934;576;571;62;1;1;44;;3;27;50;2;8;;1;0;1;53;0;;1;13;155;;1;78;0;7;0;0;61;2;;
554154;Puclice;268;152;152;7;0;0;22;;0;13;12;1;2;;0;0;0;9;0;;0;5;66;;0;2;0;0;0;0;7;6;;
554189;Rybník;145;60;58;11;0;0;6;;0;2;6;1;1;;0;0;0;6;0;;0;0;13;;0;1;0;1;0;0;10;0;;
554201;Semněvice;143;51;51;6;0;0;2;;0;1;10;2;1;;0;0;0;6;0;;0;0;16;;0;0;0;0;0;0;7;0;;
554251;Spáňov;150;120;119;9;0;0;16;;0;5;13;0;0;;1;1;0;9;0;;0;4;31;;0;13;0;0;0;0;17;0;;
554260;Srbice;328;243;242;14;0;0;21;;1;12;28;1;4;;2;1;0;15;0;;0;6;80;;0;4;0;2;0;2;49;0;;
554278;Srby;351;188;186;12;0;2;14;;1;6;27;2;1;;1;0;0;2;0;;0;4;84;;2;1;0;0;1;0;26;0;;
554294;Staňkov;2 627;1 587;1 570;151;1;1;172;;2;133;117;8;14;;10;1;4;148;0;;1;38;506;;4;36;0;9;3;2;206;3;;
554316;Stráž;198;141;139;9;0;0;16;;0;4;9;2;0;;2;0;0;8;0;;0;8;40;;1;25;0;1;1;0;13;0;;
566101;Štichov;68;41;40;2;0;0;5;;0;5;6;0;1;;0;0;0;5;0;;0;1;6;;0;3;0;0;0;0;6;0;;
554341;Tlumačov;350;244;241;16;0;0;61;;0;9;18;1;0;;2;0;0;12;0;;0;10;57;;0;32;0;1;2;0;20;0;;
554359;Trhanov;428;252;251;25;0;0;30;;0;12;39;2;2;;0;0;0;21;0;;1;4;81;;0;8;1;1;3;0;20;1;;
566161;Úboč;92;52;51;9;0;0;6;;0;4;3;0;0;;2;0;0;5;0;;0;1;15;;0;1;0;0;0;0;5;0;;
554383;Újezd;323;195;195;7;2;0;20;;1;10;16;0;4;;0;0;3;17;0;;0;11;63;;3;23;0;2;0;0;12;1;;
554391;Únějovice;88;60;60;4;0;0;6;;0;2;5;1;0;;1;0;1;3;0;;0;1;26;;1;2;0;3;0;0;4;0;;
554405;Úsilov;115;51;51;3;0;0;4;;0;7;4;0;1;;1;0;0;6;0;;0;1;15;;0;1;0;0;0;0;8;0;;
554413;Velký Malahov;201;95;94;4;0;0;2;;0;9;11;1;0;;0;1;0;4;0;;0;2;43;;0;1;0;0;0;0;16;0;;
554421;Vidice;130;71;71;5;0;0;4;;0;1;14;0;0;;0;0;0;2;0;;0;2;35;;0;0;0;0;0;0;8;0;;
566250;Vlkanov;97;57;57;10;0;0;3;;0;8;7;0;0;;0;0;0;2;0;;1;1;18;;0;3;0;0;1;0;3;0;;
566071;Všekary;80;61;61;10;0;0;2;;0;6;2;1;2;;0;0;2;4;1;;0;3;11;;0;7;0;0;0;0;10;0;;
554448;Všepadly;39;30;30;4;0;0;6;;0;2;4;0;0;;0;0;0;2;0;;0;0;10;;0;1;0;0;0;0;1;0;;
554456;Všeruby;638;283;281;23;1;0;19;;1;24;37;6;5;;1;0;1;14;0;;0;7;103;;0;7;0;0;1;1;30;0;;
554464;Zahořany;791;501;499;53;2;0;33;;0;29;29;4;6;;11;1;2;46;0;;0;13;177;;1;47;0;3;0;0;40;2;;
554472;Ždánov;122;79;77;7;0;0;23;;0;3;7;0;1;;0;0;0;5;0;;0;2;19;;0;7;0;1;0;0;2;0;;
541842;Běhařov;142;83;80;5;0;0;2;;0;7;5;0;1;;0;2;0;9;0;;1;3;32;;0;4;0;0;0;0;9;0;;
555797;Běšiny;657;398;397;31;1;0;20;;0;13;24;3;6;;6;0;1;38;0;;0;9;159;;7;30;0;2;1;3;42;1;;
555801;Bezděkov;725;447;442;41;6;0;32;;2;17;45;6;6;;5;0;0;55;0;;0;22;147;;1;14;0;0;0;0;40;3;;
578088;Biřkov;103;67;67;8;0;0;12;;0;3;5;1;1;;0;0;1;7;0;;0;2;17;;0;1;0;5;0;0;4;0;;
555835;Bolešiny;612;417;416;39;1;0;21;;1;43;25;0;5;;4;0;0;48;0;;1;11;123;;3;31;0;7;0;1;48;4;;
541923;Břežany;162;105;105;5;0;0;9;;0;4;11;0;0;;0;0;0;10;0;;0;1;55;;0;6;0;0;0;0;4;0;;
555894;Budětice;242;168;168;18;0;0;20;;0;4;15;0;3;;3;0;0;18;0;;0;2;58;;1;9;0;0;0;4;13;0;;
530085;Bukovník;59;42;42;6;0;0;2;;0;3;5;0;0;;0;0;0;2;0;;0;1;16;;0;4;0;0;0;0;3;0;;
555941;Čachrov;442;261;260;30;0;0;30;;0;11;16;1;0;;1;0;0;33;0;;0;11;68;;0;16;0;0;0;0;43;0;;
553531;Černíkov;282;146;146;16;0;0;10;;0;6;10;1;1;;0;1;0;10;0;;0;1;59;;0;5;0;1;0;1;24;0;;
542172;Červené Poříčí;193;117;117;8;0;0;8;;0;10;10;2;1;;1;0;0;6;0;;0;5;48;;0;4;0;0;5;0;9;0;;
542024;Číhaň;174;97;97;6;1;1;7;;0;5;2;2;0;;0;0;0;24;1;;0;0;29;;0;6;0;1;0;0;11;1;;
578495;Čímice;128;101;101;9;0;0;6;;0;2;11;2;1;;0;1;0;9;0;;0;7;42;;0;3;0;2;0;0;6;0;;
556041;Dešenice;559;353;351;31;0;0;20;;0;17;74;1;1;;1;0;1;32;0;;0;8;105;;0;17;0;0;1;0;42;0;;
556068;Dlažov;382;202;200;5;3;0;8;;0;14;26;2;2;;1;1;0;15;0;;0;9;84;;0;11;0;0;0;1;18;0;;
556076;Dlouhá Ves;665;402;402;40;1;0;28;;0;27;25;4;5;;1;0;2;42;0;;1;16;158;;2;12;1;2;2;0;33;0;;
530123;Dobršín;86;66;66;21;0;0;5;;0;1;1;1;1;;1;0;0;4;0;;0;2;18;;0;1;0;1;0;1;8;0;;
556106;Dolany;716;445;440;29;1;2;30;;1;29;43;4;1;;8;2;1;38;0;;0;15;149;;5;18;0;0;4;4;54;2;;
578517;Domoraz;50;39;39;2;0;0;5;;0;1;3;0;0;;0;0;0;5;0;;0;0;16;;0;3;0;0;1;0;3;0;;
566683;Dražovice;124;80;79;1;0;0;8;;0;4;8;3;0;;3;0;0;6;0;;0;4;20;;0;1;0;0;0;0;21;0;;
578525;Frymburk;81;59;58;11;0;0;6;;0;2;1;0;0;;0;0;0;0;0;;0;5;23;;0;6;0;0;0;0;4;0;;
578240;Hamry;112;76;75;9;0;0;3;;1;1;5;1;0;;1;0;0;7;1;;0;4;30;;0;7;0;0;0;0;5;0;;
556181;Hartmanice;863;475;472;37;5;0;26;;2;20;52;4;8;;2;0;0;54;0;;0;12;152;;1;38;6;5;1;1;43;3;;
541796;Hejná;139;98;98;7;0;0;10;;0;3;5;0;0;;0;0;0;10;0;;0;0;53;;0;3;0;0;0;0;7;0;;
556203;Hlavňovice;402;279;278;18;0;0;16;;1;16;20;1;4;;4;1;1;37;0;;0;5;92;;0;44;0;4;2;1;10;1;;
542083;Hnačov;88;60;60;7;0;0;8;;0;3;3;0;0;;0;0;0;3;0;;0;0;24;;0;1;0;0;0;0;11;0;;
556254;Horažďovice;4 347;2 690;2 669;261;9;1;241;;0;197;175;24;43;;28;2;3;302;1;;0;85;892;;4;165;2;9;4;4;214;3;;
542091;Horská Kvilda;89;68;68;23;0;0;0;;0;3;0;1;0;;0;0;0;11;0;;0;10;18;;0;0;0;0;0;0;2;0;;
556301;Hrádek;1 112;684;678;85;0;0;38;;5;32;38;16;10;;10;0;1;66;1;;0;26;207;;0;57;1;2;2;0;81;0;;
556319;Hradešice;340;206;204;22;1;1;21;;1;15;14;3;3;;4;0;0;23;0;;0;12;52;;0;17;0;3;1;0;10;1;;
556335;Chanovice;569;382;380;35;1;0;37;;0;54;22;1;0;;6;0;1;21;0;;0;15;122;;0;25;0;1;1;1;36;1;;
556343;Chlistov;121;85;83;10;0;0;7;;0;1;8;0;2;;0;0;0;5;0;;0;1;34;;0;5;0;1;0;0;9;0;;
556378;Chudenice;606;364;361;22;2;0;25;;0;17;36;2;2;;8;0;0;38;0;;0;16;128;;8;12;0;3;1;0;40;1;;
556386;Chudenín;477;260;256;25;0;0;18;;0;17;26;4;2;;9;0;0;12;0;;0;9;92;;2;7;1;0;0;1;30;1;;
556394;Janovice nad Úhlavou;1 737;1 003;993;102;6;2;94;;0;39;86;5;4;;12;3;1;110;0;;1;18;362;;0;34;1;1;3;2;103;4;;
541869;Javor;56;41;41;5;6;0;1;;0;3;3;0;0;;0;0;0;2;0;;0;2;13;;0;2;0;0;0;0;4;0;;
541753;Ježovy;186;105;104;12;0;0;14;;0;4;8;1;0;;3;0;0;13;0;;0;1;23;;0;6;0;0;0;0;17;2;;
556432;Kašperské Hory;1 255;773;767;105;2;1;64;;1;23;47;5;9;;9;1;0;74;1;;2;41;258;;3;35;0;3;1;1;79;2;;
541826;Kejnice;89;58;57;1;0;0;0;;0;7;19;0;2;;0;0;0;4;0;;0;2;10;;0;7;0;0;0;0;5;0;;
555771;Klatovy;17 816;10 849;10 796;1 407;24;7;911;;20;390;958;112;107;;160;12;17;1 137;2;;8;530;3 330;;17;397;5;54;40;25;1 095;31;;
541851;Klenová;95;56;56;1;1;0;5;;1;3;9;1;0;;1;0;0;6;0;;0;2;18;;1;2;0;0;0;0;5;0;;
556467;Kolinec;1 155;685;679;32;1;1;42;;4;88;85;6;3;;2;0;3;62;0;;0;18;210;;4;32;0;5;1;2;78;0;;
578177;Kovčín;72;38;38;2;0;0;1;;0;6;0;0;0;;1;0;0;2;1;;0;1;20;;0;0;0;0;0;0;4;0;;
556505;Křenice;172;101;101;15;0;0;5;;0;5;10;0;2;;0;0;0;11;0;;0;6;28;;0;2;0;0;0;2;15;0;;
541931;Kvášňovice;106;71;70;12;0;0;6;;0;8;2;1;0;;0;0;0;14;0;;0;9;12;;0;1;0;0;0;0;5;0;;
578070;Lomec;104;82;81;15;0;0;7;;0;11;7;0;1;;0;0;1;5;0;;0;1;17;;0;5;0;0;0;0;10;1;;
556629;Malý Bor;446;266;263;23;0;0;20;;1;18;18;2;4;;2;0;2;31;0;;0;10;95;;0;23;0;1;0;0;11;2;;
578410;Maňovice;49;37;37;4;0;0;4;;0;2;4;0;0;;1;0;0;2;0;;1;0;10;;0;1;0;0;0;0;8;0;;
556637;Měčín;894;531;528;31;0;0;43;;0;21;67;3;3;;5;0;0;31;0;;2;13;226;;0;7;0;2;3;1;69;1;;
578461;Mezihoří;51;29;29;4;0;0;4;;0;2;2;1;1;;0;0;0;4;0;;0;4;4;;0;1;0;0;0;0;1;1;;
542059;Mlýnské Struhadlo;47;29;29;6;0;0;4;;0;1;1;0;0;;0;0;0;2;0;;0;3;11;;0;0;0;0;0;0;1;0;;
542148;Modrava;134;121;119;43;0;0;6;;0;14;4;2;0;;2;0;1;13;1;;0;14;9;;0;4;0;1;0;0;5;0;;
556718;Mochtín;816;507;506;60;1;0;30;;0;30;62;7;3;;7;1;2;25;1;;1;27;161;;2;12;0;1;3;0;65;5;;
556726;Mokrosuky;106;84;84;19;0;0;8;;0;4;4;0;1;;0;0;1;12;0;;0;7;21;;0;1;0;1;0;0;5;0;;
556734;Myslív;351;201;201;8;0;0;30;;2;15;28;1;1;;3;0;0;12;0;;0;9;66;;0;10;0;0;2;0;13;1;;
541745;Myslovice;100;75;75;2;1;0;5;;0;3;16;0;0;;0;2;0;14;0;;0;4;23;;0;0;0;0;0;0;5;0;;
556751;Nalžovské Hory;982;560;557;45;1;0;40;;0;59;55;2;4;;8;0;0;35;0;;0;24;189;;1;35;0;3;3;3;48;2;;
578223;Nehodiv;60;34;33;4;0;0;5;;0;1;1;0;1;;2;0;0;1;0;;0;3;8;;0;4;0;0;0;0;3;0;;
578533;Nezamyslice;196;129;129;9;0;0;12;;0;5;22;1;1;;0;0;0;9;0;;0;2;40;;0;7;0;0;1;1;19;0;;
556815;Nezdice na Šumavě;278;172;171;17;0;1;14;;1;9;23;1;1;;3;0;1;6;0;;1;4;67;;0;4;0;2;0;1;15;0;;
556831;Nýrsko;3 748;2 230;2 219;251;4;0;174;;4;200;216;21;31;;28;3;6;211;1;;2;55;666;;4;89;3;13;13;6;209;9;;
541915;Obytce;157;90;90;12;0;0;3;;0;3;10;0;0;;1;0;0;7;0;;1;2;25;;0;1;0;1;2;0;22;0;;
541958;Olšany;181;142;142;7;0;0;17;;0;18;9;5;3;;0;0;0;10;0;;0;7;41;;0;7;0;2;1;0;15;0;;
578061;Ostřetice;51;41;41;3;0;0;2;;0;5;1;1;0;;0;0;0;3;0;;0;4;19;;0;0;0;0;0;0;3;0;;
556912;Pačejov;644;388;386;24;0;1;33;;3;95;30;0;3;;2;0;1;29;0;;0;6;101;;1;15;0;3;0;0;38;1;;
556921;Petrovice u Sušice;513;347;345;55;1;0;22;;2;17;22;4;4;;5;0;0;31;0;;2;11;91;;0;29;0;0;0;1;47;1;;
556955;Plánice;1 351;828;818;65;2;0;84;;3;44;88;8;6;;14;0;0;74;2;;0;26;290;;5;25;0;4;3;3;72;0;;
551686;Podmokly;125;74;74;8;0;0;3;;0;5;9;0;4;;1;0;0;4;0;;0;2;26;;0;3;0;0;0;0;7;2;;
541788;Poleň;227;126;125;6;0;2;11;;0;3;29;1;0;;1;0;0;14;0;;0;3;36;;0;3;0;0;0;0;12;4;;
556084;Prášily;131;81;79;11;0;0;5;;0;6;3;2;0;;0;0;0;6;0;;0;13;21;;0;5;0;0;0;0;6;1;;
557005;Předslav;614;434;434;43;2;0;37;;4;25;36;4;8;;0;0;0;26;1;;0;11;169;;3;10;1;1;2;2;47;2;;
557013;Rabí;420;273;269;23;0;0;22;;0;12;28;2;7;;1;0;1;43;0;;0;3;83;;0;15;1;1;1;0;25;1;;
557021;Rejštejn;217;135;135;25;0;0;7;;1;7;11;3;0;;1;0;0;21;0;;0;7;29;;1;3;0;1;0;0;18;0;;
578436;Slatina;89;70;70;6;0;0;8;;0;5;6;1;0;;0;0;0;11;0;;0;2;26;;0;0;0;1;0;0;4;0;;
557099;Soběšice;353;181;181;18;0;0;12;;0;2;17;3;1;;0;0;0;17;0;;0;3;71;;1;19;0;0;0;0;17;0;;
557111;Srní;263;188;187;34;0;0;7;;0;13;15;1;0;;2;0;1;12;0;;0;9;57;;0;10;0;0;0;0;26;0;;
557129;Strašín;276;162;160;19;0;0;9;;0;8;19;1;0;;0;0;1;8;0;;3;7;57;;0;1;0;0;0;1;25;1;;
557137;Strážov;1 073;688;688;75;3;2;60;;0;32;53;1;3;;4;1;2;37;1;;1;20;252;;0;54;0;2;2;6;70;7;;
557153;Sušice;9 096;5 584;5 562;756;12;2;443;;9;179;425;62;61;;44;5;7;678;3;;6;215;1 712;;7;298;0;42;7;9;568;12;;
557161;Svéradice;271;188;187;8;0;0;15;;1;10;14;1;2;;17;0;0;19;0;;0;4;67;;0;11;1;0;1;0;16;0;;
557200;Švihov;1 351;887;880;82;2;1;78;;1;61;100;8;2;;9;0;4;66;4;;0;29;281;;1;49;1;4;1;5;89;2;;
553522;Tužice;69;55;55;1;0;0;7;;0;2;4;0;1;;0;0;0;3;0;;0;1;20;;0;5;0;0;0;1;10;0;;
541885;Týnec;268;155;155;8;1;0;26;;0;2;14;1;1;;0;2;1;12;0;;0;2;57;;0;3;0;0;1;0;23;1;;
578321;Újezd u Plánice;93;60;59;1;0;0;5;;0;1;8;2;1;;0;0;0;4;0;;0;2;22;;0;2;0;0;0;0;10;1;;
557366;Velhartice;712;461;459;32;1;1;27;;1;31;41;4;4;;1;0;0;37;0;;0;15;142;;0;79;0;3;1;3;35;1;;
557374;Velké Hydčice;207;123;123;4;1;0;13;;0;5;6;2;1;;1;1;0;14;0;;0;3;54;;0;12;0;2;0;0;4;0;;
557382;Velký Bor;446;285;285;17;0;0;52;;0;19;12;6;5;;3;0;0;24;0;;0;9;92;;0;15;0;3;0;1;26;1;;
557455;Vrhaveč;718;517;512;51;2;1;59;;3;31;29;6;4;;7;0;1;54;1;;0;35;170;;0;13;0;2;0;2;39;2;;
566055;Vřeskovice;247;138;138;21;0;0;18;;0;6;8;0;4;;5;0;0;13;0;;0;8;25;;1;8;0;1;1;0;19;0;;
557463;Zavlekov;365;225;222;16;3;0;13;;0;9;22;1;3;;2;0;0;9;0;;0;5;94;;0;13;0;0;0;0;31;1;;
578312;Zborovy;97;77;76;6;0;0;5;;1;6;4;0;3;;0;0;0;7;0;;0;5;24;;1;1;0;0;0;6;6;1;;
557528;Železná Ruda;1 382;893;878;230;1;0;49;;2;31;40;16;5;;10;0;3;102;0;;0;55;205;;0;20;0;4;11;1;90;3;;
557536;Žihobce;486;307;307;32;0;0;24;;2;25;25;2;3;;0;0;0;31;0;;0;6;106;;0;23;0;0;0;0;28;0;;
557544;Žichovice;552;337;337;17;2;0;36;;0;15;24;3;9;;3;0;0;29;0;;0;22;108;;2;15;0;0;0;1;51;0;;
558851;Dýšina;1 349;860;853;114;0;0;48;;0;52;41;10;5;;16;1;2;119;0;;3;45;269;;5;34;0;3;2;1;80;3;;
558966;Chrást;1 429;1 002;999;151;1;1;51;;1;31;63;8;4;;15;1;2;111;1;;1;45;354;;1;24;0;11;5;2;114;1;;
557846;Chválenice;561;369;369;50;3;0;21;;0;13;21;7;7;;7;1;1;52;0;;0;38;104;;0;8;0;3;2;0;29;2;;
559130;Kyšice;734;508;506;87;1;0;39;;0;23;32;5;3;;12;0;0;52;2;;0;22;153;;0;24;0;8;2;1;38;2;;
540561;Letkov;510;410;409;74;0;0;21;;0;16;19;6;2;;6;2;6;41;0;;0;34;126;;0;15;0;3;0;0;37;1;;
578606;Lhůta;144;114;114;16;0;0;9;;0;8;13;4;1;;2;0;2;6;0;;0;4;31;;0;1;0;3;0;0;13;1;;
558001;Losiná;1 051;665;659;115;0;0;32;;2;26;48;8;4;;15;1;1;70;0;;0;28;218;;2;15;0;8;1;0;63;2;;
540641;Mokrouše;191;139;138;19;1;0;14;;0;7;12;2;1;;1;0;0;15;0;;0;7;36;;0;5;0;2;2;1;13;0;;
553590;Nezbavětice;181;135;135;17;0;0;11;;0;2;13;0;1;;2;0;0;10;0;;0;1;48;;0;2;0;5;1;2;20;0;;
558141;Nezvěstice;1 156;770;767;72;0;0;85;;1;33;56;10;3;;7;2;4;77;0;;0;41;270;;3;28;0;5;1;0;68;1;;
554791;Plzeň;131 457;79 300;78 723;11 331;146;70;5 989;;88;3 076;5 050;1 209;445;;1 622;86;299;9 186;52;;63;5 685;22 347;;157;2 999;31;739;289;155;7 365;244;;
558371;Starý Plzenec;4 038;2 790;2 758;387;10;5;181;;5;163;160;38;19;;41;3;9;281;2;;4;195;798;;4;85;0;26;15;4;315;8;;
558427;Šťáhlavy;2 096;1 418;1 414;199;3;2;129;;3;103;78;26;13;;32;2;9;128;0;;1;88;430;;3;32;0;11;11;1;104;6;;
539741;Štěnovický Borek;436;313;313;58;2;1;27;;1;21;15;4;4;;7;2;0;24;2;;0;20;74;;1;8;0;0;4;3;34;1;;
558460;Tymákov;740;499;492;54;3;0;37;;0;31;28;4;1;;5;0;1;56;0;;0;26;172;;1;19;0;5;3;0;41;5;;
557587;Blovice;3 361;2 026;2 016;328;2;3;173;;2;93;170;33;12;;18;2;14;176;1;;0;85;582;;0;40;0;15;6;10;245;6;;
540463;Bolkov;47;33;33;2;0;0;3;;0;0;5;0;0;;1;0;0;0;0;;0;0;17;;0;0;0;0;0;0;5;0;;
566705;Borovno;77;56;56;8;0;0;5;;0;4;2;0;0;;1;0;0;1;0;;0;2;27;;0;0;0;0;0;0;4;2;;
542156;Borovy;178;111;111;20;0;0;3;;0;5;13;1;0;;3;1;0;7;0;;0;6;28;;0;3;0;1;1;0;19;0;;
546372;Buková;182;125;125;15;0;0;6;;0;5;12;0;1;;2;0;0;11;0;;0;9;42;;0;2;0;0;3;0;17;0;;
557641;Čižice;451;340;338;34;0;0;29;;0;25;17;3;3;;12;0;0;32;0;;0;24;108;;0;5;0;7;5;2;32;0;;
557650;Čížkov;525;335;334;34;1;0;31;;0;23;33;3;2;;4;0;0;22;4;;0;13;103;;0;10;0;2;6;2;40;1;;
578568;Čmelíny;109;61;61;3;0;0;8;;0;5;11;0;0;;1;0;0;2;0;;0;0;23;;0;0;0;0;0;0;8;0;;
557668;Dnešice;661;384;383;52;0;0;28;;1;37;63;1;1;;9;1;0;23;1;;0;16;97;;1;8;0;0;2;0;39;3;;
557676;Dobřany;5 063;2 870;2 847;321;9;2;230;;8;223;253;38;23;;53;4;7;268;1;;2;102;850;;9;82;4;17;10;9;316;6;;
539945;Dolce;241;158;157;20;0;0;15;;0;4;20;1;1;;5;0;0;6;0;;0;10;47;;1;5;0;0;0;1;21;0;;
557684;Dolní Lukavice;764;459;459;53;1;3;35;;0;25;45;6;5;;8;0;0;40;0;;0;26;122;;1;21;0;0;5;1;62;0;;
540251;Drahkov;106;73;73;6;0;0;4;;0;1;11;4;2;;0;0;0;6;0;;0;4;16;;0;0;0;1;0;1;16;1;;
540668;Honezovice;200;108;108;9;0;0;17;;0;2;6;2;0;;1;0;0;6;0;;0;8;41;;0;0;0;1;0;0;14;1;;
539821;Horní Lukavice;345;212;211;26;1;0;18;;0;13;24;1;1;;3;0;2;22;1;;0;10;65;;1;3;0;3;4;0;13;0;;
557722;Horšice;349;182;182;10;0;1;10;;0;6;10;2;2;;2;1;0;11;1;;0;8;58;;0;2;0;4;0;0;50;4;;
557731;Hradec;446;254;251;37;2;0;12;;0;14;16;2;0;;0;2;1;25;0;;0;11;87;;1;4;0;2;0;4;31;0;;
557749;Hradiště;182;118;117;9;0;0;6;;0;7;16;2;2;;2;0;0;6;0;;0;9;29;;2;8;0;2;0;0;17;0;;
557773;Chlum;190;116;116;16;2;0;13;;4;4;7;0;0;;3;0;0;5;1;;0;1;46;;0;2;0;0;1;2;8;1;;
557781;Chlumčany;1 924;1 026;1 020;122;4;0;89;;3;51;104;9;6;;14;2;3;94;5;;0;38;316;;4;16;1;5;4;1;125;4;;
540307;Chlumy;84;56;56;2;0;0;7;;0;5;5;1;1;;0;0;0;3;0;;0;2;24;;0;1;0;0;0;0;5;0;;
557803;Chocenice;444;279;276;9;0;0;30;;1;9;33;3;3;;4;0;3;39;0;;0;7;78;;0;5;0;4;1;2;43;2;;
557838;Chotěšov;2 178;1 167;1 155;113;3;1;98;;3;45;117;5;9;;15;1;2;92;0;;0;30;405;;2;25;0;13;4;2;167;3;;
578541;Jarov;203;146;146;8;0;0;18;;0;2;15;1;3;;1;0;0;10;0;;0;4;60;;0;3;0;0;2;1;18;0;;
557862;Kasejovice;1 011;629;626;64;2;0;39;;1;39;65;1;4;;2;0;2;52;0;;1;33;224;;0;15;0;1;1;4;75;1;;
557871;Kbel;242;163;163;15;0;0;10;;1;4;22;2;0;;0;2;1;10;0;;0;3;63;;1;1;0;1;1;0;26;0;;
557897;Klášter;162;98;98;14;0;2;5;;0;2;22;7;1;;1;0;1;8;0;;1;2;21;;0;2;0;0;1;0;8;0;;
540633;Kotovice;242;117;117;16;0;0;4;;0;4;8;6;1;;1;0;0;15;0;;0;4;35;;0;2;0;0;0;3;16;2;;
540200;Kozlovice;81;48;46;4;1;0;1;;0;2;5;1;2;;1;0;0;8;0;;0;1;10;;0;2;0;2;0;1;5;0;;
557943;Kramolín;100;72;71;7;0;0;5;;0;4;5;4;0;;1;0;1;10;0;;0;1;24;;0;1;0;2;0;2;3;1;;
557951;Letiny;584;357;356;29;0;0;31;;1;19;41;2;3;;8;0;0;31;0;;0;11;116;;1;16;0;2;2;3;38;2;;
540064;Lisov;98;64;64;6;1;0;16;;1;3;9;0;2;;0;0;0;4;0;;0;2;12;;0;3;0;0;0;0;5;0;;
540617;Líšina;136;75;74;3;0;0;3;;0;7;9;0;0;;2;0;0;5;1;;0;2;32;;0;0;0;0;3;0;6;1;;
558010;Louňová;79;56;56;3;0;0;4;;0;0;11;1;1;;0;0;0;4;1;;0;0;11;;0;5;0;0;0;0;15;0;;
558028;Lužany;533;340;339;36;0;0;50;;0;11;17;6;3;;12;1;0;35;0;;0;17;103;;1;5;0;1;7;1;32;1;;
539716;Měcholupy;181;107;107;9;0;0;12;;0;11;13;1;0;;0;0;0;13;0;;0;6;28;;0;2;0;0;0;2;10;0;;
558044;Merklín;909;524;521;60;2;1;43;;3;17;53;15;11;;6;1;2;38;0;;1;22;167;;2;6;0;4;4;2;60;1;;
558052;Mileč;299;195;193;10;2;0;14;;0;14;28;8;4;;3;0;1;15;0;;0;3;71;;0;1;0;1;2;0;16;0;;
530140;Milínov;154;111;110;4;0;1;9;;0;9;14;4;2;;0;0;0;11;1;;0;4;39;;1;0;0;0;0;0;11;0;;
546399;Míšov;102;80;80;12;0;0;4;;0;4;17;0;2;;3;0;0;6;1;;0;1;21;;0;0;0;0;0;1;8;0;;
558061;Mladý Smolivec;583;344;342;34;1;0;36;;0;20;47;1;3;;5;1;0;17;0;;1;16;124;;1;10;0;1;1;0;22;1;;
558079;Mohelnice;51;33;33;2;0;0;3;;0;2;6;0;0;;0;0;0;0;0;;0;1;11;;0;1;0;2;0;0;5;0;;
540340;Nebílovy;279;180;179;17;0;0;12;;0;1;28;0;0;;4;0;0;10;0;;0;14;50;;1;3;0;1;1;0;36;1;;
558095;Nekvasovy;156;99;97;5;0;0;7;;0;3;15;0;0;;5;1;1;12;1;;0;3;33;;0;2;0;0;0;0;8;1;;
558109;Nepomuk;2 849;1 657;1 644;173;4;0;148;;2;88;174;49;16;;21;1;2;127;0;;4;56;555;;2;51;0;8;8;2;146;7;;
558117;Netunice;152;97;97;11;0;0;11;;3;4;8;0;0;;4;0;1;7;0;;0;5;28;;0;0;0;0;0;0;15;0;;
558125;Neurazy;635;369;369;36;1;0;44;;0;20;48;6;2;;3;0;0;46;3;;0;10;117;;0;6;0;0;1;2;23;1;;
542296;Nezdice;178;121;121;6;0;0;15;;0;5;22;2;2;;1;0;0;5;1;;0;6;32;;0;8;0;1;0;0;14;1;;
540102;Nezdřev;89;47;46;7;0;0;6;;0;4;6;0;0;;0;0;0;3;0;;0;0;10;;0;7;0;0;0;1;2;0;;
540269;Nová Ves;220;157;156;9;1;0;8;;0;3;15;3;0;;5;0;1;32;0;;0;8;48;;2;3;0;2;0;0;16;0;;
558176;Nové Mitrovice;281;163;163;13;0;2;6;;0;6;18;1;1;;0;1;0;8;0;;0;12;58;;0;10;0;0;0;0;27;0;;
539783;Oplot;263;177;175;15;0;0;20;;0;8;32;0;2;;6;0;0;14;1;;0;5;51;;0;2;0;3;1;2;13;0;;
558184;Oselce;293;177;177;11;0;0;12;;0;8;18;0;4;;4;2;0;8;0;;0;6;74;;0;6;0;0;1;0;23;0;;
540293;Otěšice;135;87;85;7;1;0;8;;0;6;12;2;0;;0;0;0;2;0;;0;3;31;;0;2;0;0;0;0;11;0;;
553565;Polánka;37;27;27;1;0;0;4;;0;2;6;0;1;;0;0;0;2;0;;0;0;7;;0;2;0;1;0;0;1;0;;
558231;Prádlo;172;118;117;24;0;0;8;;0;6;13;3;0;;2;0;1;12;0;;1;9;24;;0;2;0;0;0;0;12;0;;
540412;Předenice;187;128;128;23;1;0;8;;0;5;11;2;1;;3;0;1;14;0;;1;4;37;;0;1;1;2;3;0;10;0;;
530131;Přestavlky;192;114;114;13;0;0;11;;0;3;14;2;0;;3;0;0;4;0;;0;5;37;;0;1;0;0;0;1;18;2;;
558249;Přeštice;5 387;3 171;3 141;391;8;2;278;;3;101;297;40;22;;62;6;7;264;2;;2;192;941;;4;89;4;21;14;9;366;16;;
558257;Příchovice;858;582;581;74;0;4;54;;0;21;37;8;7;;1;0;0;60;2;;0;45;188;;1;18;0;6;3;1;51;0;;
558265;Ptenín;161;102;101;14;0;0;9;;0;4;16;0;1;;0;0;0;6;1;;0;6;31;;1;2;0;0;0;0;9;1;;
540421;Radkovice;83;51;50;7;0;0;4;;0;1;8;0;0;;0;0;0;7;0;;0;1;12;;0;3;0;4;0;0;3;0;;
558290;Roupov;215;148;148;23;0;0;10;;1;2;26;1;1;;2;0;0;10;1;;0;5;50;;1;2;0;3;0;0;9;1;;
558303;Řenče;739;467;466;44;0;0;39;;1;17;42;4;8;;2;2;0;52;1;;0;21;136;;2;18;1;2;1;3;66;4;;
558311;Seč;235;156;156;20;2;0;10;;1;7;13;1;0;;1;1;1;18;0;;0;1;58;;0;1;0;0;1;0;20;0;;
540692;Sedliště;95;68;68;6;0;0;5;;0;3;9;0;0;;1;1;0;7;1;;0;0;24;;0;0;0;1;1;0;9;0;;
539937;Skašov;188;105;102;10;0;0;4;;0;2;8;3;0;;2;0;0;4;0;;0;4;53;;2;0;0;0;0;0;10;0;;
558346;Soběkury;493;289;288;27;0;0;10;;0;13;52;0;2;;1;1;0;18;0;;0;4;112;;0;8;0;3;3;1;32;1;;
558362;Spálené Poříčí;2 189;1 272;1 267;85;8;0;102;;2;202;120;5;11;;13;1;2;84;0;;1;59;376;;1;33;1;6;1;1;152;1;;
540676;Srby;146;97;96;5;0;0;5;;0;7;17;1;0;;1;0;0;4;0;;0;3;31;;0;6;0;0;0;0;15;1;;
558389;Stod;2 893;1 533;1 519;153;6;0;133;;5;58;132;9;14;;21;4;6;175;2;;4;48;549;;3;20;0;8;6;4;150;9;;
540056;Střelice;119;66;65;10;0;0;7;;0;5;7;1;1;;3;0;0;6;0;;0;1;11;;0;2;0;0;0;1;10;0;;
558401;Střížovice;331;224;220;24;0;0;22;;1;12;16;2;2;;2;0;1;17;0;;0;5;84;;0;0;0;1;1;0;30;0;;
558435;Štěnovice;1 547;1 051;1 036;157;1;2;73;;2;58;58;14;16;;17;2;5;115;1;;1;72;278;;4;33;0;16;3;2;102;4;;
578614;Tojice;83;58;58;2;0;0;8;;0;3;2;1;0;;1;0;0;3;0;;0;0;23;;0;0;0;2;0;0;13;0;;
578592;Třebčice;63;44;44;3;0;0;1;;3;2;6;2;0;;2;0;0;2;0;;0;1;13;;0;0;1;0;0;0;8;0;;
539929;Týniště;37;29;29;5;0;0;4;;0;2;5;0;1;;0;0;0;4;0;;0;0;2;;0;1;0;0;0;0;5;0;;
540528;Únětice;121;69;69;13;0;0;1;;0;3;2;3;0;;1;0;0;6;0;;0;1;26;;0;3;0;0;0;0;10;0;;
558486;Útušice;547;367;365;54;0;0;14;;0;20;10;3;0;;3;2;3;45;0;;0;38;127;;2;7;0;8;0;0;27;2;;
558494;Ves Touškov;276;124;124;4;2;0;24;;0;1;15;5;0;;4;0;0;3;0;;0;5;45;;0;1;0;0;0;0;15;0;;
566691;Vlčí;49;37;37;2;0;0;8;;0;0;8;0;1;;0;0;0;2;0;;0;1;11;;0;0;0;2;0;1;1;0;;
540706;Vlčtejn;72;51;51;13;0;0;6;;0;2;1;0;0;;0;0;0;3;0;;0;0;19;;0;1;0;0;0;0;6;0;;
558559;Vrčeň;261;157;156;15;0;1;6;;0;11;23;1;1;;1;0;0;21;1;;0;4;39;;1;8;0;0;0;0;21;2;;
558567;Vstiš;426;254;253;9;2;0;12;;1;21;21;2;1;;3;0;0;35;0;;0;9;98;;1;6;0;0;3;0;27;2;;
558583;Zdemyslice;477;287;285;26;1;0;24;;0;27;17;5;5;;4;0;1;20;0;;0;10;93;;0;5;1;1;6;1;37;1;;
558591;Zemětice;237;154;154;18;0;0;20;;0;3;14;0;0;;1;0;0;6;0;;0;2;54;;1;11;0;1;1;0;21;1;;
530182;Žákava;358;206;205;13;0;0;27;;0;12;23;5;5;;0;3;2;19;0;;1;9;63;;0;6;0;0;0;0;16;1;;
558605;Ždírec;383;258;258;19;0;0;22;;0;7;31;2;0;;8;0;1;23;1;;0;9;102;;1;3;0;0;0;0;29;0;;
558630;Žinkovy;735;434;430;39;0;1;57;;2;21;60;7;9;;5;0;1;41;0;;0;12;117;;1;15;0;1;1;1;37;2;;
540137;Životice;42;32;32;8;0;0;2;;0;1;4;1;0;;0;0;1;0;0;;0;0;14;;0;0;0;0;0;0;1;0;;
566756;Bdeněves;510;367;365;42;1;2;17;;0;50;21;3;4;;1;0;2;44;0;;0;8;114;;0;17;1;0;2;0;35;1;;
558656;Bezvěrov;551;259;254;17;0;0;18;;1;9;28;3;2;;5;0;1;9;0;;0;8;107;;1;9;0;2;0;0;33;1;;
530239;Bílov;58;33;32;10;0;0;2;;0;1;3;2;0;;0;0;0;1;0;;0;2;9;;0;0;0;0;1;0;1;0;;
558672;Blatnice;677;399;395;46;2;0;36;;1;32;31;1;3;;7;0;0;32;0;;0;4;130;;0;1;0;3;3;2;59;2;;
566764;Blažim;52;27;27;1;0;0;1;;0;0;6;0;1;;0;0;0;2;0;;0;0;12;;0;0;0;0;0;0;4;0;;
566471;Bohy;107;62;62;7;0;0;9;;0;1;2;0;0;;0;0;0;3;0;;0;4;28;;0;1;0;0;0;1;6;0;;
566489;Brodeslavy;61;45;45;5;0;0;5;;0;0;2;1;2;;0;0;0;2;0;;0;1;20;;0;0;0;1;0;0;6;0;;
558699;Bučí;131;87;85;12;0;0;13;;0;4;7;1;0;;3;0;1;9;0;;0;11;13;;0;3;0;0;0;0;8;0;;
558711;Čeminy;222;140;139;13;1;0;6;;0;7;15;0;0;;2;0;0;1;0;;2;11;53;;0;5;0;1;1;2;18;1;;
566632;Černíkovice;65;49;49;9;0;0;3;;2;1;5;1;0;;1;0;0;5;0;;0;3;12;;0;0;0;0;0;0;7;0;;
530328;Čerňovice;166;93;92;9;0;0;15;;0;4;14;0;0;;2;0;0;3;0;;0;5;27;;0;0;0;1;1;0;10;1;;
558745;Česká Bříza;454;302;301;42;0;0;18;;0;17;15;14;2;;3;0;2;38;0;;0;13;101;;0;5;0;5;0;0;23;3;;
558770;Dobříč;345;225;224;19;0;0;22;;0;8;28;1;3;;5;0;1;19;0;;0;8;67;;0;8;0;0;3;1;30;1;;
558788;Dolany;218;131;130;17;0;0;7;;0;6;4;1;0;;7;0;1;18;2;;0;7;40;;0;9;0;1;0;0;6;4;;
558796;Dolní Bělá;369;246;246;37;1;0;17;;0;15;29;3;1;;2;0;1;24;0;;0;11;66;;1;4;0;1;3;0;30;0;;
558800;Dolní Hradiště;50;32;32;2;3;0;3;;0;0;3;0;0;;1;0;0;4;0;;0;0;11;;0;1;0;2;0;0;2;0;;
578665;Dražeň;114;80;80;9;0;0;5;;0;1;9;1;2;;0;0;0;4;0;;0;4;18;;0;23;0;1;0;0;3;0;;
558834;Druztová;597;396;391;58;0;0;18;;1;45;24;5;2;;2;1;0;38;0;;1;16;112;;1;7;7;1;13;1;38;0;;
558869;Heřmanova Huť;1 430;681;678;48;0;0;40;;2;82;69;6;14;;3;2;0;46;0;;0;18;263;;1;8;0;5;6;4;56;5;;
566390;Hlince;65;40;39;4;0;0;4;;0;1;8;0;0;;0;0;0;1;0;;0;5;8;;0;0;0;1;0;0;7;0;;
530221;Hněvnice;87;53;53;1;0;0;6;;0;0;8;1;1;;1;0;0;10;0;;0;0;19;;0;1;0;0;0;0;4;1;;
566730;Holovousy;53;39;38;6;0;0;5;;0;6;2;0;0;;0;0;0;4;0;;0;0;10;;0;1;0;0;1;1;2;0;;
558877;Horní Bělá;466;336;334;26;0;0;30;;0;13;38;3;1;;5;2;0;31;0;;2;14;92;;0;21;0;2;4;0;47;3;;
558885;Horní Bříza;3 504;2 031;2 008;178;2;0;163;;3;94;235;15;28;;40;7;9;199;2;;0;97;593;;6;44;2;25;12;5;241;8;;
558915;Hromnice;1 019;634;632;82;0;2;47;;6;39;60;6;8;;12;0;0;62;2;;1;45;174;;5;13;0;1;4;3;58;2;;
558931;Hvozd;205;167;164;9;0;1;10;;0;5;18;0;2;;7;1;0;9;0;;0;9;62;;0;15;1;1;1;0;12;1;;
558940;Chotíkov;912;636;635;102;0;0;32;;1;28;25;5;7;;2;2;3;85;0;;1;51;190;;1;21;0;9;1;0;69;0;;
558974;Chříč;190;102;101;4;0;0;2;;1;5;11;2;3;;1;0;0;9;0;;0;11;37;;0;2;1;0;0;0;12;0;;
558982;Jarov;114;87;86;7;0;0;3;;0;6;3;3;0;;1;0;0;7;0;;0;7;33;;0;2;0;0;0;0;14;0;;
558991;Kaceřov;107;79;76;9;0;0;4;;0;4;3;0;1;;0;0;1;9;0;;0;5;24;;0;2;0;0;0;0;14;0;;
559008;Kaznějov;2 437;1 490;1 476;124;5;0;168;;0;48;138;16;18;;21;5;1;135;0;;0;46;514;;1;24;1;8;11;2;182;8;;
538183;Kbelany;82;53;52;1;0;0;6;;1;2;2;1;0;;0;0;0;5;0;;0;0;28;;0;0;0;0;0;0;6;0;;
578771;Kočín;103;46;45;5;0;0;6;;0;2;9;0;0;;3;0;0;1;0;;0;0;16;;0;0;0;0;0;0;3;0;;
559024;Kopidlo;117;83;82;8;0;0;10;;0;3;9;1;0;;0;0;0;8;0;;0;0;29;;1;1;0;0;1;0;11;0;;
559032;Koryta;110;75;73;8;0;0;6;;0;4;3;1;0;;1;0;0;1;0;;0;4;33;;0;5;0;1;0;0;5;1;;
559041;Kozojedy;506;307;305;34;0;0;13;;1;17;30;5;0;;6;0;1;32;0;;1;11;110;;1;9;0;7;3;0;23;1;;
559059;Kozolupy;840;535;528;45;0;2;26;;1;126;44;6;5;;6;1;1;41;0;;0;12;133;;1;13;0;1;2;2;59;1;;
559067;Kožlany;1 159;662;662;90;2;1;63;;4;23;79;8;9;;6;0;3;58;0;;0;22;201;;7;15;0;4;2;0;61;4;;
559075;Kralovice;2 885;1 777;1 768;196;3;0;162;;2;84;168;14;20;;39;3;12;184;1;;3;49;562;;6;58;4;3;8;6;173;8;;
559083;Krašovice;314;192;190;31;0;1;14;;0;7;29;2;1;;0;0;2;16;0;;0;9;56;;2;2;0;0;0;0;18;0;;
559091;Krsy;213;105;103;6;0;0;0;;1;13;15;0;1;;3;0;0;6;0;;0;2;32;;1;1;0;0;0;0;19;3;;
559105;Křelovice;198;99;99;14;0;0;4;;0;2;19;2;0;;0;0;0;4;0;;0;4;32;;0;0;0;3;0;1;14;0;;
559121;Kunějovice;135;61;60;4;1;0;8;;0;1;8;0;0;;5;1;0;3;1;;0;1;14;;0;0;0;0;3;1;9;0;;
559148;Ledce;665;428;422;64;1;0;26;;1;13;51;2;2;;9;2;3;36;0;;1;28;124;;2;17;0;1;2;0;36;1;;
559164;Líně;2 046;1 264;1 253;158;2;0;117;;1;46;111;11;15;;19;0;2;103;1;;0;49;417;;2;27;3;15;7;1;142;4;;
559172;Líšťany;589;266;266;42;0;0;16;;1;15;25;4;2;;1;2;0;15;0;;0;15;80;;0;6;0;2;3;1;36;0;;
566420;Líté;180;113;113;10;0;0;7;;0;14;19;2;3;;3;0;0;5;0;;0;4;30;;0;4;0;1;0;0;11;0;;
566462;Lochousice;99;52;51;1;1;0;1;;0;3;4;1;1;;0;0;0;2;0;;0;1;19;;0;0;0;1;2;2;10;2;;
566446;Loza;208;140;138;10;0;0;14;;1;5;13;2;0;;2;0;0;14;0;;0;3;47;;0;4;0;0;1;0;21;1;;
559202;Manětín;937;577;576;73;2;0;55;;1;28;61;7;7;;19;1;0;43;0;;1;11;174;;2;38;0;4;0;2;45;2;;
559211;Město Touškov;1 664;982;972;100;2;1;53;;4;111;70;10;7;;16;0;5;83;0;;0;45;291;;4;39;0;10;3;1;115;2;;
559237;Mladotice;443;286;285;16;0;0;34;;2;10;20;2;4;;5;0;0;22;0;;0;2;125;;3;10;0;4;1;1;24;0;;
559245;Mrtník;267;200;197;28;0;0;17;;1;8;14;1;1;;3;1;0;20;0;;0;3;75;;1;5;0;0;0;0;19;0;;
566543;Myslinka;166;99;99;10;1;0;8;;0;18;4;1;0;;2;0;0;7;0;;3;2;19;;1;1;0;1;1;0;18;2;;
559253;Nadryby;100;75;75;12;0;0;0;;0;6;0;1;1;;4;0;0;8;0;;0;10;24;;0;3;0;0;0;0;6;0;;
559261;Nečtiny;540;330;328;15;0;0;32;;1;25;38;7;3;;6;0;0;26;1;;2;11;111;;0;11;1;5;0;1;32;0;;
559270;Nekmíř;398;257;254;33;0;2;22;;0;6;23;2;7;;7;0;0;30;0;;0;6;78;;1;5;0;1;0;0;30;1;;
559288;Nevřeň;232;153;150;18;0;0;13;;0;10;11;0;4;;5;0;0;21;0;;0;6;43;;0;0;0;1;0;1;17;0;;
559300;Nýřany;5 477;2 898;2 875;315;4;1;247;;3;151;236;38;35;;34;5;8;300;4;;0;75;963;;10;40;5;11;15;16;348;11;;
559318;Obora;430;314;310;32;0;1;26;;0;28;28;5;0;;6;2;1;24;0;;0;14;98;;1;10;0;2;3;0;29;0;;
559326;Ostrov u Bezdružic;170;79;79;3;0;0;9;;0;0;10;2;1;;0;0;0;3;0;;0;2;25;;0;0;0;0;0;1;23;0;;
566781;Pastuchovice;61;39;38;4;0;0;4;;0;1;8;1;0;;1;0;0;4;0;;0;0;12;;0;0;0;0;0;0;3;0;;
559334;Pernarec;619;309;308;18;1;0;10;;0;17;35;1;4;;4;2;1;24;0;;2;9;110;;2;8;0;5;1;1;52;1;;
530336;Pláně;223;142;142;7;1;0;8;;1;6;18;0;0;;11;0;0;8;0;;0;2;40;;0;17;1;3;0;0;19;0;;
559351;Plasy;2 197;1 389;1 383;135;0;1;126;;1;53;137;15;14;;17;3;1;147;0;;2;65;477;;13;44;6;12;5;2;106;1;;
559369;Plešnice;219;122;118;16;0;0;14;;0;9;2;3;4;;1;1;1;11;0;;2;7;32;;0;2;0;2;1;0;10;0;;
559377;Pňovany;362;230;230;18;0;0;25;;0;13;34;0;4;;5;0;0;21;0;;0;3;75;;0;4;0;3;2;1;19;3;;
530247;Potvorov;114;81;80;15;0;0;4;;0;3;7;2;0;;0;2;0;9;0;;0;1;32;;0;3;0;0;0;0;1;1;;
559393;Přehýšov;448;248;245;29;0;0;8;;0;6;30;3;4;;1;0;1;12;0;;0;2;96;;1;0;0;3;2;0;46;1;;
567086;Příšov;257;171;169;24;0;0;17;;0;4;13;4;2;;2;0;0;12;1;;4;9;46;;1;0;0;3;0;0;27;0;;
559423;Rochlov;232;142;140;8;0;0;5;;0;4;19;2;0;;2;0;0;24;0;;0;6;51;;0;5;0;0;1;0;12;1;;
559431;Rybnice;427;271;265;34;1;0;14;;0;7;34;2;0;;5;0;1;25;0;;0;13;81;;2;4;0;5;0;0;35;2;;
530271;Sedlec;69;23;23;4;0;0;2;;0;0;2;0;0;;0;0;0;1;0;;0;1;9;;0;1;0;0;1;0;2;0;;
566748;Slatina;56;41;41;6;0;0;5;;0;1;7;0;0;;1;0;0;5;0;;0;0;13;;0;0;0;1;0;0;2;0;;
553603;Studená;35;28;28;0;0;0;6;;0;1;0;0;0;;0;0;0;6;0;;0;2;9;;0;1;0;0;1;0;2;0;;
578797;Štichovice;95;77;75;4;0;0;10;;0;6;8;0;0;;4;1;0;4;0;;0;4;8;;0;25;0;0;0;0;1;0;;
578983;Tatiná;199;122;122;16;0;0;11;;0;6;15;2;0;;2;0;1;13;0;;0;4;42;;0;2;0;0;0;0;6;2;;
559482;Tis u Blatna;92;54;53;2;0;0;4;;0;4;13;1;0;;0;0;0;5;0;;1;1;17;;0;0;0;0;0;0;5;0;;
559491;Tlučná;2 507;1 483;1 479;164;4;1;168;;0;73;98;13;7;;29;2;6;189;0;;2;93;403;;2;40;0;10;6;8;157;4;;
559504;Trnová;757;470;467;50;0;0;39;;0;20;45;2;7;;6;0;0;35;1;;0;23;172;;0;4;0;8;4;0;51;0;;
559521;Třemošná;4 006;2 544;2 535;400;8;0;194;;3;160;185;21;24;;35;2;8;255;0;;0;133;741;;7;39;3;26;13;4;268;6;;
546411;Úherce;278;184;182;22;0;0;3;;1;8;24;1;1;;2;0;3;27;0;;1;7;49;;5;4;0;0;2;0;21;1;;
566594;Újezd nade Mží;83;64;64;3;0;0;2;;1;6;13;0;1;;2;0;0;5;0;;0;2;13;;0;0;0;3;0;2;11;0;;
559555;Úlice;377;229;228;15;0;0;10;;0;27;27;1;0;;4;1;0;21;0;;1;12;66;;0;6;0;2;2;0;33;0;;
559563;Úněšov;471;254;250;18;0;0;25;;0;14;41;0;2;;4;2;0;11;0;;1;5;93;;0;4;0;2;3;0;25;0;;
559571;Úterý;396;206;203;14;0;0;22;;1;13;28;4;0;;1;1;0;16;2;;0;9;57;;1;2;0;3;1;0;27;1;;
559580;Vejprnice;3 059;2 059;2 050;498;2;3;134;;1;86;135;25;14;;29;4;5;223;0;;0;122;478;;0;56;0;24;6;4;197;4;;
578924;Velečín;56;40;40;1;0;0;2;;0;2;5;2;0;;2;0;0;1;0;;0;2;17;;1;0;0;0;0;0;5;0;;
559601;Vochov;692;476;473;50;2;0;34;;0;40;29;8;5;;23;2;0;57;0;;0;13;129;;0;10;0;4;2;1;62;2;;
566497;Všehrdy;44;24;24;4;0;0;2;;0;6;2;0;0;;0;0;0;0;0;;0;0;8;;0;1;0;0;0;0;1;0;;
559628;Všeruby;1 096;629;624;65;0;0;34;;0;32;65;7;9;;8;1;3;58;2;;0;25;193;;1;9;0;3;2;5;100;2;;
566969;Výrov;372;227;227;26;0;0;32;;0;7;20;0;2;;4;1;0;18;0;;0;6;72;;2;8;0;0;2;0;22;5;;
530280;Vysoká Libyně;195;117;117;10;1;0;16;;0;8;14;0;1;;0;0;0;6;0;;0;4;37;;2;1;0;0;1;0;16;0;;
578827;Zahrádka;127;72;72;8;0;0;7;;1;2;15;0;0;;0;0;1;5;0;;0;5;13;;3;0;0;2;0;0;10;0;;
559661;Zbůch;1 723;928;919;110;5;0;64;;1;35;90;14;4;;18;0;1;68;0;;4;21;311;;0;17;0;3;6;6;135;6;;
559679;Zruč-Senec;2 595;1 800;1 789;308;2;2;85;;2;94;109;31;9;;27;1;6;172;1;;0;135;558;;5;51;5;23;10;0;147;6;;
559695;Žihle;1 076;623;618;37;1;1;55;;1;31;63;6;11;;9;0;1;52;1;;0;24;216;;3;19;0;1;2;3;79;2;;
559709;Žilov;351;221;220;31;0;0;21;;1;13;21;2;3;;5;0;0;39;0;;0;10;51;;0;9;0;1;0;0;13;0;;
541095;Bezděkov;103;73;73;3;0;0;8;;0;3;8;0;0;;1;0;0;4;0;;1;1;34;;0;1;0;1;0;0;8;0;;
559725;Břasy;1 817;1 106;1 103;123;3;1;76;;0;42;116;11;8;;16;0;4;106;2;;1;43;384;;3;23;0;13;6;4;113;5;;
559733;Březina;281;185;184;25;0;0;7;;0;12;9;1;0;;1;0;0;7;0;;0;8;91;;0;3;0;3;1;0;16;0;;
559741;Bujesily;55;39;38;5;0;0;5;;0;3;1;0;0;;2;0;0;4;0;;0;2;13;;0;1;0;0;0;0;2;0;;
559750;Bušovice;488;357;355;36;4;0;21;;1;19;35;5;4;;4;1;4;38;0;;3;20;112;;1;5;0;6;0;0;34;2;;
559768;Cekov;113;75;75;24;0;0;3;;0;3;11;0;0;;1;0;0;8;0;;0;1;16;;0;1;0;0;0;0;7;0;;
540927;Čilá;17;17;17;7;0;0;0;;0;0;0;1;0;;0;0;0;5;0;;0;0;4;;0;0;0;0;0;0;0;0;;
559776;Dobřív;986;615;613;48;1;0;37;;0;33;68;11;4;;12;0;0;61;0;;0;24;215;;4;13;0;4;3;0;73;2;;
530379;Drahoňův Újezd;112;85;85;9;0;0;6;;0;0;15;0;1;;13;2;0;7;0;;0;4;22;;0;2;0;0;0;0;4;0;;
559792;Ejpovice;519;351;349;51;0;0;25;;1;16;26;4;2;;6;1;0;38;0;;0;26;73;;0;16;0;10;4;0;48;2;;
559806;Hlohovice;279;189;189;15;0;0;19;;1;3;17;5;0;;2;0;0;15;0;;0;5;76;;1;2;0;0;0;1;27;0;;
559814;Holoubkov;1 172;720;715;75;2;0;71;;0;22;89;7;9;;13;1;1;56;1;;0;23;213;;4;18;1;5;5;1;97;1;;
559822;Hrádek;2 256;1 205;1 197;119;3;0;91;;3;34;174;16;13;;13;2;2;93;3;;2;37;373;;3;24;0;13;9;4;151;15;;
541001;Hradiště;24;21;21;6;0;0;4;;0;1;0;0;1;;0;0;0;2;0;;0;1;3;;0;0;0;0;0;1;2;0;;
559849;Hůrky;202;144;144;8;0;0;10;;0;2;24;4;2;;0;0;1;11;0;;0;3;55;;1;8;0;3;0;1;9;2;;
559857;Cheznovice;583;333;330;27;2;0;23;;0;10;50;3;4;;0;1;1;31;0;;0;4;130;;2;9;0;0;0;0;33;0;;
540803;Chlum;35;27;27;6;0;0;1;;0;3;6;0;0;;0;0;0;3;0;;0;0;4;;0;2;0;0;0;0;2;0;;
541141;Chomle;53;35;35;1;0;0;1;;0;0;5;0;0;;0;0;0;4;0;;0;1;15;;0;0;0;0;0;0;7;1;;
579017;Kakejcov;80;60;60;6;0;0;7;;0;6;12;1;1;;2;0;0;2;0;;0;1;13;;0;1;0;0;0;0;8;0;;
566811;Kamenec;52;28;27;3;0;0;2;;0;2;4;0;0;;0;0;0;1;0;;0;1;11;;0;0;0;1;0;0;2;0;;
541150;Kamenný Újezd;645;413;413;55;0;0;25;;0;23;26;4;3;;8;1;1;45;0;;0;19;146;;1;14;0;1;1;1;37;2;;
559903;Kařez;511;287;286;38;0;0;20;;0;15;35;4;1;;8;0;0;28;0;;0;12;85;;2;3;0;3;0;1;29;2;;
530361;Kařízek;42;40;38;3;0;0;6;;0;3;0;0;1;;1;1;0;5;0;;0;2;14;;0;0;0;0;0;0;2;0;;
559911;Klabava;376;268;267;22;0;0;15;;1;12;10;4;2;;0;1;0;20;0;;1;17;132;;0;6;0;0;0;2;21;1;;
559920;Kladruby;149;85;85;3;0;0;8;;0;5;13;0;1;;0;0;0;6;0;;0;2;37;;0;4;0;0;0;0;6;0;;
579033;Kornatice;149;93;91;19;0;0;4;;0;6;5;0;0;;2;0;1;6;0;;0;12;24;;0;2;0;2;0;0;8;0;;
567001;Lhota pod Radčem;249;164;164;23;0;0;11;;0;7;18;4;2;;1;0;0;11;0;;0;6;54;;0;6;0;0;1;0;20;0;;
559946;Lhotka u Radnic;49;37;37;0;0;0;2;;0;0;3;0;1;;0;0;0;1;0;;0;0;19;;0;1;0;1;0;0;8;1;;
559954;Liblín;198;114;109;3;0;0;14;;0;4;21;3;3;;0;0;0;7;0;;0;0;39;;2;2;0;0;0;0;7;4;;
559962;Líšná;145;97;97;10;0;0;7;;0;3;5;4;0;;5;0;0;10;0;;0;8;27;;0;5;0;0;0;2;11;0;;
553611;Litohlavy;426;276;274;32;0;0;22;;1;8;21;3;2;;3;2;0;36;0;;0;14;83;;0;13;0;1;0;0;30;3;;
579009;Medový Újezd;196;138;138;11;0;0;9;;1;6;14;1;0;;2;1;0;12;0;;0;9;59;;1;2;0;0;0;0;10;0;;
579084;Mešno;75;55;55;5;0;0;0;;0;2;4;0;1;;1;0;0;10;0;;0;3;20;;2;0;0;0;0;0;7;0;;
559997;Mirošov;1 865;1 061;1 046;109;8;0;80;;2;39;101;10;8;;13;1;2;93;1;;0;31;358;;3;31;1;8;8;0;135;4;;
560006;Mlečice;250;164;164;16;0;0;19;;0;7;24;3;1;;3;0;0;11;0;;0;7;48;;0;4;0;0;0;0;18;3;;
560014;Mýto;1 208;733;732;104;1;1;56;;0;57;73;10;9;;11;0;2;62;0;;0;20;211;;1;17;0;7;3;0;87;0;;
566837;Němčovice;129;92;92;9;0;0;2;;0;0;3;2;0;;0;0;0;8;0;;0;11;40;;0;1;0;2;0;0;14;0;;
541192;Nevid;141;82;81;8;0;0;10;;0;3;6;1;2;;0;0;0;6;0;;0;0;34;;0;1;0;0;0;1;9;0;;
560057;Osek;999;678;676;72;3;0;48;;1;35;65;13;9;;4;1;2;61;0;;1;26;214;;1;19;0;4;4;2;79;12;;
566993;Ostrovec-Lhotka;95;80;80;22;0;0;2;;0;7;3;1;0;;0;0;0;5;0;;0;3;22;;0;0;0;2;1;0;12;0;;
566861;Plískov;102;81;80;21;0;0;4;;0;6;8;3;0;;0;0;1;6;0;;0;4;24;;0;0;0;0;0;0;3;0;;
560081;Podmokly;214;135;135;7;1;0;9;;0;11;16;1;3;;4;0;0;14;0;;0;1;51;;0;0;0;0;0;1;14;2;;
579131;Příkosice;332;212;212;19;0;0;18;;1;14;20;1;3;;3;0;0;27;0;;0;7;61;;0;8;0;1;2;2;25;0;;
560111;Přívětice;177;130;130;13;0;0;3;;0;7;22;0;1;;2;0;0;17;0;;0;6;46;;0;2;0;0;3;0;8;0;;
560120;Radnice;1 459;842;835;85;3;1;88;;0;26;59;10;10;;12;1;2;101;0;;1;32;286;;1;14;1;3;1;5;93;0;;
566942;Raková;193;129;129;11;0;0;19;;1;5;11;1;2;;6;0;0;9;0;;0;3;45;;0;3;0;1;0;0;11;1;;
559717;Rokycany;10 876;6 227;6 174;865;9;2;434;;7;205;544;72;52;;93;5;16;655;4;;9;254;1 990;;13;158;1;54;7;7;687;31;;
560146;Sebečice;74;54;54;6;0;0;3;;0;3;9;3;0;;0;0;0;1;0;;0;3;19;;2;3;0;0;0;0;2;0;;
546488;Sirá;108;76;76;18;0;0;3;;0;6;16;2;1;;0;0;0;5;0;;0;2;9;;0;2;0;1;0;0;11;0;;
566845;Skomelno;172;127;127;10;0;1;12;;0;9;18;2;1;;0;0;1;9;0;;0;1;42;;0;2;0;4;0;0;15;0;;
506664;Skořice;227;142;141;6;0;0;3;;0;3;25;2;3;;3;0;0;5;0;;0;2;72;;0;0;0;0;0;0;16;1;;
540722;Smědčice;209;159;159;30;0;0;11;;0;12;2;3;1;;6;1;0;22;0;;0;7;40;;0;8;0;1;0;0;15;0;;
560162;Strašice;1 921;1 069;1 058;125;5;0;100;;0;32;129;8;10;;15;1;1;137;2;;1;35;302;;1;16;0;6;4;7;117;4;;
541176;Svojkovice;342;227;227;45;0;0;18;;0;10;14;4;1;;7;0;0;22;0;;0;11;65;;2;0;0;2;2;2;21;1;;
579343;Štítov;50;40;40;3;1;0;2;;0;0;6;0;0;;0;0;0;4;0;;0;0;8;;0;0;0;0;1;1;13;1;;
560189;Těně;238;162;159;8;0;0;10;;0;5;13;0;3;;1;0;0;18;0;;0;8;51;;0;13;0;3;0;0;26;0;;
566802;Terešov;137;79;79;8;0;0;4;;1;6;3;0;1;;2;0;0;10;0;;0;6;27;;1;2;0;2;0;0;6;0;;
546526;Těškov;255;164;161;22;0;0;13;;0;7;27;4;1;;2;0;0;10;0;;0;4;44;;0;4;1;1;1;0;16;4;;
579246;Trokavec;95;64;63;10;1;0;3;;0;1;6;1;0;;1;0;0;10;0;;0;0;25;;0;0;0;1;0;0;3;1;;
546534;Týček;167;129;129;4;0;0;12;;0;16;17;1;1;;0;0;0;3;0;;0;3;54;;0;0;0;1;1;0;16;0;;
546551;Újezd u Svatého Kříže;206;120;120;11;0;0;4;;0;4;14;4;3;;1;1;1;8;0;;0;9;42;;0;2;0;0;1;0;15;0;;
560227;Vejvanov;194;112;112;13;0;0;12;;0;8;14;1;2;;4;0;0;15;0;;0;4;26;;0;1;0;0;0;0;12;0;;
560235;Veselá;211;130;129;25;1;0;5;;0;2;15;0;3;;1;0;1;12;0;;1;2;39;;0;1;0;0;3;0;17;1;;
579289;Vísky;38;21;21;1;0;0;4;;0;0;1;0;0;;0;0;0;1;0;;0;0;6;;0;1;0;0;0;0;7;0;;
560251;Volduchy;915;666;648;94;4;0;80;;3;16;62;7;7;;12;2;1;84;0;;0;17;178;;2;10;0;7;0;0;60;2;;
566799;Všenice;219;179;179;13;0;0;16;;2;11;22;2;3;;5;0;0;18;1;;0;6;54;;0;5;0;4;1;0;16;0;;
560260;Zbiroh;2 040;1 190;1 174;123;10;0;105;;2;78;128;14;12;;11;1;10;103;0;;1;52;360;;7;26;0;3;2;7;117;2;;
541061;Zvíkovec;174;78;76;5;0;0;0;;0;8;9;3;3;;1;0;1;6;0;;0;5;21;;0;2;0;1;1;0;9;1;;
560723;Benešovice;177;86;85;1;0;0;10;;0;3;8;0;1;;3;0;0;5;0;;0;2;37;;0;2;0;0;0;1;12;0;;
560740;Bezdružice;752;395;393;31;1;0;31;;1;23;61;1;7;;1;0;1;23;1;;2;15;118;;1;10;1;1;3;3;55;2;;
560758;Bor;3 256;1 445;1 436;81;2;0;110;;4;100;179;22;14;;9;1;1;106;0;;2;31;531;;4;25;1;6;5;11;181;10;;
541605;Brod nad Tichou;202;112;112;1;1;0;3;;0;2;21;0;0;;0;0;0;12;0;;0;4;52;;0;0;0;0;0;0;14;2;;
541401;Broumov;108;72;70;5;0;0;8;;0;7;3;0;0;;1;0;0;9;0;;0;3;24;;0;3;0;0;0;0;7;0;;
560782;Cebiv;232;86;86;2;0;0;7;;0;1;12;1;2;;0;0;0;7;0;;0;0;31;;0;4;0;1;0;2;15;1;;
579459;Ctiboř;254;174;172;6;0;0;25;;0;7;32;0;0;;2;0;0;13;0;;0;1;65;;0;4;0;2;2;0;13;0;;
560804;Částkov;276;171;171;4;3;0;19;;0;10;18;2;3;;2;0;0;11;0;;0;0;62;;3;3;0;1;0;0;30;0;;
560812;Černošín;909;469;466;41;0;0;33;;0;7;56;4;4;;1;1;0;48;0;;0;7;200;;0;18;0;1;0;0;44;1;;
560839;Dlouhý Újezd;289;180;180;16;0;0;19;;1;7;12;1;6;;1;0;0;22;1;;0;6;72;;0;2;0;3;0;0;11;0;;
560855;Erpužice;285;156;153;12;0;0;12;;0;7;17;0;2;;3;0;1;18;0;;0;4;59;;0;0;1;0;0;1;16;0;;
560863;Halže;746;383;378;17;0;0;43;;0;13;70;3;6;;4;2;0;42;0;;0;6;125;;0;4;0;1;3;0;38;1;;
541290;Horní Kozolupy;208;110;110;6;0;0;5;;0;1;27;1;4;;0;0;0;3;0;;0;2;40;;0;3;0;0;1;1;16;0;;
560898;Hošťka;303;148;145;2;0;0;13;;0;3;33;1;4;;1;1;0;13;0;;0;1;51;;0;7;0;0;0;1;14;0;;
560901;Chodová Planá;1 472;710;700;43;2;2;61;;2;16;84;5;10;;3;0;1;69;0;;0;18;286;;0;6;0;2;1;0;87;2;;
560910;Chodský Újezd;598;333;332;12;0;0;23;;0;14;34;2;3;;2;0;1;19;0;;0;2;185;;0;1;0;4;0;0;29;1;;
560928;Kladruby;1 215;703;700;54;1;0;27;;0;26;90;34;7;;5;3;1;61;0;;2;13;262;;3;14;0;3;2;2;89;1;;
541559;Kočov;149;55;54;1;0;0;5;;0;1;15;1;0;;1;0;0;5;0;;1;0;12;;0;0;0;0;0;0;12;0;;
541494;Kokašice;212;119;117;11;1;0;11;;1;1;21;0;2;;1;0;0;9;0;;0;6;38;;0;5;0;0;0;0;10;0;;
560952;Konstantinovy Lázně;833;561;552;67;0;0;44;;0;23;60;13;0;;5;0;0;39;0;;1;25;168;;0;26;1;2;1;1;75;1;;
503916;Kostelec;445;217;217;12;2;0;13;;0;11;54;1;1;;4;0;0;11;0;;0;5;72;;0;1;0;2;3;1;24;0;;
560979;Kšice;152;94;94;2;0;0;7;;1;2;20;0;8;;1;0;0;3;0;;1;2;23;;0;0;0;0;1;0;22;1;;
561002;Lesná;365;175;175;9;1;0;20;;1;5;26;1;3;;0;0;0;8;0;;1;1;60;;0;2;0;1;1;1;32;2;;
561011;Lestkov;312;171;171;8;1;0;9;;0;6;24;0;3;;1;0;0;9;0;;0;7;67;;0;3;0;0;0;0;33;0;;
541702;Lom u Tachova;334;184;184;5;0;0;14;;0;6;30;0;5;;4;0;1;13;0;;0;6;57;;0;4;0;0;1;2;36;0;;
541532;Milíře;201;86;84;3;0;0;7;;1;5;5;1;1;;2;0;0;9;0;;0;1;31;;0;6;0;1;0;0;11;0;;
541443;Obora;109;64;64;6;0;0;2;;0;3;10;0;0;;2;0;0;7;0;;0;8;18;;0;3;0;0;0;0;5;0;;
566888;Olbramov;49;28;28;2;0;0;0;;0;5;1;2;1;;0;0;1;3;0;;0;2;10;;0;0;0;0;0;0;1;0;;
541681;Ošelín;138;64;58;0;0;0;4;;0;1;12;0;0;;0;0;0;7;0;;0;2;23;;0;2;0;0;0;1;6;0;;
561134;Planá;4 374;2 300;2 289;170;1;1;143;;2;133;328;17;25;;17;0;5;190;3;;1;69;815;;5;50;1;9;2;5;291;6;;
541486;Prostiboř;122;66;65;1;0;0;8;;0;6;3;3;0;;1;0;0;10;0;;0;4;19;;0;0;0;0;1;0;8;1;;
561151;Přimda;926;457;454;40;0;0;30;;0;13;68;4;6;;4;1;1;42;1;;0;10;166;;1;4;0;1;0;1;59;2;;
561169;Rozvadov;485;236;235;14;1;0;12;;0;12;38;2;5;;3;0;0;13;0;;0;8;74;;1;5;0;1;1;0;43;2;;
579467;Skapce;88;37;37;3;0;0;8;;0;0;7;2;1;;0;0;0;4;0;;0;0;8;;0;2;0;0;1;0;1;0;;
561185;Staré Sedliště;893;390;390;30;0;0;28;;1;20;63;4;2;;3;0;2;34;0;;2;2;127;;0;20;0;1;0;1;49;1;;
561193;Staré Sedlo;208;116;115;8;0;0;8;;0;6;29;0;3;;0;0;0;4;0;;0;0;39;;0;2;0;2;1;1;12;0;;
561207;Stráž;918;447;446;24;1;0;30;;0;15;54;6;7;;5;0;2;54;0;;0;13;174;;1;13;0;1;1;4;41;0;;
561215;Stříbro;6 102;3 332;3 303;269;8;0;313;;9;194;277;57;32;;44;4;1;332;5;;0;129;1 127;;6;96;1;13;11;4;366;5;;
561223;Studánka;393;239;238;20;0;0;11;;0;10;19;4;4;;0;0;0;35;0;;0;6;90;;0;1;0;3;0;2;33;0;;
561231;Sulislav;169;119;118;9;0;0;9;;0;3;9;1;0;;0;0;0;11;0;;0;2;59;;1;2;0;0;2;0;10;0;;
561258;Svojšín;345;173;173;7;3;0;10;;0;7;21;5;2;;1;0;0;14;1;;0;6;75;;1;3;0;1;0;2;11;3;;
557081;Sytno;237;113;112;5;0;0;6;;0;5;16;0;4;;4;0;0;5;0;;0;1;45;;1;0;0;0;1;0;18;1;;
560715;Tachov;9 590;5 256;5 228;481;7;4;445;;3;152;584;53;43;;78;1;6;611;2;;6;160;1 780;;9;89;2;29;13;8;637;25;;
541621;Tisová;370;175;175;10;0;0;12;;0;14;30;1;4;;0;1;0;24;0;;1;2;62;;0;2;0;0;0;0;10;2;;
561291;Trpísty;184;79;79;4;0;0;10;;0;6;16;2;0;;0;0;1;3;0;;0;0;25;;0;1;0;1;0;0;10;0;;
561304;Třemešné;317;169;168;19;1;0;10;;0;13;26;0;0;;2;0;0;14;0;;2;6;40;;0;0;0;1;3;1;30;0;;
541435;Únehle;105;64;63;7;0;1;6;;0;7;7;0;2;;0;0;0;8;0;;0;3;16;;0;1;0;0;0;1;3;1;;
579491;Vranov;145;84;83;8;0;0;6;;0;4;12;0;0;;1;1;0;4;0;;0;0;31;;0;0;0;0;0;0;15;1;;
541362;Zadní Chodov;207;121;120;9;0;0;9;;0;0;16;1;1;;0;0;0;9;0;;0;3;54;;0;2;0;0;0;0;14;2;;
541664;Záchlumí;308;152;151;9;0;1;13;;0;3;29;1;3;;0;0;0;9;0;;0;1;61;;0;1;0;0;0;0;20;0;;
541460;Zhoř;123;38;36;2;0;0;1;;0;1;4;0;0;;0;0;0;0;0;;0;0;16;;0;0;0;0;0;0;12;0;;
554499;Aš;9 766;4 289;4 254;276;37;;219;;;169;369;155;53;;43;16;20;373;;;10;153;1 707;;13;94;;15;4;3;515;10;;
554502;Dolní Žandov;943;532;528;31;3;;23;;;21;93;3;10;;6;0;0;52;;;0;16;188;;4;10;;5;2;4;56;1;;
554511;Drmoul;769;486;481;49;2;;22;;;42;31;2;3;;6;0;0;51;;;0;11;181;;1;22;;3;0;3;51;1;;
554529;Františkovy Lázně;4 700;2 905;2 886;340;7;;173;;;122;205;36;27;;29;5;22;337;;;5;142;967;;15;75;;16;11;5;328;19;;
554545;Hazlov;1 239;638;626;37;1;;29;;;25;77;6;10;;12;1;2;53;;;2;10;234;;1;26;;0;0;0;100;0;;
554553;Hranice;1 677;706;698;41;3;;58;;;12;79;16;18;;7;1;4;67;;;2;14;289;;2;3;;1;2;2;75;2;;
554481;Cheb;23 954;12 225;12 153;934;57;;905;;;935;1 197;195;70;;125;23;23;1 141;;;9;380;4 189;;31;291;;70;16;44;1 489;29;;
538795;Krásná;474;264;262;5;0;;11;;;14;20;6;2;;1;2;4;20;;;0;7;138;;0;1;;1;0;0;30;0;;
554596;Křižovatka;210;118;118;3;1;;17;;;9;19;0;2;;0;0;0;2;;;0;1;55;;0;2;;0;0;0;7;0;;
554600;Lázně Kynžvart;1 228;613;608;49;5;;46;;;19;71;9;3;;4;0;0;81;;;0;13;210;;2;14;;1;1;1;77;2;;
554618;Libá;592;301;297;27;2;;22;;;16;28;0;2;;2;1;2;39;;;0;2;112;;2;2;;0;0;0;37;1;;
554626;Lipová;586;299;297;22;2;;15;;;18;23;3;1;;8;0;1;22;;;1;10;115;;1;4;;1;0;4;45;1;;
554634;Luby;1 809;852;843;49;2;;78;;;34;63;10;15;;4;10;1;69;;;2;18;346;;2;34;;1;3;2;98;2;;
554642;Mariánské Lázně;10 572;5 720;5 675;686;26;;369;;;177;391;58;30;;65;5;8;1 046;;;8;255;1 741;;11;198;;37;6;6;538;14;;
554651;Milhostov;244;82;82;2;0;;8;;;4;4;0;0;;0;0;0;3;;;0;0;54;;0;0;;1;1;0;5;0;;
538906;Milíkov;223;141;141;17;1;;7;;;14;14;2;1;;5;0;0;15;;;0;1;35;;1;6;;0;0;2;19;1;;
554677;Mnichov;335;137;135;4;0;;5;;;4;25;0;7;;1;0;1;23;;;0;3;33;;1;8;;2;0;0;17;1;;
554693;Nebanice;278;162;159;6;0;;12;;;19;28;2;4;;4;0;0;7;;;0;4;50;;1;1;;0;1;0;20;0;;
554707;Nový Kostel;410;221;221;8;0;;38;;;2;15;2;2;;0;1;0;12;;;0;7;80;;0;17;;0;0;1;28;8;;
539554;Odrava;185;99;99;10;1;;6;;;11;7;3;1;;2;0;0;8;;;0;2;34;;1;0;;0;0;0;12;1;;
538922;Okrouhlá;199;108;107;7;0;;8;;;6;12;1;2;;7;0;1;7;;;0;0;37;;1;2;;1;0;0;15;0;;
539473;Ovesné Kladruby;97;52;52;7;1;;1;;;0;3;3;1;;0;0;0;18;;;1;1;12;;1;2;;0;0;0;1;0;;
554740;Plesná;1 565;723;719;34;3;;101;;;18;73;5;9;;5;6;0;45;;;0;44;281;;0;4;;1;1;0;85;4;;
538817;Podhradí;164;79;79;8;1;;2;;;2;7;1;0;;3;0;0;3;;;1;1;33;;1;4;;0;0;0;10;2;;
538868;Pomezí nad Ohří;206;132;131;8;0;;7;;;17;16;0;0;;1;0;0;16;;;0;7;42;;0;3;;3;0;0;11;0;;
577979;Poustka;122;80;79;6;1;;5;;;9;11;1;0;;1;0;1;6;;;0;0;23;;0;2;;0;0;0;12;1;;
539538;Prameny;92;59;57;3;0;;1;;;2;1;0;1;;0;0;1;12;;;0;1;18;;1;1;;0;0;1;14;0;;
554812;Skalná;1 511;777;770;59;1;;83;;;24;56;7;5;;4;2;0;60;;;0;13;325;;1;18;;1;1;3;107;0;;
539112;Stará Voda;389;196;196;7;0;;11;;;6;33;4;1;;2;0;0;21;;;0;6;60;;1;4;;1;1;0;37;1;;
555631;Teplá;2 365;1 058;1 046;80;4;;80;;;22;170;8;8;;12;0;7;102;;;0;22;340;;3;50;;4;1;3;128;2;;
554855;Trstěnice;301;165;165;11;0;;5;;;11;26;1;1;;0;0;0;20;;;0;1;60;;0;2;;1;0;0;25;1;;
539023;Třebeň;326;206;203;15;0;;5;;;13;22;2;1;;1;2;0;22;;;0;2;79;;0;7;;0;1;1;29;1;;
554880;Tři Sekery;748;393;384;47;2;;17;;;4;25;0;2;;4;0;0;91;;;0;6;129;;2;14;;2;1;0;38;0;;
539619;Tuřany;110;73;73;9;0;;5;;;7;5;0;0;;1;0;0;5;;;0;1;33;;0;0;;0;1;1;5;0;;
539481;Valy;384;241;240;21;2;;9;;;11;9;1;2;;2;0;0;32;;;0;10;100;;0;8;;3;0;0;29;1;;
539279;Velká Hleďsebe;1 816;1 039;1 027;130;7;;78;;;44;78;6;6;;11;0;2;154;;;1;38;331;;2;28;;6;2;2;100;1;;
578002;Velký Luh;127;67;66;5;0;;2;;;11;11;1;1;;0;0;0;4;;;0;0;20;;1;2;;0;1;0;7;0;;
539376;Vlkovice;104;72;72;1;2;;5;;;2;8;0;3;;0;1;0;10;;;0;1;24;;1;6;;1;1;0;6;0;;
539074;Vojtanov;168;102;102;3;0;;2;;;4;13;0;2;;1;0;0;6;;;0;2;50;;0;1;;1;0;0;16;1;;
539431;Zádub-Závišín;274;165;164;27;0;;5;;;9;10;0;0;;2;0;0;20;;;0;7;49;;0;13;;1;0;1;20;0;;
554979;Abertamy;795;366;366;39;2;;32;;;29;24;6;12;;7;0;1;36;;;1;19;96;;0;11;;0;0;5;44;2;;
538001;Andělská Hora;269;188;188;17;0;;8;;;6;13;2;1;;0;1;0;18;;;0;16;70;;0;2;;0;0;1;30;3;;
554995;Bečov nad Teplou;779;440;437;32;9;;21;;;25;35;0;4;;6;1;0;35;;;0;12;154;;0;53;;4;1;2;42;1;;
555029;Bochov;1 598;826;819;70;11;;83;;;31;94;7;9;;6;0;2;57;;;2;33;257;;1;30;;2;3;2;116;3;;
506486;Boží Dar;232;172;169;29;1;;6;;;20;2;3;3;;2;0;1;22;;;1;21;40;;0;4;;2;2;0;8;2;;
555045;Božičany;476;239;237;9;0;;19;;;18;19;1;7;;1;0;2;22;;;0;5;89;;2;3;;2;2;3;33;0;;
500101;Bražec;213;94;91;4;0;;15;;;2;7;0;1;;1;0;0;5;;;1;1;22;;0;2;;0;0;1;25;4;;
537870;Březová;440;266;263;22;0;;25;;;15;9;3;0;;2;2;2;33;;;1;12;70;;0;7;;5;1;1;51;2;;
538019;Černava;258;155;155;19;2;;5;;;8;14;0;0;;2;0;0;5;;;0;1;61;;1;0;;0;1;1;35;0;;
506621;Čichalov;143;72;71;4;0;;2;;;11;17;0;2;;0;0;0;9;;;0;1;14;;0;3;;1;0;0;7;0;;
537918;Dalovice;1 584;987;983;125;3;;45;;;67;64;15;11;;7;1;1;109;;;4;48;323;;9;16;;3;3;9;117;3;;
538116;Děpoltovice;319;211;209;25;1;;8;;;12;15;2;3;;3;0;0;33;;;0;3;87;;0;1;;1;0;0;15;0;;
500127;Doupovské Hradiště;136;75;74;0;0;;4;;;3;9;0;2;;1;0;0;5;;;0;1;36;;0;0;;1;1;0;11;0;;
538159;Hájek;457;308;306;43;11;;20;;;15;19;1;4;;9;2;0;29;;;0;13;92;;0;9;;2;1;2;33;1;;
555169;Horní Blatná;310;181;180;51;4;;6;;;14;11;1;3;;0;0;0;13;;;0;8;33;;0;3;;3;1;0;29;0;;
551651;Hory;214;127;126;14;1;;13;;;17;5;1;3;;3;0;0;10;;;0;3;34;;0;3;;3;0;0;16;0;;
555185;Hroznětín;1 585;856;847;71;0;;60;;;43;76;4;11;;7;0;4;73;;;2;35;270;;0;18;;4;5;6;154;4;;
578011;Chodov;93;52;52;1;0;;10;;;3;3;0;1;;1;0;0;2;;;0;1;14;;0;1;;0;0;1;14;0;;
555207;Chyše;468;286;284;15;0;;19;;;14;20;3;1;;0;1;0;23;;;0;13;131;;0;4;;1;1;0;34;4;;
555215;Jáchymov;2 208;1 105;1 094;122;21;;111;;;45;82;12;9;;7;0;1;72;;;2;64;348;;3;46;;6;1;4;132;6;;
537926;Jenišov;657;451;447;103;1;;29;;;36;18;2;1;;5;0;2;54;;;0;34;109;;2;6;;5;3;1;34;2;;
554961;Karlovy Vary;37 610;21 332;21 182;2 232;88;;1 380;;;1 408;1 324;260;169;;257;19;78;2 532;;;20;1 154;7 055;;36;475;;209;67;39;2 331;49;;
555258;Kolová;588;368;366;58;1;;24;;;20;16;3;6;;2;0;1;55;;;3;37;93;;0;14;;3;0;0;29;1;;
555304;Krásné Údolí;340;157;155;17;2;;2;;;3;15;0;3;;2;0;1;10;;;0;2;69;;2;1;;1;1;1;23;0;;
578045;Krásný Les;262;177;176;24;5;;12;;;13;7;1;4;;5;1;0;12;;;0;8;61;;0;4;;1;0;0;17;1;;
555347;Kyselka;654;356;353;29;2;;14;;;31;30;4;3;;3;1;0;24;;;0;15;127;;1;11;;0;1;2;54;1;;
555363;Merklín;783;432;426;42;3;;25;;;21;35;11;9;;6;1;0;42;;;1;8;144;;0;6;;14;0;1;53;4;;
537934;Mírová;253;172;172;26;0;;11;;;12;6;1;3;;3;0;0;21;;;0;4;60;;0;4;;0;0;0;20;1;;
555380;Nejdek;6 248;3 052;3 028;260;9;;232;;;136;183;64;35;;27;2;3;299;;;2;87;1 117;;7;98;;15;5;18;378;51;;
555398;Nová Role;3 382;1 991;1 973;163;10;;161;;;223;112;23;15;;30;3;5;178;;;0;65;662;;3;28;;8;7;16;249;12;;
506494;Nové Hamry;287;203;201;24;0;;7;;;15;17;1;0;;11;1;1;14;;;1;7;69;;0;0;;0;0;8;23;2;;
555428;Ostrov;14 090;7 635;7 577;738;35;;500;;;326;627;96;117;;101;23;16;794;;;6;276;2 580;;28;191;;47;42;17;976;41;;
537969;Otovice;692;511;506;64;12;;23;;;32;28;2;6;;8;2;1;55;;;2;27;174;;0;9;;3;1;5;52;0;;
555444;Otročín;394;200;195;8;0;;15;;;4;29;0;5;;4;2;0;13;;;1;3;55;;2;30;;4;0;0;20;0;;
555452;Pernink;535;306;305;42;1;;14;;;31;19;5;5;;0;0;0;34;;;1;16;93;;0;6;;2;1;1;34;0;;
556947;Pila;410;268;266;17;3;;32;;;16;22;5;3;;1;1;0;25;;;1;8;94;;0;7;;3;0;0;27;1;;
555479;Potůčky;253;144;142;27;0;;15;;;9;18;2;3;;2;0;0;10;;;0;8;15;;2;0;;0;0;0;30;1;;
555525;Pšov;462;198;198;6;1;;19;;;12;19;1;1;;1;0;0;15;;;0;0;80;;0;9;;1;0;0;32;1;;
555533;Sadov;991;598;590;87;4;;29;;;38;30;3;6;;5;0;2;61;;;2;29;187;;0;13;;4;0;8;80;2;;
538027;Smolné Pece;136;92;92;24;2;;5;;;5;0;5;0;;1;0;0;3;;;0;3;34;;1;1;;0;0;0;8;0;;
555550;Stanovice;501;277;274;25;1;;8;;;23;21;1;2;;5;0;1;25;;;1;17;102;;1;9;;1;0;2;27;2;;
555584;Stráž nad Ohří;482;256;255;13;0;;12;;;10;31;5;2;;0;0;0;22;;;1;11;114;;1;0;;2;0;1;28;2;;
555592;Stružná;450;247;247;12;0;;4;;;23;16;0;4;;3;1;0;26;;;0;7;109;;2;5;;3;0;1;31;0;;
555614;Šemnice;517;292;290;47;2;;13;;;15;25;9;4;;7;0;1;27;;;2;10;81;;0;9;;1;1;0;32;4;;
555622;Štědrá;467;216;213;8;0;;10;;;4;26;4;8;;2;1;0;16;;;1;3;79;;1;4;;1;2;0;43;0;;
537845;Teplička;92;62;61;7;0;;2;;;0;2;1;1;;0;0;0;7;;;0;5;25;;0;1;;0;0;0;10;0;;
555657;Toužim;2 974;1 493;1 483;130;5;;125;;;41;165;15;11;;24;0;1;139;;;6;27;578;;4;46;;6;4;3;151;2;;
555681;Útvina;460;271;268;6;1;;15;;;7;43;7;3;;2;0;0;27;;;0;10;97;;0;4;;3;2;0;41;0;;
555690;Valeč;286;165;164;6;0;;6;;;14;20;7;5;;0;0;0;25;;;0;1;57;;1;3;;0;0;0;19;0;;
555703;Velichov;433;263;261;14;1;;17;;;18;16;3;4;;2;3;0;17;;;0;9;98;;0;1;;4;1;4;49;0;;
555711;Verušičky;403;178;178;4;2;;6;;;50;33;0;8;;1;0;1;5;;;0;3;39;;0;6;;0;0;1;19;0;;
555738;Vojkovice;505;267;266;6;0;;20;;;12;20;3;2;;0;0;0;41;;;1;10;111;;0;2;;0;1;1;36;0;;
566675;Vrbice;152;63;63;1;0;;4;;;7;13;0;0;;0;0;0;1;;;0;1;26;;0;4;;0;0;0;6;0;;
578029;Vysoká Pec;274;168;168;9;2;;2;;;11;14;9;0;;0;0;0;25;;;1;11;43;;1;6;;0;0;0;33;1;;
555762;Žlutice;1 998;974;963;58;6;;61;;;38;97;10;9;;7;1;2;58;;;0;39;361;;4;66;;2;3;4;136;1;;
560294;Březová;2 263;1 206;1 192;112;20;;93;;;42;108;17;10;;7;1;0;106;;;0;27;457;;3;13;;8;7;6;151;4;;
560308;Bublava;337;198;195;19;0;;13;;;10;13;2;1;;5;0;0;22;;;0;9;64;;0;4;;1;1;3;28;0;;
560316;Bukovany;1 253;543;529;36;17;;29;;;37;36;8;2;;7;1;1;31;;;0;5;207;;0;1;;1;0;2;103;5;;
560324;Citice;723;371;364;23;0;;28;;;21;38;4;7;;5;2;0;24;;;0;6;146;;1;3;;1;0;0;51;4;;
560332;Dasnice;233;94;94;7;4;;1;;;14;7;3;3;;5;0;0;6;;;3;0;30;;1;0;;0;0;0;9;1;;
560341;Dolní Nivy;272;166;164;13;2;;5;;;12;9;4;3;;3;3;1;15;;;0;5;49;;1;2;;0;0;6;30;1;;
538591;Dolní Rychnov;1 086;602;598;62;15;;39;;;27;51;5;3;;11;0;1;53;;;1;29;229;;0;19;;3;0;5;41;4;;
560359;Habartov;4 023;1 744;1 730;141;36;;120;;;68;138;12;25;;32;2;1;83;;;3;40;695;;10;20;;13;2;11;261;17;;
560367;Horní Slavkov;4 828;2 415;2 390;185;26;;146;;;106;189;21;34;;44;6;2;211;;;3;58;1 021;;11;31;;5;6;9;268;8;;
560375;Chlum Svaté Maří;246;131;128;8;1;;16;;;7;3;0;0;;3;0;1;12;;;0;0;56;;2;3;;1;1;0;13;1;;
560383;Chodov;11 002;4 956;4 902;371;24;;393;;;250;361;49;53;;67;9;7;402;;;9;130;1 853;;19;89;;35;15;20;729;17;;
560413;Jindřichovice;397;224;222;12;0;;6;;;8;17;2;2;;5;0;0;12;;;0;4;108;;2;10;;0;0;2;31;1;;
511587;Josefov;303;185;184;13;5;;5;;;13;21;0;6;;4;0;0;23;;;0;4;53;;6;3;;1;0;1;25;1;;
560421;Kaceřov;372;188;188;6;4;;6;;;8;13;1;3;;1;0;0;9;;;0;3;98;;1;1;;0;1;3;30;0;;
560456;Krajková;748;396;395;31;3;;16;;;18;53;3;2;;12;1;0;28;;;0;4;140;;1;12;;2;1;2;64;2;;
560464;Královské Poříčí;666;352;348;20;6;;28;;;17;30;4;4;;10;1;1;23;;;1;8;138;;2;9;;4;1;1;38;2;;
560472;Kraslice;5 551;2 678;2 656;195;10;;173;;;99;220;20;36;;39;2;6;195;;;0;62;1 117;;4;55;;9;9;16;382;7;;
538337;Krásno;542;332;329;26;1;;22;;;19;22;6;3;;4;0;0;42;;;0;22;127;;0;5;;0;2;0;28;0;;
560499;Kynšperk nad Ohří;4 519;2 222;2 207;170;20;;175;;;72;203;21;11;;41;7;3;171;;;7;45;864;;6;38;;4;8;14;314;13;;
560502;Libavské Údolí;485;251;251;12;6;;9;;;19;18;2;2;;7;0;0;11;;;0;5;99;;2;6;;0;1;1;46;5;;
560537;Loket;2 483;1 394;1 383;152;17;;98;;;66;68;27;14;;35;0;0;168;;;2;133;374;;3;27;;11;2;6;174;6;;
560545;Lomnice;1 020;561;556;28;21;;27;;;24;39;6;12;;15;3;2;57;;;0;11;191;;2;15;;8;3;3;88;1;;
560561;Nová Ves;180;46;46;3;1;;4;;;1;3;1;0;;0;0;0;7;;;0;0;17;;0;0;;0;0;0;9;0;;
560570;Nové Sedlo;2 066;929;924;46;5;;68;;;33;78;11;19;;19;2;1;71;;;0;18;324;;1;16;;13;3;5;186;5;;
560588;Oloví;1 348;552;544;16;6;;46;;;24;62;3;10;;9;0;1;40;;;0;11;229;;2;6;;3;2;4;68;2;;
560596;Přebuz;77;50;50;4;0;;3;;;2;13;3;0;;1;0;0;1;;;0;4;11;;0;0;;0;0;0;8;0;;
560600;Rotava;2 474;1 103;1 097;35;10;;160;;;19;149;7;16;;4;5;2;73;;;0;8;397;;5;23;;4;0;6;173;1;;
560618;Rovná;260;95;95;5;2;;9;;;4;20;0;3;;0;1;0;3;;;0;0;28;;2;1;;0;0;1;16;0;;
560286;Sokolov;19 108;9 341;9 290;736;168;;760;;;370;805;108;60;;152;14;19;792;;;11;309;3 388;;23;154;;88;18;31;1 223;61;;
560642;Staré Sedlo;691;421;418;40;5;;25;;;13;33;8;6;;4;1;0;30;;;0;11;180;;0;9;;3;0;0;50;0;;
560651;Stříbrná;384;207;204;7;0;;15;;;8;9;2;9;;3;0;0;11;;;1;4;84;;1;1;;0;1;0;47;1;;
538434;Svatava;1 360;748;745;57;14;;45;;;27;86;6;7;;11;4;0;73;;;2;23;249;;4;23;;5;2;2;91;14;;
538396;Šabina;255;165;163;39;2;;5;;;8;13;1;1;;2;0;0;11;;;0;3;54;;2;1;;5;0;0;16;0;;
560677;Šindelová;270;157;157;10;0;;25;;;6;4;2;2;;2;0;0;11;;;0;3;67;;1;1;;1;1;1;20;0;;
538663;Tatrovice;141;77;75;3;1;;3;;;3;3;0;2;;0;0;0;3;;;0;2;36;;0;0;;1;1;2;15;0;;
579360;Těšovice;185;129;129;8;3;;4;;;6;7;0;1;;0;0;0;10;;;0;5;59;;0;5;;2;0;1;17;1;;
560685;Vintířov;905;386;378;11;1;;48;;;19;26;5;7;;2;0;0;21;;;0;4;166;;6;3;;3;0;3;52;1;;
560707;Vřesová;334;74;72;1;1;;1;;;2;9;2;2;;0;0;1;5;;;1;3;20;;0;2;;1;0;0;19;2;;
562343;Arnoltice;333;233;232;33;0;0;20;;;10;14;1;3;;2;1;0;30;;;0;6;92;1;1;2;0;0;0;0;15;1;;
562351;Benešov nad Ploučnicí;2 993;1 625;1 618;121;6;3;100;;;99;173;20;17;;16;15;3;132;;;1;37;577;5;9;17;0;5;5;13;235;9;;
544647;Bynovec;256;163;162;13;0;0;10;;;3;16;3;1;;5;1;0;21;;;0;10;47;0;0;1;0;0;0;2;28;1;;
562394;Česká Kamenice;4 225;2 332;2 321;204;3;1;168;;;144;235;22;19;;20;3;3;189;;;4;74;846;2;10;40;2;18;3;5;296;10;;
562335;Děčín;39 425;20 914;20 773;1 798;41;19;1 439;;;792;1 568;274;166;;333;21;59;1 851;;;11;840;8 020;15;95;447;8;143;17;61;2 667;88;;
562408;Dobkovice;528;307;303;16;0;0;23;;;17;26;4;6;;4;0;1;9;;;0;5;133;0;2;4;0;1;1;1;49;1;;
545783;Dobrná;372;213;213;11;0;0;8;;;3;22;0;5;;4;0;2;13;;;0;8;101;0;4;7;1;1;0;1;22;0;;
545856;Dolní Habartice;451;280;279;14;0;0;15;;;13;37;1;2;;3;0;1;26;;;0;9;110;0;3;2;0;2;1;0;39;1;;
562432;Dolní Podluží;949;516;514;45;0;1;23;;;26;52;3;6;;8;2;0;38;;;1;12;188;0;2;19;0;0;1;6;78;3;;
562441;Dolní Poustevna;1 250;563;557;62;1;2;29;;;19;52;7;13;;6;1;0;46;;;1;25;180;1;4;11;0;2;1;4;84;6;;
530417;Doubice;147;118;117;23;0;0;2;;;12;3;1;1;;0;0;0;11;;;0;21;23;0;0;5;0;0;0;0;15;0;;
545899;Františkov nad Ploučnicí;334;185;184;6;0;0;9;;;12;16;5;1;;2;0;0;11;;;0;4;95;0;0;1;0;2;0;2;16;2;;
562483;Heřmanov;403;223;222;11;0;0;11;;;4;25;2;2;;4;1;0;16;;;0;7;88;1;3;3;0;2;0;2;39;1;;
545929;Horní Habartice;335;196;194;14;0;0;22;;;13;25;4;2;;2;0;1;9;;;0;2;73;0;2;1;0;4;0;1;19;0;;
562505;Horní Podluží;627;359;356;24;0;0;17;;;25;34;3;6;;5;9;1;34;;;0;10;127;0;0;5;0;0;0;1;54;1;;
562513;Hřensko;215;128;128;27;0;0;5;;;5;7;2;2;;3;0;2;11;;;0;6;33;0;0;1;0;0;0;0;24;0;;
562521;Huntířov;656;353;350;23;2;0;21;;;14;42;2;6;;4;3;0;31;;;0;7;150;0;1;3;0;0;1;0;40;0;;
562530;Chřibská;1 127;582;574;41;2;1;39;;;15;53;12;6;;14;0;1;44;;;1;19;238;2;0;7;0;0;1;11;63;4;;
544680;Janov;320;221;220;26;0;0;14;;;3;16;1;2;;1;1;2;17;;;0;16;96;0;0;1;2;1;0;2;19;0;;
530395;Janská;174;90;89;3;0;0;4;;;7;14;0;1;;0;0;0;5;;;0;3;27;0;0;0;0;0;1;7;16;1;;
562556;Jetřichovice;398;277;276;45;0;1;9;;;8;35;4;4;;5;0;0;28;;;0;17;81;0;0;2;0;0;0;0;37;0;;
562564;Jílové;4 199;2 352;2 342;175;0;2;175;;;61;189;32;18;;40;3;3;191;;;8;56;974;1;14;68;0;16;3;13;294;6;;
562572;Jiřetín pod Jedlovou;527;358;358;24;0;1;21;;;52;25;4;4;;2;2;0;38;;;1;15;110;0;1;25;0;1;1;2;25;4;;
562581;Jiříkov;2 868;1 414;1 403;83;2;0;88;;;91;99;17;9;;9;3;1;68;;;1;30;627;0;9;19;1;2;2;5;229;8;;
546453;Kámen;182;115;115;13;0;0;4;;;4;11;0;0;;1;0;0;6;;;0;0;47;0;1;1;0;2;1;0;24;0;;
562611;Krásná Lípa;2 861;1 329;1 320;96;0;3;79;;;123;126;12;6;;15;4;1;100;;;1;50;499;0;4;15;0;8;3;11;154;10;;
546330;Kunratice;198;121;121;5;0;0;3;;;8;14;1;0;;2;1;0;19;;;0;11;35;0;1;6;0;0;2;0;13;0;;
562645;Kytlice;428;244;243;33;0;0;9;;;11;13;4;3;;3;0;0;25;;;0;20;68;0;0;5;0;4;0;2;42;1;;
544701;Labská Stráň;190;126;125;16;0;0;9;;;3;10;4;1;;0;0;0;14;;;0;5;53;0;1;0;0;1;0;0;7;1;;
562661;Lipová;493;250;245;19;0;0;17;;;20;24;4;10;;2;0;0;23;;;0;4;84;0;0;6;0;1;0;2;21;8;;
545708;Lobendava;245;106;106;3;0;0;5;;;6;34;0;0;;0;0;0;10;;;0;3;22;0;0;6;0;0;0;0;15;2;;
546496;Ludvíkovice;721;458;458;32;0;0;21;;;35;43;5;5;;7;0;0;26;;;1;14;172;0;0;20;1;2;1;1;69;3;;
562700;Malá Veleň;372;212;210;18;2;0;13;;;14;20;2;3;;4;0;0;11;;;0;5;75;0;0;1;0;1;0;3;38;0;;
562718;Malšovice;693;461;459;36;0;0;29;;;14;36;4;5;;8;0;0;18;;;0;14;186;2;1;9;0;4;0;1;92;0;;
545678;Markvartice;550;338;338;20;2;1;18;;;24;29;3;2;;4;3;0;35;;;1;10;131;2;3;8;0;0;0;2;39;1;;
545791;Merboltice;160;109;107;2;1;0;4;;;5;8;7;1;;1;0;0;13;;;0;9;42;0;0;2;0;1;1;0;10;0;;
562751;Mikulášovice;1 746;802;796;71;0;0;48;;;58;82;8;13;;5;0;4;59;;;4;32;275;0;1;16;0;6;3;4;100;7;;
562777;Rumburk;8 789;4 633;4 611;404;8;2;295;;;173;369;51;41;;78;8;6;390;;;0;179;1 933;3;4;81;3;29;1;13;505;35;;
566900;Růžová;436;271;269;33;1;0;14;;;20;17;4;2;;1;0;2;23;;;1;14;93;0;2;3;0;2;0;0;37;0;;
562793;Rybniště;551;311;309;26;0;0;17;;;24;28;3;2;;7;0;0;25;;;0;6;124;0;1;4;0;7;0;1;33;1;;
546348;Srbská Kamenice;210;155;153;7;1;0;4;;;13;19;2;2;;2;0;0;11;;;0;4;61;0;3;7;0;0;1;0;15;1;;
562823;Staré Křečany;1 013;469;469;21;0;0;23;;;51;28;5;5;;11;1;1;34;;;0;13;197;0;2;10;0;2;1;8;56;0;;
545538;Starý Šachov;169;99;97;6;0;0;5;;;10;9;0;0;;0;0;0;1;;;0;0;45;0;2;0;0;0;0;0;18;1;;
562858;Šluknov;4 303;1 864;1 860;129;2;3;129;;;109;180;26;24;;24;3;5;112;;;2;49;802;0;9;35;0;6;1;8;194;8;;
555193;Těchlovice;418;231;230;14;2;2;7;;;3;27;2;4;;5;0;0;19;;;0;2;95;1;2;2;0;2;1;3;37;0;;
562874;Valkeřice;323;160;160;7;0;0;5;;;3;26;0;0;;2;0;0;11;;;0;4;77;0;2;0;0;0;0;1;22;0;;
562882;Varnsdorf;12 315;6 310;6 272;520;3;6;422;;;217;505;64;64;;61;11;17;525;;;5;163;2 460;3;13;116;7;20;7;53;907;103;;
562891;Velká Bukovina;397;214;212;16;1;0;18;;;17;16;4;1;;4;0;0;13;;;0;7;83;0;2;3;0;0;1;1;24;1;;
562912;Velký Šenov;1 591;745;741;58;3;0;63;;;28;65;1;9;;13;2;1;58;;;3;22;267;1;1;19;1;7;0;4;109;6;;
562921;Verneřice;908;430;429;29;1;0;20;;;18;47;6;1;;1;0;0;27;;;0;14;197;1;1;4;1;3;0;0;55;3;;
562939;Veselé;287;170;170;7;0;0;29;;;5;7;2;2;;0;0;2;12;;;0;1;77;0;1;2;0;0;0;0;23;0;;
562947;Vilémov;771;374;372;27;0;0;25;;;16;31;2;5;;3;0;1;34;;;0;10;169;0;0;10;0;1;0;1;33;4;;
562980;Bílence;186;113;113;4;1;0;5;;;5;10;0;0;;1;0;0;5;;;2;4;54;0;1;4;0;2;0;0;15;0;;
562998;Blatno;434;287;287;36;0;0;11;;;17;36;4;2;;2;0;0;27;;;0;6;105;0;1;5;0;2;0;0;32;1;;
563005;Boleboř;223;150;150;20;0;0;7;;;13;20;0;5;;2;0;0;10;;;0;5;47;0;0;1;0;0;0;2;17;1;;
563013;Březno;1 097;591;591;32;1;0;20;;;17;86;6;9;;6;1;0;47;;;1;13;241;0;4;7;0;7;1;2;88;2;;
563021;Černovice;460;294;293;29;1;1;24;;;9;20;4;3;;5;1;1;18;;;0;3;126;0;2;2;0;1;0;1;41;1;;
563048;Domašín;142;63;63;3;0;0;3;;;3;16;0;1;;0;0;0;4;;;0;5;19;0;0;0;0;2;1;0;5;1;;
563056;Droužkovice;667;402;399;54;3;1;29;;;22;35;7;4;;12;0;0;22;;;0;11;157;0;2;4;2;2;0;1;29;2;;
563064;Hora Svatého Šebestiána;226;129;129;6;0;0;6;;;3;17;0;1;;3;0;0;14;;;0;2;47;0;0;0;0;1;0;1;27;1;;
563072;Hrušovany;407;208;207;11;0;0;6;;;17;28;1;0;;0;1;0;6;;;0;5;97;1;0;2;0;3;1;0;28;0;;
563081;Chbany;508;264;263;21;1;0;12;;;6;35;2;3;;1;0;0;8;;;0;3;111;1;1;2;0;0;0;0;54;2;;
562971;Chomutov;37 974;18 242;18 131;1 541;31;6;1 312;;;692;1 842;246;142;;298;17;28;1 358;;;15;543;6 976;9;60;284;10;122;21;37;2 476;65;;
563099;Jirkov;15 459;6 753;6 721;539;16;0;470;;;171;686;100;62;;124;13;52;502;;;4;164;2 500;4;37;97;0;44;4;26;1 082;24;;
563102;Kadaň;13 903;6 809;6 773;769;8;8;447;;;190;488;74;85;;64;3;14;644;;;3;209;2 750;8;20;97;2;43;4;19;802;22;;
563111;Kalek;214;124;124;14;0;0;10;;;11;11;2;3;;3;0;0;13;;;1;2;18;0;1;2;0;1;0;2;30;0;;
563129;Klášterec nad Ohří;11 953;5 639;5 599;520;33;4;348;;;131;576;87;56;;69;7;5;497;;;7;141;2 269;4;15;67;1;28;9;20;686;19;;
563137;Kovářská;822;388;387;22;0;0;31;;;11;40;4;6;;3;6;0;22;;;0;7;163;0;0;4;0;2;0;1;65;0;;
563315;Kryštofovy Hamry;110;80;80;4;0;0;3;;;6;9;0;1;;1;0;0;7;;;0;1;40;0;1;0;0;0;0;0;7;0;;
563161;Křimov;303;145;144;16;2;0;9;;;6;14;4;4;;0;1;0;8;;;0;1;53;0;0;0;0;2;0;2;21;1;;
563188;Libědice;216;150;149;11;1;0;17;;;4;25;2;4;;2;0;0;9;;;0;5;44;0;0;3;0;0;0;4;18;0;;
546518;Loučná pod Klínovcem;105;70;68;21;0;0;0;;;4;2;0;0;;1;0;0;6;;;0;6;21;0;0;3;0;1;0;0;3;0;;
563200;Málkov;685;442;438;56;0;1;25;;;14;57;9;7;;5;2;3;24;;;0;8;156;0;3;8;0;2;1;1;55;1;;
563218;Mašťov;481;284;284;12;0;0;24;;;6;44;4;4;;0;2;0;15;;;0;7;122;0;2;6;0;1;0;1;28;6;;
563226;Měděnec;137;85;85;14;0;0;1;;;7;11;0;0;;0;0;0;2;;;0;4;32;0;0;2;0;0;0;1;11;0;;
563242;Místo;364;244;244;6;0;0;22;;;13;20;2;2;;1;1;0;29;;;1;5;106;0;0;3;0;0;0;0;31;2;;
546160;Nezabylice;176;121;121;5;0;0;6;;;2;30;2;0;;1;0;0;8;;;0;3;47;0;0;1;0;0;0;0;14;2;;
563269;Okounov;289;188;186;17;2;0;6;;;3;22;4;2;;2;0;2;8;;;0;7;94;0;0;0;0;2;0;1;14;0;;
563277;Otvice;546;356;356;18;1;0;20;;;13;33;1;3;;2;0;0;23;;;0;15;136;0;2;12;0;5;1;1;70;0;;
563285;Perštejn;919;585;581;68;2;1;35;;;26;51;11;2;;5;1;2;52;;;0;28;218;1;0;5;0;6;2;2;60;3;;
546062;Pesvice;107;76;76;6;0;0;3;;;2;9;1;1;;1;0;1;6;;;1;2;22;0;0;1;0;1;1;0;17;1;;
563293;Pětipsy;170;92;92;7;0;0;3;;;2;6;1;3;;0;0;0;4;;;0;2;40;0;4;0;0;0;1;0;19;0;;
546071;Račetice;330;210;210;12;0;0;9;;;3;15;1;0;;1;0;0;13;;;0;9;114;0;0;2;0;1;3;0;26;1;;
563323;Radonice;931;490;485;17;0;0;32;;;16;94;7;11;;1;0;0;34;;;0;4;220;1;1;4;0;1;0;1;36;5;;
563331;Rokle;225;122;122;9;0;0;10;;;2;13;0;1;;4;0;1;10;;;0;1;57;1;0;0;0;0;0;0;10;3;;
563340;Spořice;1 156;725;723;81;0;0;45;;;38;57;13;3;;14;0;4;71;;;0;18;254;1;1;6;0;18;2;2;93;2;;
563358;Strupčice;715;473;470;32;2;0;36;;;25;40;1;1;;8;0;0;21;;;0;5;200;0;3;11;0;2;2;3;78;0;;
563382;Údlice;985;638;633;76;0;0;25;;;28;64;13;5;;10;0;1;52;;;1;15;243;0;1;12;0;5;0;3;76;3;;
563404;Vejprty;2 365;861;838;69;3;0;76;;;19;99;6;9;;4;2;1;57;;;3;19;347;0;2;16;1;1;0;0;101;3;;
563412;Veliká Ves;245;127;126;8;0;0;7;;;6;16;0;1;;0;1;0;11;;;0;0;60;1;2;0;0;0;0;1;12;0;;
563439;Vilémov;481;265;263;10;2;0;14;;;2;48;2;5;;0;0;0;12;;;0;2;131;0;0;1;0;1;1;0;31;1;;
563463;Vrskmaň;231;141;141;3;0;0;9;;;4;20;7;3;;3;0;0;6;;;0;2;51;0;4;2;1;1;0;1;22;2;;
563471;Všehrdy;399;324;318;20;2;0;7;;;2;106;6;6;;5;1;0;27;;;1;6;69;1;2;1;0;4;7;3;36;6;;
563480;Všestudy;148;102;102;3;0;0;2;;;5;3;1;4;;1;0;0;4;;;0;2;55;0;0;2;2;0;0;2;16;0;;
563498;Výsluní;221;135;135;11;0;0;5;;;4;22;2;0;;8;0;0;16;;;0;7;43;0;0;3;0;0;0;0;13;1;;
563501;Vysoká Pec;875;621;615;59;2;0;33;;;32;44;7;9;;9;0;6;60;;;0;21;239;0;2;8;0;6;0;1;76;1;;
564575;Bechlín;971;590;587;45;2;0;29;;;24;65;11;3;;9;1;1;60;;;0;15;245;0;1;11;0;1;0;0;64;0;;
564591;Bohušovice nad Ohří;1 997;1 166;1 159;103;4;1;90;;;45;126;22;14;;13;3;2;88;;;0;32;424;0;6;33;0;4;3;5;136;5;;
564613;Brňany;347;181;180;18;0;0;11;;;8;31;3;1;;0;0;0;17;;;0;5;57;0;0;5;0;2;0;0;18;4;;
564621;Brozany nad Ohří;1 014;569;565;96;1;1;51;;;16;47;5;7;;4;0;2;51;;;0;33;171;0;0;17;0;2;0;0;60;1;;
546755;Brzánky;67;50;50;4;0;0;3;;;4;0;0;0;;0;0;1;7;;;0;2;15;0;0;3;0;0;1;0;10;0;;
564648;Bříza;336;180;180;17;0;0;12;;;6;28;1;0;;2;1;0;15;;;0;9;60;0;1;0;0;4;4;0;18;2;;
564656;Budyně nad Ohří;1 727;999;988;108;1;2;50;;;38;156;9;13;;7;1;2;95;;;0;59;289;2;8;27;0;7;4;6;99;5;;
546780;Býčkovice;243;122;122;11;1;0;4;;;2;23;1;0;;3;0;0;14;;;1;4;39;0;1;3;0;0;0;0;15;0;;
564672;Ctiněves;265;172;172;15;0;1;10;;;9;20;5;4;;2;1;0;26;;;0;6;49;0;0;1;0;0;2;0;19;2;;
546852;Černěves;182;114;114;16;0;0;5;;;9;7;1;0;;3;0;0;19;;;0;2;23;0;2;3;0;0;0;0;24;0;;
564699;Černiv;132;51;51;1;0;0;6;;;5;9;0;1;;0;0;0;2;;;0;0;20;0;0;0;0;0;1;0;6;0;;
542423;Černouček;248;158;158;24;0;0;14;;;3;19;0;1;;1;0;0;21;;;0;17;39;1;0;2;0;1;0;0;13;2;;
564711;Čížkovice;1 109;564;560;28;2;1;33;;;20;59;7;10;;14;1;1;44;;;0;8;250;0;0;14;0;0;2;2;63;1;;
564729;Děčany;300;170;170;11;0;0;5;;;4;20;3;2;;6;1;0;3;;;0;2;84;1;0;2;0;1;0;1;24;0;;
564737;Dlažkovice;102;66;66;1;0;0;2;;;2;5;2;1;;0;0;0;3;;;0;1;41;0;0;1;0;0;0;1;6;0;;
564745;Dobříň;447;302;300;43;2;0;30;;;10;31;4;5;;2;1;2;35;;;0;16;81;0;1;9;0;1;0;0;27;0;;
564753;Doksany;325;191;191;21;0;0;14;;;4;21;4;3;;6;0;0;21;;;0;8;38;1;3;15;0;1;0;2;29;0;;
553646;Dolánky nad Ohří;209;105;105;14;0;0;3;;;1;10;0;1;;0;0;0;14;;;0;2;29;0;0;0;0;1;0;0;28;2;;
564770;Drahobuz;222;116;116;6;0;0;9;;;4;23;0;2;;3;0;0;11;;;0;2;32;0;0;2;2;0;0;1;19;0;;
564818;Dušníky;296;178;178;15;1;1;11;;;19;18;7;4;;3;0;1;14;;;0;5;58;0;0;4;0;1;1;2;11;2;;
564834;Evaň;233;129;129;13;0;0;10;;;3;33;1;2;;1;0;0;6;;;1;2;49;0;1;1;0;0;0;1;5;0;;
564842;Hlinná;227;157;156;13;0;0;7;;;12;11;8;1;;3;0;0;14;;;0;8;58;0;0;5;0;0;0;0;16;0;;
564851;Horní Beřkovice;758;447;445;43;0;0;30;;;20;61;8;6;;10;2;1;53;;;0;11;138;0;1;6;0;1;1;1;51;1;;
546763;Horní Řepčice;79;61;61;2;0;0;4;;;0;7;0;1;;1;0;0;5;;;0;2;26;0;1;5;0;0;0;0;6;1;;
564877;Hoštka;1 336;843;838;90;1;1;32;;;25;151;11;11;;17;3;3;85;;;0;26;243;0;2;25;1;6;0;4;92;9;;
564893;Hrobce;530;318;312;44;4;1;19;;;14;26;2;2;;3;1;0;41;;;2;14;105;0;0;8;0;0;0;0;26;0;;
564923;Chodouny;539;304;302;31;2;0;27;;;18;32;5;2;;6;0;0;31;;;0;16;70;1;1;8;0;0;0;2;49;1;;
564931;Chodovlice;131;104;103;5;1;0;13;;;3;9;1;0;;3;0;0;6;;;0;0;35;0;1;7;0;0;0;1;18;0;;
564940;Chotěšov;386;210;207;24;1;0;15;;;14;21;2;8;;3;2;2;17;;;0;3;64;2;0;6;1;7;1;1;12;1;;
564958;Chotiměř;227;140;139;8;1;0;9;;;14;4;1;3;;5;0;0;10;;;0;4;59;1;1;5;0;1;0;2;11;0;;
564966;Chotiněves;169;110;110;14;0;0;19;;;6;19;1;0;;2;0;0;8;;;0;2;26;0;0;1;0;1;0;1;10;0;;
546810;Chudoslavice;122;81;81;8;0;0;3;;;4;12;0;0;;0;0;0;13;;;0;5;26;0;0;2;0;0;0;1;7;0;;
505528;Jenčice;287;210;210;28;1;0;10;;;11;15;1;2;;4;1;0;17;;;0;9;87;0;0;5;0;0;0;2;17;0;;
546771;Kamýk;130;105;105;14;0;0;8;;;2;7;3;2;;3;0;1;5;;;0;6;32;0;0;2;0;0;0;0;20;0;;
565016;Keblice;300;157;155;14;0;0;14;;;7;18;0;1;;0;0;0;8;;;0;1;74;1;0;2;0;0;1;0;14;0;;
565024;Klapý;402;244;241;14;2;0;8;;;13;29;6;2;;1;1;0;12;;;0;16;108;0;0;6;0;0;1;1;21;0;;
565032;Kleneč;426;273;272;28;3;0;20;;;10;36;4;6;;3;0;0;26;;;2;10;84;0;0;5;0;4;0;0;31;0;;
565059;Kostomlaty pod Řípem;367;174;174;10;0;1;23;;;6;20;3;5;;1;0;0;23;;;0;1;60;0;1;1;0;0;1;1;17;0;;
565067;Krabčice;720;449;446;65;1;0;23;;;13;41;2;3;;7;3;2;37;;;0;25;137;0;1;18;1;2;3;0;62;0;;
565075;Křesín;270;180;180;25;0;0;9;;;2;43;0;0;;2;1;0;13;;;0;4;60;0;0;9;0;1;0;2;8;1;;
565083;Křešice;1 174;673;667;53;2;0;63;;;23;74;9;12;;8;0;0;57;;;0;13;253;1;3;15;0;3;1;3;68;6;;
565091;Kyškovice;235;164;164;18;1;0;10;;;9;15;0;2;;1;0;2;16;;;0;7;52;1;0;2;0;1;0;2;23;2;;
565105;Levín;121;81;79;4;0;0;3;;;3;20;1;0;;1;0;0;3;;;0;8;24;0;0;3;0;1;0;0;8;0;;
565113;Lhotka nad Labem;242;171;171;6;1;0;13;;;13;12;1;1;;0;0;0;16;;;0;5;87;0;0;3;0;0;0;0;12;1;;
565121;Liběšice;1 260;614;610;64;0;0;30;;;16;55;11;9;;6;1;1;46;;;0;17;234;0;1;27;0;1;4;3;81;3;;
565148;Libkovice pod Řípem;433;237;236;15;2;0;6;;;8;25;2;1;;6;1;1;24;;;0;5;86;0;2;10;0;3;0;3;36;0;;
565156;Libochovany;464;270;269;24;1;0;19;;;16;24;5;2;;7;0;0;25;;;0;8;109;2;0;5;0;4;0;3;15;0;;
565164;Libochovice;2 867;1 589;1 580;143;2;0;101;;;53;155;25;6;;33;1;1;128;;;0;79;637;0;1;39;2;7;7;8;148;4;;
565172;Libotenice;340;238;237;12;1;0;11;;;58;21;7;2;;4;1;0;16;;;0;5;84;0;1;1;0;0;1;1;11;0;;
564567;Litoměřice;19 203;11 734;11 660;1 720;19;8;710;;;439;1 012;274;97;;171;15;21;1 333;;;9;573;3 545;11;39;392;1;105;22;25;1 080;39;;
546691;Lkáň;144;80;80;4;1;0;4;;;3;23;0;0;;0;0;1;3;;;0;0;24;1;0;2;0;0;0;0;13;1;;
565211;Lovečkovice;474;301;301;17;1;0;18;;;12;63;5;3;;13;1;2;15;;;0;9;103;0;0;4;0;1;0;3;29;2;;
565229;Lovosice;7 078;3 871;3 851;313;4;6;247;;;122;300;37;35;;46;5;6;286;;;2;148;1 817;3;9;69;0;11;4;15;350;16;;
565237;Lukavec;283;160;158;10;0;0;14;;;4;12;2;0;;1;0;0;6;;;0;5;97;0;0;1;0;0;0;2;4;0;;
565245;Malé Žernoseky;585;405;403;32;0;0;27;;;45;46;7;3;;8;0;3;33;;;0;7;141;1;1;6;0;1;2;1;37;2;;
542491;Malíč;165;100;100;7;1;0;13;;;5;4;1;1;;2;0;0;13;;;0;12;20;0;0;1;0;3;0;1;16;0;;
565253;Martiněves;625;389;387;47;7;0;19;;;16;56;2;4;;7;0;0;35;;;0;24;104;0;0;10;1;0;0;2;53;0;;
542521;Michalovice;124;91;88;6;0;0;2;;;6;10;0;3;;0;0;0;16;;;0;0;28;0;0;1;0;0;0;0;16;0;;
530506;Miřejovice;176;115;114;28;0;0;4;;;6;8;1;0;;1;0;0;10;;;0;6;33;0;0;5;0;4;0;0;8;0;;
565296;Mlékojedy;176;84;82;9;0;0;6;;;5;9;3;2;;2;0;0;10;;;0;1;24;0;0;0;0;0;0;0;10;1;;
565300;Mnetěš;443;314;313;63;0;1;21;;;16;30;4;5;;7;0;0;41;;;1;15;63;0;0;16;0;3;1;0;26;0;;
565318;Mšené-lázně;1 441;869;868;107;2;0;38;;;22;133;13;11;;17;1;1;95;;;0;33;273;1;8;17;0;4;0;4;84;4;;
565342;Nové Dvory;328;200;198;23;0;0;10;;;12;31;0;1;;0;0;0;24;;;0;9;66;0;0;1;0;0;1;1;18;1;;
542440;Oleško;77;49;49;2;2;0;0;;;10;16;1;0;;0;0;0;9;;;0;0;8;0;0;0;0;0;0;1;0;0;;
542539;Píšťany;178;110;110;10;0;0;8;;;6;14;4;0;;3;0;1;5;;;0;4;44;0;0;0;0;0;0;0;9;2;;
565393;Ploskovice;354;217;215;25;1;0;13;;;8;34;1;1;;4;0;0;20;;;0;9;58;0;0;6;0;2;0;1;31;1;;
565415;Podsedice;531;368;367;35;1;0;28;;;15;32;5;4;;3;0;0;26;;;0;8;161;0;2;5;0;2;0;4;36;0;;
565431;Polepy;1 073;610;599;53;1;0;52;;;19;89;8;5;;2;0;2;37;;;1;9;214;0;2;6;0;0;1;2;95;1;;
565458;Prackovice nad Labem;528;322;319;12;2;0;16;;;18;42;3;8;;2;1;0;33;;;0;10;122;1;2;2;0;2;0;0;42;1;;
565474;Přestavlky;207;146;146;9;0;0;17;;;2;24;2;5;;3;0;0;20;;;0;6;33;0;1;4;0;2;1;1;15;1;;
565482;Račice;276;194;194;26;1;0;5;;;11;24;1;5;;8;0;0;15;;;0;6;70;0;0;1;0;1;0;0;19;1;;
565491;Račiněves;430;238;235;22;3;0;14;;;7;31;3;3;;4;0;0;14;;;0;6;84;0;0;13;0;0;0;4;26;1;;
565521;Radovesice;381;219;217;16;0;0;14;;;5;35;6;0;;5;0;1;13;;;0;2;83;0;2;2;0;1;1;1;30;0;;
565547;Rochov;86;58;58;11;0;0;1;;;2;14;3;0;;0;0;0;1;;;0;0;22;1;0;0;0;1;0;0;2;0;;
565555;Roudnice nad Labem;10 057;6 003;5 973;896;10;3;388;;;193;533;99;44;;106;6;8;693;;;8;398;1 634;4;14;180;4;47;4;16;667;18;;
546721;Sedlec;171;105;105;10;0;1;9;;;3;12;2;3;;3;0;0;9;;;1;0;36;0;1;0;0;2;1;0;11;1;;
565598;Siřejovice;233;144;142;12;0;0;17;;;4;21;0;0;;4;0;1;8;;;0;2;59;0;0;2;0;0;0;1;11;0;;
565601;Slatina;217;132;129;16;1;1;7;;;3;19;1;2;;1;0;0;10;;;0;4;44;0;0;4;0;0;0;1;14;1;;
565610;Snědovice;653;335;334;27;0;0;18;;;9;38;5;7;;4;1;0;27;;;1;19;126;0;5;4;0;2;0;2;38;1;;
546828;Staňkovice;41;27;27;12;0;0;1;;;1;0;1;0;;0;0;2;5;;;0;1;2;0;0;0;0;0;0;0;2;0;;
565679;Straškov-Vodochody;837;526;521;74;1;2;25;;;21;85;6;6;;7;0;2;31;;;2;26;150;0;2;13;0;3;0;2;61;2;;
565695;Sulejovice;579;371;367;23;0;1;15;;;9;45;5;4;;5;1;0;34;;;2;13;166;0;1;5;0;0;2;2;34;0;;
565709;Štětí;6 958;3 618;3 585;352;12;0;303;;;91;405;46;30;;141;3;10;266;;;5;106;1 177;5;11;33;1;17;1;16;538;16;;
565717;Terezín;2 377;1 385;1 379;144;6;1;91;;;44;179;22;8;;15;3;3;131;;;1;61;403;2;9;69;1;5;3;6;166;6;;
565741;Travčice;509;331;330;68;2;0;19;;;12;29;3;4;;0;1;0;21;;;0;10;98;2;2;8;0;2;3;1;44;1;;
542407;Trnovany;295;215;214;31;3;1;6;;;9;30;5;1;;3;0;0;20;;;0;7;75;0;0;4;0;0;0;0;18;1;;
565768;Třebenice;1 471;912;909;100;0;1;38;;;41;112;4;9;;10;4;3;70;;;2;32;345;0;5;25;1;6;1;6;94;0;;
565776;Třebívlice;702;435;432;30;1;0;17;;;23;49;2;3;;9;0;1;29;;;1;11;198;0;1;3;0;5;3;7;36;3;;
565792;Třebušín;470;263;258;15;0;0;9;;;20;27;6;2;;9;1;1;34;;;0;7;79;1;1;10;0;2;1;1;32;0;;
565806;Úpohlavy;207;147;147;16;0;0;5;;;10;11;4;0;;2;1;0;15;;;0;3;55;0;2;2;0;0;0;4;17;0;;
565814;Úštěk;2 256;1 290;1 284;115;2;0;64;;;98;192;18;22;;15;5;0;104;;;0;48;381;4;6;14;2;4;2;7;177;4;;
565831;Vědomice;696;505;502;91;0;0;26;;;17;25;8;3;;10;1;0;56;;;4;43;150;2;2;17;0;1;2;3;41;0;;
565849;Velemín;1 270;754;748;94;1;3;48;;;44;114;9;7;;12;3;0;51;;;0;14;277;0;3;8;0;2;1;0;54;3;;
565857;Velké Žernoseky;390;243;236;23;0;0;14;;;18;22;9;5;;1;0;1;21;;;0;1;94;0;0;3;0;4;0;2;17;1;;
565865;Vchynice;253;162;161;8;0;0;8;;;16;16;3;1;;0;0;0;15;;;0;6;60;0;0;9;0;0;0;0;19;0;;
565873;Vlastislav;141;78;78;12;0;1;8;;;4;7;1;0;;0;0;0;5;;;0;5;24;0;0;1;0;0;0;0;9;1;;
565881;Vražkov;332;200;200;21;1;0;20;;;4;34;3;0;;4;0;0;18;;;0;7;61;0;0;1;0;1;1;1;22;1;;
565890;Vrbice;405;248;248;22;0;0;25;;;13;36;1;1;;2;1;1;20;;;0;12;68;0;3;6;0;4;0;3;30;0;;
565903;Vrbičany;262;130;130;4;0;0;2;;;1;18;2;2;;1;1;0;8;;;0;2;80;0;0;0;0;0;0;0;9;0;;
565911;Vrutice;250;130;129;16;0;0;3;;;3;27;0;0;;4;1;0;7;;;1;3;38;0;1;5;0;2;0;2;16;0;;
542482;Záluží;139;99;99;15;1;0;5;;;7;2;0;0;;2;0;0;10;;;0;7;32;0;1;3;0;0;0;0;14;0;;
565938;Žabovřesky nad Ohří;201;141;140;20;2;0;12;;;6;15;2;0;;4;0;0;13;;;0;7;46;0;0;0;0;1;0;0;12;0;;
565946;Žalhostice;402;265;264;25;0;0;8;;;9;30;5;3;;0;0;0;15;;;0;9;120;0;0;1;0;0;0;0;39;0;;
565954;Židovice;295;187;186;38;0;0;8;;;7;16;4;1;;0;0;0;10;;;0;6;68;0;0;0;0;0;0;0;27;1;;
565962;Žitenice;1 235;769;762;91;1;2;36;;;35;75;9;7;;13;0;0;89;;;0;32;236;1;4;15;2;3;1;1;108;1;;
565997;Bitozeves;343;167;165;10;0;0;8;;;3;25;3;0;;0;0;0;14;;;0;2;74;1;0;4;0;0;0;1;19;1;;
566004;Blatno;455;254;252;14;0;0;15;;;7;64;2;4;;4;1;0;13;;;0;6;75;0;0;6;0;0;0;6;33;2;;
566012;Blažim;192;99;99;15;0;0;10;;;3;8;2;4;;6;0;0;6;;;0;9;20;0;0;0;0;0;0;0;14;2;;
566021;Blšany;797;450;449;28;0;0;40;;;7;46;3;4;;3;1;0;35;;;0;6;224;0;1;4;2;0;1;1;41;2;;
542547;Blšany u Loun;251;155;155;19;0;0;10;;;5;16;1;1;;4;1;0;8;;;0;14;54;0;1;0;0;1;0;0;19;1;;
546895;Brodec;74;55;55;3;0;0;4;;;2;11;0;0;;0;0;0;8;;;0;0;25;0;0;0;0;0;0;1;1;0;;
566063;Břvany;260;110;110;1;0;0;5;;;0;13;1;3;;6;0;0;3;;;0;1;52;0;3;0;0;0;0;1;21;0;;
542571;Cítoliby;865;524;520;123;1;0;33;;;5;40;7;1;;2;1;2;46;;;0;22;166;0;2;9;0;1;1;1;56;1;;
530581;Čeradice;237;138;138;16;0;0;6;;;4;21;0;0;;2;1;0;12;;;1;4;42;0;1;4;0;1;1;2;20;0;;
542628;Černčice;1 070;643;643;43;3;2;48;;;21;91;6;6;;5;1;1;36;;;1;28;240;0;2;17;0;3;2;3;84;0;;
566128;Deštnice;151;79;79;2;1;0;7;;;1;7;1;0;;0;0;0;5;;;0;1;35;0;0;2;0;0;0;0;17;0;;
546861;Dobroměřice;1 092;726;721;56;0;0;37;;;17;127;10;14;;9;0;0;57;;;0;33;253;0;5;9;0;6;0;1;83;4;;
566152;Domoušice;527;263;260;32;1;1;26;;;7;27;6;3;;1;1;4;11;;;0;5;92;0;0;4;0;0;0;0;38;1;;
566187;Holedeč;488;311;306;21;0;0;16;;;8;32;2;5;;0;0;0;20;;;0;8;127;0;1;3;0;1;0;0;60;2;;
566195;Hříškov;331;193;190;11;0;0;34;;;8;25;3;0;;2;0;0;17;;;0;5;62;0;0;3;0;4;0;2;14;0;;
566217;Hřivice;516;290;290;23;0;0;22;;;14;31;6;3;;3;0;2;25;;;0;8;112;1;2;6;0;4;1;1;26;0;;
566233;Chlumčany;454;291;290;34;0;0;14;;;4;29;6;4;;1;1;0;14;;;0;23;111;0;1;6;0;2;0;1;36;3;;
566241;Chožov;435;204;203;15;0;0;18;;;5;25;3;3;;1;0;2;21;;;0;5;79;0;0;0;0;0;0;2;24;0;;
546429;Chraberce;100;68;68;10;0;0;2;;;4;10;0;7;;0;1;0;2;;;0;0;21;0;0;2;0;0;1;1;7;0;;
546011;Jimlín;685;385;384;23;0;0;29;;;12;50;7;4;;1;1;0;27;;;0;11;147;0;1;5;0;4;0;3;59;0;;
566284;Koštice;513;309;306;25;0;0;31;;;4;56;4;4;;2;0;0;18;;;0;12;109;0;1;9;0;1;0;1;27;2;;
530557;Kozly;120;73;73;6;0;0;4;;;1;4;0;0;;0;0;0;6;;;0;3;31;0;0;0;0;0;0;8;9;1;;
566306;Krásný Dvůr;556;318;316;29;0;0;21;;;7;46;8;2;;4;0;0;25;;;0;8;115;0;1;5;0;1;0;0;39;5;;
566314;Kryry;1 904;1 065;1 059;71;1;0;58;;;26;156;7;14;;9;2;1;70;;;1;20;390;0;3;17;1;2;0;5;202;3;;
566322;Lenešice;1 143;639;638;86;1;0;35;;;19;58;6;5;;4;1;0;43;;;1;29;259;0;3;14;0;3;0;8;61;2;;
566349;Libčeves;732;400;398;46;1;0;37;;;13;48;3;5;;0;0;0;32;;;1;6;120;0;1;4;0;1;1;18;59;2;;
566357;Liběšice;607;395;394;24;0;0;9;;;7;39;3;2;;8;0;0;10;;;1;13;206;0;0;12;0;3;0;1;54;2;;
530590;Libočany;432;256;254;11;0;1;14;;;3;28;0;5;;3;0;0;14;;;0;6;109;0;2;2;0;1;0;2;52;1;;
566381;Libořice;283;151;151;6;0;0;6;;;2;30;0;4;;2;0;0;9;;;0;1;68;0;0;3;0;1;0;0;18;1;;
566403;Lipno;425;225;224;12;0;0;29;;;5;22;0;1;;1;2;0;21;;;0;3;89;0;2;1;0;3;2;2;27;2;;
566411;Lišany;127;96;96;1;0;0;4;;;1;13;0;0;;0;0;0;2;;;0;1;58;0;2;0;0;0;0;0;14;0;;
546879;Líšťany;379;246;245;20;0;0;26;;;5;27;0;0;;1;0;0;16;;;2;3;119;0;2;2;0;1;1;0;18;2;;
565971;Louny;14 772;8 111;8 051;891;11;3;622;;;254;850;144;48;;78;9;15;635;;;9;522;2 734;5;17;261;2;47;11;23;842;18;;
566438;Lubenec;1 184;670;668;32;2;0;43;;;9;136;4;4;;4;1;0;43;;;2;19;279;1;2;8;0;5;0;2;71;1;;
566454;Měcholupy;818;417;417;30;0;0;28;;;18;66;3;2;;4;2;0;34;;;1;9;148;0;2;9;0;0;1;0;60;0;;
566501;Nepomyšl;320;156;156;17;0;0;8;;;2;17;2;2;;0;0;0;12;;;0;4;67;0;0;0;0;0;0;1;24;0;;
542636;Nová Ves;92;55;55;1;0;0;4;;;2;14;0;1;;0;0;0;0;;;0;3;24;0;1;0;0;1;0;0;3;1;;
566519;Nové Sedlo;835;337;327;22;3;1;17;;;8;40;7;3;;9;1;0;26;;;3;1;122;1;3;2;1;0;0;1;51;5;;
542580;Obora;332;244;243;20;0;1;11;;;1;15;6;1;;6;2;1;18;;;0;18;102;0;1;6;0;0;0;2;31;1;;
566527;Očihov;306;168;164;6;2;0;6;;;5;13;3;3;;0;0;0;5;;;1;4;93;0;0;0;0;0;0;0;22;1;;
542555;Opočno;112;76;76;7;1;0;7;;;2;9;0;4;;0;0;0;6;;;0;3;29;0;0;1;0;1;0;1;5;0;;
566535;Panenský Týnec;354;219;218;28;1;0;17;;;21;26;2;0;;1;0;0;19;;;1;15;60;0;0;5;1;1;0;2;18;0;;
566551;Peruc;1 860;1 092;1 080;125;1;0;76;;;26;138;12;8;;17;1;3;98;;;0;55;379;3;7;16;0;6;0;7;97;5;;
566560;Petrohrad;534;285;281;20;0;0;18;;;7;36;1;1;;2;1;0;15;;;0;2;99;0;3;5;0;3;0;0;66;2;;
566578;Pnětluky;293;181;178;16;0;0;11;;;3;32;2;4;;0;1;1;10;;;0;6;69;0;0;3;0;1;1;1;16;1;;
566586;Počedělice;255;158;158;16;1;0;12;;;4;19;0;4;;0;0;0;9;;;0;8;63;0;0;4;0;0;1;1;15;1;;
566608;Podbořanský Rohozec;129;87;86;5;0;0;8;;;2;11;1;3;;3;0;0;3;;;0;1;39;0;0;0;0;0;0;0;10;0;;
566616;Podbořany;4 982;2 510;2 493;179;4;0;200;;;45;330;22;16;;37;4;0;154;;;2;65;975;5;13;58;4;10;7;10;341;12;;
566624;Postoloprty;3 678;1 626;1 611;100;4;1;115;;;41;147;13;16;;14;1;2;116;;;2;32;754;0;7;16;0;9;0;5;211;5;;
566659;Raná;201;133;133;14;0;0;8;;;3;16;0;1;;4;0;0;9;;;0;5;52;0;0;2;0;1;0;2;16;0;;
566667;Ročov;477;326;323;41;1;0;70;;;4;33;5;6;;1;0;0;16;;;0;5;100;1;0;6;0;1;0;2;31;0;;
566713;Slavětín;434;258;255;31;0;0;13;;;5;31;2;1;;2;0;1;25;;;0;11;95;0;1;7;0;1;0;2;26;1;;
566721;Smolnice;344;206;205;31;1;0;11;;;8;24;5;0;;1;0;0;13;;;1;6;83;0;0;3;0;1;1;0;16;0;;
543128;Staňkovice;766;413;412;20;0;0;23;;;9;50;3;3;;9;0;0;22;;;0;11;165;0;10;2;1;2;2;0;79;1;;
566829;Toužetín;244;123;121;7;0;0;5;;;4;21;3;2;;1;0;0;11;;;0;3;46;0;0;3;0;0;2;0;13;0;;
566853;Tuchořice;561;335;332;15;1;1;17;;;11;40;3;3;;5;0;0;20;;;0;3;163;1;1;7;0;1;2;1;35;2;;
546178;Úherce;65;37;36;3;0;0;5;;;1;5;0;1;;1;0;0;1;;;0;0;11;0;0;2;0;0;0;0;5;1;;
566870;Velemyšleves;261;107;107;3;0;0;5;;;2;11;2;4;;0;1;0;5;;;0;4;35;0;2;2;0;0;0;0;30;1;;
566896;Veltěže;322;150;149;6;0;0;14;;;2;15;2;3;;2;0;0;4;;;1;6;59;0;1;18;0;0;1;2;13;0;;
566918;Vinařice;207;136;134;14;0;1;17;;;1;16;2;1;;1;1;1;10;;;0;4;52;0;1;2;0;1;0;0;9;0;;
566926;Vrbno nad Lesy;153;86;86;16;0;0;7;;;1;7;0;0;;0;0;0;1;;;0;5;37;0;1;2;0;2;0;0;7;0;;
566934;Vroutek;1 536;823;818;50;0;1;37;;;16;92;6;10;;6;0;1;58;;;0;7;358;0;0;7;0;5;0;1;160;3;;
546887;Vršovice;204;134;134;6;0;0;10;;;3;19;4;0;;2;0;0;8;;;0;1;56;0;0;4;0;0;0;0;20;1;;
566951;Výškov;402;199;198;6;0;0;6;;;3;24;2;7;;1;9;0;3;;;0;3;103;0;1;2;0;3;0;1;22;2;;
530603;Zálužice;70;39;39;1;0;0;1;;;1;6;0;0;;0;0;0;3;;;0;0;12;0;3;0;0;0;1;0;8;3;;
566977;Zbrašín;288;191;191;10;1;0;11;;;5;27;6;1;;2;0;0;8;;;1;11;61;0;0;3;0;8;0;1;34;1;;
566985;Žatec;15 271;8 001;7 944;881;14;4;539;;;218;819;93;50;;96;7;9;625;;;1;243;2 961;4;31;143;2;54;10;21;1 083;36;;
530565;Želkovice;77;54;54;2;0;0;1;;;2;3;0;0;;2;0;1;2;;;0;0;19;1;0;0;0;1;0;2;18;0;;
543012;Žerotín;167;114;113;12;0;0;5;;;10;13;0;0;;1;0;0;13;;;0;3;42;0;1;2;0;0;2;1;8;0;;
567019;Žiželice;339;164;162;6;0;0;10;;;3;22;1;3;;1;0;0;9;;;0;0;65;0;1;7;0;2;1;0;30;1;;
567043;Bečov;1 286;489;486;29;2;0;42;;;12;66;2;5;;5;1;1;18;;;0;8;211;0;3;5;0;0;0;1;74;1;;
567051;Bělušice;626;223;223;24;2;0;15;;;6;25;3;12;;3;1;3;17;;;0;2;70;1;2;3;0;1;0;6;19;8;;
567060;Braňany;974;478;474;28;1;0;23;;;8;75;12;9;;2;3;1;26;;;0;3;201;1;4;0;0;4;0;1;71;1;;
567078;Brandov;202;120;120;10;0;0;4;;;2;15;4;1;;2;0;1;10;;;0;2;54;0;1;0;0;0;0;2;12;0;;
567108;Český Jiřetín;78;57;57;5;0;0;5;;;6;5;0;0;;0;0;0;7;;;0;2;19;0;0;1;0;0;0;0;7;0;;
567141;Havraň;480;262;260;7;0;1;46;;;3;23;1;1;;6;0;0;13;;;0;7;96;0;2;2;0;1;1;2;47;1;;
567167;Hora Svaté Kateřiny;361;220;219;22;1;0;12;;;16;17;9;0;;1;0;0;22;;;0;9;83;0;1;2;0;0;0;1;23;0;;
567175;Horní Jiřetín;1 728;879;873;60;4;1;48;;;27;79;73;5;;11;2;1;47;;;0;27;365;0;1;6;0;8;0;6;99;3;;
567191;Klíny;118;78;78;8;0;0;7;;;8;6;0;0;;0;0;1;6;;;0;5;28;0;0;0;0;1;0;0;8;0;;
567221;Korozluky;158;118;118;16;1;0;8;;;7;12;2;0;;0;0;0;13;;;0;2;39;0;0;2;0;0;0;0;16;0;;
567248;Lišnice;169;85;83;11;0;0;10;;;2;12;3;0;;0;0;0;10;;;0;1;25;0;1;0;0;0;0;0;8;0;;
567256;Litvínov;19 357;9 095;9 045;724;25;16;611;;;474;1 038;168;44;;113;4;12;618;;;10;278;3 556;4;27;112;1;48;7;34;1 087;34;;
567264;Lom;2 971;1 526;1 516;135;2;0;100;;;49;179;24;4;;12;0;3;106;;;2;51;515;1;6;15;0;10;2;12;213;75;;
567272;Louka u Litvínova;578;288;285;19;2;0;21;;;12;32;3;4;;2;0;2;19;;;0;8;103;0;1;2;0;3;0;1;47;4;;
567281;Lužice;426;285;283;27;0;0;16;;;7;26;5;0;;3;0;0;24;;;5;12;115;0;3;5;0;0;0;3;31;1;;
567299;Malé Březno;180;104;104;8;1;0;4;;;5;8;2;0;;3;0;0;2;;;0;1;41;0;0;3;0;0;0;3;22;1;;
567302;Mariánské Radčice;346;198;197;9;0;1;10;;;7;48;2;0;;2;0;0;14;;;0;5;79;0;0;0;1;0;1;1;17;0;;
567311;Meziboří;3 903;2 066;2 045;118;3;0;188;;;113;229;33;21;;29;3;3;131;;;3;35;776;1;11;29;0;14;5;13;279;8;;
567027;Most;52 759;24 735;24 620;2 139;60;7;1 720;;;698;2 471;419;168;;317;20;37;1 843;;;34;748;9 832;7;100;246;11;143;26;150;3 345;79;;
567329;Nová Ves v Horách;399;219;217;15;1;0;20;;;13;31;5;6;;9;0;1;16;;;0;6;55;1;2;2;0;4;0;3;25;2;;
567337;Obrnice;1 596;493;493;94;5;0;25;;;3;65;5;9;;3;0;0;21;;;0;9;165;0;6;3;0;5;0;4;71;0;;
567345;Patokryje;373;233;231;34;1;0;14;;;7;22;2;2;;5;0;1;13;;;1;5;92;0;0;3;0;2;0;1;25;1;;
567353;Polerady;191;115;115;10;1;0;10;;;8;13;1;1;;5;0;0;4;;;0;4;42;1;0;3;0;0;0;1;11;0;;
567361;Skršín;199;136;135;11;0;0;8;;;6;13;3;0;;2;0;1;5;;;1;8;55;0;2;4;0;0;0;1;15;0;;
546437;Volevčice;88;52;52;13;0;0;3;;;0;7;0;0;;1;0;0;2;;;0;1;20;0;0;0;0;0;0;0;5;0;;
567426;Želenice;418;232;231;18;2;0;10;;;4;19;7;1;;4;2;0;16;;;0;2;103;0;2;0;0;0;0;4;37;0;;
567451;Bílina;11 953;5 242;5 184;398;13;2;330;;;119;675;58;40;;57;4;14;310;;;5;123;2 109;4;25;46;3;18;4;35;761;31;;
567469;Bořislav;327;195;194;26;0;0;12;;;7;24;2;2;;4;0;1;21;;;0;17;48;0;0;2;0;2;0;2;21;3;;
567477;Bystřany;1 599;926;920;89;3;0;80;;;25;73;13;12;;11;1;4;75;;;1;32;340;0;6;12;1;2;2;3;131;4;;
567485;Bžany;709;420;418;37;0;0;18;;;13;57;5;4;;3;2;1;45;;;0;24;146;1;4;3;0;0;0;2;51;2;;
567507;Dubí;6 268;3 099;3 082;322;3;1;190;;;88;299;41;34;;41;4;4;245;;;9;104;1 168;7;18;43;0;15;8;20;405;13;;
567515;Duchcov;6 641;3 079;3 061;245;2;0;196;;;82;315;34;23;;27;7;10;153;;;8;71;1 288;2;17;40;1;12;11;56;455;6;;
567523;Háj u Duchcova;911;524;519;51;1;0;17;;;42;49;10;2;;9;0;0;22;;;3;12;233;1;0;2;0;2;0;3;58;2;;
567531;Hostomice;954;444;438;23;1;0;32;;;13;66;5;6;;4;1;0;36;;;1;7;171;0;1;2;0;2;0;2;61;4;;
567558;Hrob;1 600;950;945;97;0;1;54;;;22;97;9;10;;15;2;1;69;;;0;34;364;0;3;18;0;4;3;9;130;3;;
567566;Hrobčice;882;467;466;25;2;0;27;;;13;71;7;5;;8;1;2;19;;;0;6;184;0;2;6;0;1;0;2;84;1;;
567582;Jeníkov;725;392;391;48;1;0;16;;;12;28;4;4;;6;0;0;24;;;0;8;164;0;6;6;0;7;3;2;49;3;;
567604;Kladruby;244;131;130;18;0;0;5;;;3;10;2;1;;3;0;1;9;;;0;7;51;1;0;0;0;0;1;0;18;0;;
567612;Kostomlaty pod Milešovkou;739;431;428;27;0;1;22;;;14;53;14;5;;3;0;0;12;;;0;10;188;0;1;8;0;3;3;2;59;3;;
567621;Košťany;2 493;1 308;1 304;102;4;0;80;;;47;129;11;16;;7;6;1;83;;;0;48;538;1;6;13;0;9;4;6;187;6;;
567639;Krupka;10 374;5 045;5 015;428;7;7;601;;;124;414;67;34;;50;5;14;370;;;4;158;1 801;2;25;118;1;24;1;24;716;20;;
567647;Lahošť;520;286;285;21;0;0;15;;;9;32;1;3;;3;0;0;16;;;0;8;137;0;2;0;0;0;1;1;36;0;;
567655;Ledvice;430;213;211;8;0;0;4;;;12;37;3;3;;2;0;0;17;;;3;3;75;0;1;2;0;0;1;1;39;0;;
546909;Lukov;113;72;71;2;0;0;2;;;2;4;2;2;;1;0;0;7;;;0;4;39;0;0;0;0;0;0;1;5;0;;
567698;Měrunice;260;138;138;6;0;1;6;;;6;11;2;2;;1;0;0;10;;;1;3;63;0;1;10;0;1;1;2;11;0;;
567701;Mikulov;177;124;124;28;0;0;7;;;4;2;1;1;;1;0;2;12;;;0;7;40;0;0;1;0;1;1;0;16;0;;
567710;Modlany;816;528;523;54;0;2;21;;;25;33;10;5;;4;2;3;51;;;0;18;192;1;0;5;0;0;0;0;93;4;;
567728;Moldava;133;81;81;8;0;0;5;;;4;7;3;0;;3;0;0;13;;;0;5;16;0;1;3;0;0;0;0;13;0;;
567752;Novosedlice;1 765;932;927;94;0;0;77;;;24;77;14;11;;10;2;4;89;;;1;34;312;0;2;10;1;5;2;7;145;6;;
567761;Ohníč;598;332;330;35;2;0;24;;;11;54;6;5;;2;0;0;26;;;1;12;111;0;4;3;0;2;0;1;29;2;;
567779;Osek;3 989;2 078;2 063;133;4;0;139;;;54;244;23;21;;18;1;3;148;;;1;68;885;0;10;24;0;16;10;6;249;6;;
567787;Proboštov;2 136;1 339;1 328;210;0;1;45;;;87;88;20;6;;18;1;1;111;;;0;63;427;1;6;70;1;7;1;6;156;2;;
567809;Rtyně nad Bílinou;643;395;392;22;1;1;25;;;17;44;4;4;;10;0;1;33;;;0;10;136;0;0;7;0;2;0;0;70;5;;
567833;Srbice;306;201;201;28;0;0;8;;;2;18;1;0;;1;0;1;14;;;0;11;81;0;0;2;0;0;0;0;34;0;;
567841;Světec;795;407;406;24;0;0;35;;;17;48;6;1;;5;0;0;14;;;0;8;157;0;2;8;0;0;3;4;74;0;;
567442;Teplice;39 531;20 441;20 313;2 388;19;10;1 292;;;565;1 509;348;181;;241;32;43;1 987;;;16;1 011;7 549;13;60;391;5;114;29;66;2 369;75;;
567850;Újezdeček;731;335;334;44;0;0;16;;;4;42;2;8;;6;0;0;25;;;0;9;132;0;3;1;0;0;0;3;39;0;;
567868;Zabrušany;936;511;511;45;1;0;26;;;12;50;1;8;;5;0;1;35;;;0;16;212;0;2;7;0;3;1;2;81;3;;
567876;Žalany;424;275;275;45;1;0;10;;;12;25;3;4;;4;0;0;29;;;0;13;82;0;3;6;0;0;0;0;37;1;;
567884;Žim;149;102;101;6;0;0;7;;;1;12;1;0;;2;0;0;13;;;0;6;37;0;2;2;0;0;0;1;11;0;;
567931;Dolní Zálezly;462;316;314;39;0;0;14;;;21;35;4;1;;2;0;3;28;;;0;14;102;0;0;6;0;2;1;1;36;5;;
567957;Habrovany;182;101;100;5;0;0;4;;;2;19;0;0;;3;2;0;1;;;0;2;42;0;1;2;0;1;1;1;14;0;;
567973;Homole u Panny;315;199;197;25;0;1;12;;;2;22;1;1;;1;0;0;19;;;0;5;86;0;0;1;0;1;0;0;20;0;;
568007;Chabařovice;2 014;1 120;1 111;109;1;4;60;;;47;105;22;15;;12;1;6;80;;;1;34;410;1;3;30;1;5;2;1;151;10;;
568015;Chlumec;3 591;2 064;2 054;189;3;0;122;;;115;188;25;20;;36;1;7;175;;;2;79;786;3;11;21;0;18;2;9;222;20;;
568023;Chuderov;832;523;520;84;1;0;29;;;22;36;6;2;;10;1;2;49;;;0;26;169;2;1;9;0;2;1;1;67;0;;
568058;Libouchec;1 486;903;899;103;1;3;55;;;33;103;19;10;;17;1;3;75;;;4;9;311;0;3;4;0;4;0;2;136;3;;
568091;Malé Březno;442;229;228;27;0;0;14;;;9;15;1;1;;2;0;0;17;;;0;4;108;0;0;2;0;0;1;0;26;1;;
568104;Malečov;650;400;395;38;0;0;13;;;11;59;14;2;;3;0;10;33;;;0;26;128;0;2;9;0;1;1;1;40;4;;
568147;Petrovice;569;302;300;22;0;0;9;;;13;44;7;2;;2;1;1;31;;;1;8;108;1;3;3;0;3;0;3;33;5;;
568155;Povrly;1 827;974;972;86;1;0;63;;;37;89;14;11;;10;1;1;77;;;3;35;375;15;2;8;0;7;2;6;122;7;;
530620;Přestanov;305;229;228;30;0;0;11;;;10;17;2;0;;5;0;1;17;;;0;5;92;0;0;3;0;2;1;2;29;1;;
546186;Ryjice;198;131;130;8;0;0;10;;;9;18;0;2;;0;0;0;7;;;0;2;35;0;1;1;0;0;2;2;33;0;;
568201;Řehlovice;1 114;641;638;71;4;2;28;;;25;60;6;6;;1;3;1;52;;;1;20;243;0;1;16;0;4;0;5;87;2;;
546925;Stebno;395;228;227;11;0;0;9;;;11;27;4;1;;0;1;0;19;;;0;0;103;0;0;1;0;1;1;0;37;1;;
568287;Tašov;107;74;74;5;0;0;15;;;1;3;0;0;;0;0;0;4;;;0;2;35;0;0;0;0;0;0;0;9;0;;
568295;Telnice;574;380;378;19;0;1;9;;;12;35;6;2;;3;2;1;34;;;0;13;162;0;3;2;0;0;2;1;67;4;;
568309;Tisá;761;520;516;101;2;0;20;;;23;42;17;2;;7;0;4;63;;;1;41;125;0;3;9;0;4;0;1;51;0;;
553697;Trmice;2 443;939;922;47;4;0;77;;;92;96;34;13;;8;2;4;59;;;1;17;299;1;4;12;0;3;0;3;143;3;;
554804;Ústí nad Labem;73 030;37 753;37 519;3 485;46;40;2 372;;;1 441;3 276;657;210;;570;43;201;3 577;;;28;1 742;13 646;64;129;710;5;313;50;176;4 540;198;;
568350;Velké Březno;1 794;1 097;1 095;117;3;1;57;;;37;65;10;11;;19;0;0;70;;;2;48;462;1;0;18;1;13;0;7;151;2;;
555223;Velké Chvojno;647;406;405;44;0;0;11;;;19;48;11;5;;8;0;1;31;;;0;17;128;1;1;4;0;3;1;3;69;0;;
568384;Zubrnice;200;138;137;16;0;0;11;;;8;23;1;2;;1;1;0;11;;;0;6;39;0;0;1;0;0;0;4;13;0;;
561398;Bezděz;299;169;169;24;0;0;3;;;26;12;4;2;;1;0;0;8;;;0;4;51;0;0;3;0;0;0;0;31;0;;
561401;Blatce;109;78;76;12;0;0;1;;;8;8;1;2;;0;0;0;15;;;0;5;21;0;0;1;0;0;0;0;2;0;;
561410;Blíževedly;491;215;215;26;0;0;13;;;12;24;1;4;;0;0;1;14;;;0;10;72;0;0;1;0;2;0;2;33;0;;
561428;Bohatice;162;96;95;8;0;0;3;;;14;8;4;1;;4;0;0;16;;;0;1;17;0;0;2;0;1;0;1;13;2;;
561444;Brniště;1 064;521;517;20;0;0;30;;;62;79;5;6;;17;0;0;25;;;0;9;167;1;2;11;1;1;4;6;69;2;;
561479;Cvikov;3 637;1 912;1 905;207;5;0;125;;;172;189;29;20;;32;2;3;179;;;0;44;592;2;10;45;0;9;1;1;229;9;;
561380;Česká Lípa;29 229;14 694;14 598;1 235;10;10;961;;;1 361;1 127;249;103;;210;15;28;1 626;;;11;485;4 773;23;25;220;18;76;18;23;1 945;46;;
561495;Doksy;4 303;2 484;2 460;284;2;0;162;;;231;161;34;19;;23;1;6;293;;;0;98;810;3;6;39;3;17;1;2;259;6;;
561533;Dubá;1 417;802;792;67;1;0;27;;;87;82;8;7;;7;5;0;67;;;2;34;248;2;2;26;0;6;2;2;108;2;;
561541;Dubnice;518;325;322;10;0;0;22;;;56;38;4;5;;0;0;0;26;;;0;3;113;0;0;2;1;1;0;1;40;0;;
544337;Hamr na Jezeře;350;206;205;16;0;0;20;;;37;16;0;1;;1;0;1;15;;;0;8;60;0;1;2;0;0;1;0;25;1;;
561584;Holany;423;207;204;11;0;0;14;;;21;23;2;5;;3;0;0;10;;;0;9;75;0;0;3;0;1;1;0;24;2;;
561592;Horní Libchava;576;396;396;52;0;0;19;;;40;27;8;3;;3;0;1;35;;;0;12;123;1;2;6;0;0;0;1;63;0;;
561606;Horní Police;546;329;324;24;0;0;20;;;34;50;2;1;;3;0;0;31;;;0;7;100;0;3;9;0;2;0;0;38;0;;
561614;Chlum;204;102;101;7;0;0;9;;;23;16;3;1;;5;0;0;10;;;0;1;13;0;0;0;0;0;1;0;12;0;;
561622;Chotovice;136;95;94;8;1;0;4;;;30;12;1;0;;1;0;0;8;;;0;3;16;0;0;1;0;0;0;0;9;0;;
561665;Jestřebí;672;337;336;14;2;0;25;;;37;22;2;1;;6;0;0;32;;;0;8;128;0;2;6;0;3;2;1;44;1;;
561681;Kamenický Šenov;3 138;1 631;1 615;110;2;0;119;;;218;133;18;14;;42;4;5;130;;;3;39;533;0;8;26;1;7;1;8;182;12;;
546232;Kozly;119;89;89;3;0;1;5;;;15;9;1;2;;2;0;0;7;;;0;0;30;0;0;1;0;0;2;0;10;1;;
561720;Kravaře;630;326;324;25;0;0;16;;;31;43;6;4;;4;0;1;30;;;1;7;108;0;1;2;0;1;0;0;40;4;;
561738;Krompach;158;122;122;13;0;0;4;;;23;9;3;0;;0;0;0;18;;;0;11;34;0;1;2;0;1;0;0;2;1;;
561746;Kunratice u Cvikova;482;276;276;15;0;2;19;;;43;45;1;5;;0;0;0;20;;;0;2;95;1;2;0;0;0;0;1;20;5;;
546259;Kvítkov;185;112;112;8;0;0;15;;;9;16;0;1;;0;0;0;8;;;0;0;37;0;0;0;0;0;0;0;17;1;;
514161;Luka;82;42;42;5;0;0;3;;;10;5;1;0;;0;0;0;4;;;0;2;9;0;0;0;0;0;0;0;3;0;;
561827;Mařenice;268;179;177;20;1;1;10;;;23;20;0;0;;2;1;0;13;;;0;4;55;0;0;1;0;0;0;0;26;0;;
561835;Mimoň;5 204;2 715;2 690;162;4;2;169;;;236;291;32;22;;37;3;4;255;;;3;57;984;3;8;30;6;9;1;7;357;8;;
561851;Noviny pod Ralskem;249;177;177;14;0;0;11;;;27;37;0;1;;0;0;1;10;;;0;2;47;0;3;3;0;0;0;0;21;0;;
561860;Nový Bor;9 691;5 700;5 667;486;10;4;364;;;843;369;78;38;;87;7;9;552;;;5;229;1 774;7;12;53;6;36;14;22;635;27;;
561878;Nový Oldřichov;641;403;401;23;0;0;18;;;113;39;5;13;;3;0;0;35;;;0;3;113;0;0;0;0;1;2;0;33;0;;
561886;Okna;260;179;178;11;0;0;9;;;25;27;3;2;;0;0;0;8;;;0;1;54;0;2;9;0;0;0;0;27;0;;
561894;Okrouhlá;493;340;337;45;0;0;13;;;67;10;1;3;;2;2;0;30;;;1;14;93;3;0;6;0;4;3;0;38;2;;
514276;Pertoltice pod Ralskem;317;182;182;8;0;0;5;;;30;28;3;1;;1;0;0;8;;;0;2;75;1;0;1;0;0;0;2;17;0;;
561959;Polevsko;327;220;218;13;0;0;9;;;61;9;1;1;;0;0;0;24;;;0;11;56;0;0;4;0;0;1;1;27;0;;
561983;Provodín;608;327;325;29;0;0;23;;;19;24;6;3;;9;0;0;22;;;1;2;140;1;0;6;0;2;1;1;35;1;;
561991;Prysk;360;250;241;18;0;0;11;;;65;12;2;4;;8;0;0;15;;;0;14;59;0;0;0;0;0;0;0;33;0;;
530387;Radvanec;173;116;115;17;1;0;4;;;18;4;3;2;;3;0;0;11;;;0;5;33;0;0;4;0;0;0;0;10;0;;
562017;Ralsko;1 533;574;567;35;1;0;36;;;26;140;1;5;;7;1;1;33;;;1;11;165;3;6;3;1;2;2;2;85;0;;
562025;Skalice u České Lípy;1 242;709;707;63;4;0;25;;;120;35;4;1;;2;2;0;52;;;0;26;269;1;0;7;1;4;0;1;88;2;;
513890;Skalka u Doks;138;83;83;6;0;0;2;;;3;5;1;9;;0;0;0;14;;;0;2;31;0;0;0;0;0;0;0;10;0;;
562050;Sloup v Čechách;640;392;390;44;0;1;15;;;52;32;7;4;;3;0;0;46;;;0;19;116;2;1;10;0;2;0;3;29;4;;
546275;Slunečná;111;76;76;6;0;0;2;;;6;5;1;1;;2;0;0;9;;;0;3;27;0;2;2;0;0;0;2;8;0;;
562076;Sosnová;584;370;369;45;0;0;22;;;46;23;4;1;;7;0;2;41;;;1;23;110;0;0;9;1;4;0;0;30;0;;
562092;Stráž pod Ralskem;3 433;1 806;1 790;121;3;3;112;;;167;185;24;25;;23;8;2;174;;;3;39;616;4;9;12;0;16;9;17;208;10;;
562106;Stružnice;813;448;447;45;0;1;23;;;46;50;2;5;;7;0;0;34;;;0;9;158;0;0;8;0;0;0;1;58;0;;
562114;Stvolínky;261;128;128;12;0;0;5;;;14;10;6;2;;2;0;0;8;;;0;4;36;0;0;2;0;0;0;2;25;0;;
546283;Svojkov;194;140;138;31;0;0;2;;;35;2;0;1;;1;0;0;13;;;0;6;27;0;0;2;0;0;0;0;16;2;;
562131;Svor;541;349;347;31;0;1;15;;;69;30;7;1;;2;0;0;39;;;0;9;83;0;0;6;1;3;0;1;46;3;;
553638;Tachov;145;68;68;5;0;0;3;;;12;6;2;0;;1;0;0;1;;;0;0;23;0;0;0;1;1;0;0;13;0;;
546267;Tuhaň;218;127;126;4;0;0;9;;;13;20;1;3;;0;0;0;4;;;0;4;42;0;3;2;0;1;0;2;17;1;;
562173;Velenice;158;96;96;4;0;0;3;;;22;10;4;1;;2;0;0;6;;;0;2;34;1;0;0;0;0;0;0;6;1;;
562203;Velký Valtinov;159;99;99;10;0;0;5;;;14;8;0;1;;4;0;0;8;;;0;1;36;0;0;0;0;1;0;0;11;0;;
562220;Volfartice;540;282;282;21;0;1;11;;;28;26;3;2;;3;2;2;14;;;1;8;103;0;1;2;0;4;2;0;46;2;;
562238;Vrchovany;81;50;50;1;0;0;11;;;3;7;0;0;;0;0;0;6;;;0;0;12;0;0;0;0;0;0;0;10;0;;
562246;Zahrádky;569;344;339;39;0;0;15;;;35;26;4;3;;6;0;1;30;;;0;14;105;0;1;7;0;1;0;0;50;2;;
562262;Zákupy;2 267;1 242;1 233;57;1;0;60;;;319;132;6;4;;16;1;3;81;;;0;40;333;0;6;10;0;7;1;4;149;3;;
562297;Žandov;1 578;773;759;72;1;0;46;;;91;115;14;5;;9;1;0;60;;;1;19;210;0;2;17;0;5;2;3;82;4;;
514195;Ždírec;98;66;66;1;0;0;2;;;13;14;1;2;;0;0;0;5;;;0;1;20;0;0;0;0;0;0;0;7;0;;
563528;Albrechtice v Jizerských horách;277;211;210;37;0;0;9;;;12;11;9;1;;0;0;0;40;;;0;16;45;0;0;6;0;1;1;0;21;1;;
563536;Bedřichov;304;237;233;66;0;0;4;;;32;8;4;0;;3;0;2;38;;;0;17;42;0;0;5;0;2;1;0;9;0;;
530425;Dalešice;147;107;107;10;0;1;9;;;11;5;2;0;;2;1;0;13;;;0;7;27;0;0;3;0;1;0;0;14;1;;
563552;Desná;2 542;1 360;1 342;68;1;2;55;;;197;129;11;23;;11;1;3;163;;;1;42;410;0;2;21;1;9;0;2;182;8;;
563561;Držkov;479;305;302;37;1;0;19;;;29;25;1;3;;3;0;0;39;;;0;3;92;0;2;9;2;2;0;0;33;2;;
563579;Frýdštejn;717;501;500;56;0;0;30;;;93;20;8;9;;13;0;1;50;;;0;25;158;0;0;5;0;0;0;2;29;1;;
563510;Jablonec nad Nisou;36 043;21 505;21 341;2 786;17;16;1 201;;;1 593;1 111;294;166;;366;24;20;3 258;;;19;1 029;6 358;21;40;318;13;151;30;42;2 393;75;;
563595;Janov nad Nisou;1 076;653;649;82;0;0;19;;;69;20;7;3;;14;1;1;109;;;2;41;198;1;2;7;1;4;3;1;64;0;;
563609;Jenišovice;878;571;569;62;3;1;28;;;93;35;9;6;;11;1;0;73;;;0;26;143;1;0;17;0;2;0;3;54;1;;
563617;Jílové u Držkova;168;108;106;6;0;0;0;;;15;9;0;5;;1;0;1;6;;;0;4;32;0;0;3;0;0;2;0;19;3;;
546585;Jiřetín pod Bukovou;432;274;271;18;0;1;19;;;24;18;1;4;;2;0;2;20;;;3;7;115;0;1;4;0;0;3;0;28;1;;
563633;Josefův Důl;772;464;462;72;2;0;28;;;40;35;2;6;;5;1;2;67;;;0;23;136;0;0;8;0;3;0;0;30;2;;
563641;Koberovy;850;618;614;84;0;3;43;;;78;20;5;1;;10;0;0;100;;;0;39;157;0;0;15;0;1;4;0;52;2;;
563668;Kořenov;867;555;552;80;0;0;13;;;90;47;6;6;;12;1;0;50;;;33;28;116;2;4;13;3;6;0;2;40;0;;
563676;Líšný;235;147;146;17;1;0;15;;;23;8;3;5;;0;0;0;11;;;0;11;29;0;0;3;0;0;0;0;20;0;;
563684;Loužnice;189;138;134;20;0;0;9;;;20;8;0;1;;4;0;0;19;;;0;8;34;0;0;4;0;0;1;0;6;0;;
563692;Lučany nad Nisou;1 512;938;929;107;0;0;42;;;97;59;12;13;;13;0;1;132;;;0;45;255;1;1;15;0;3;0;1;128;4;;
563706;Malá Skála;1 002;743;737;129;1;1;23;;;141;35;14;8;;13;0;0;94;;;1;54;153;0;1;11;0;5;1;2;49;1;;
563714;Maršovice;456;324;322;38;0;0;15;;;30;18;3;2;;13;1;1;57;;;0;12;94;0;0;0;0;1;1;0;36;0;;
563731;Nová Ves nad Nisou;645;414;413;66;1;0;21;;;19;24;5;1;;7;0;0;70;;;1;17;117;0;2;10;0;5;2;1;44;0;;
563749;Pěnčín;1 502;1 009;1 008;113;1;2;46;;;106;112;10;9;;12;1;0;157;;;2;39;266;2;1;8;0;5;1;1;112;2;;
563757;Plavy;833;500;497;57;1;0;26;;;61;28;4;14;;7;1;0;56;;;0;14;130;1;3;5;0;7;1;1;78;2;;
546577;Pulečný;325;212;212;21;0;0;7;;;15;8;4;1;;10;0;0;48;;;2;16;50;0;2;4;0;0;0;0;23;1;;
563773;Radčice;130;98;98;20;0;0;5;;;9;12;1;0;;1;0;0;14;;;0;5;20;0;0;0;0;0;0;0;9;2;;
563781;Rádlo;670;459;455;47;0;1;14;;;79;29;5;5;;12;1;0;71;;;1;17;124;2;0;6;0;1;1;2;36;1;;
563790;Rychnov u Jablonce nad Nisou;2 109;1 406;1 396;202;1;0;80;;;162;61;22;21;;20;0;3;184;;;5;66;392;0;4;12;0;13;1;2;142;3;;
563803;Skuhrov;455;331;327;24;0;3;15;;;49;17;7;1;;3;0;1;41;;;0;15;109;0;0;4;0;1;0;0;37;0;;
563811;Smržovka;2 911;1 737;1 722;290;2;1;82;;;121;102;13;26;;24;3;2;238;;;2;55;477;1;2;37;2;18;5;1;216;2;;
563820;Tanvald;5 069;2 721;2 693;248;3;2;182;;;197;246;29;25;;39;1;4;282;;;5;78;843;4;4;39;0;29;3;5;407;18;;
563838;Velké Hamry;2 192;1 164;1 153;123;0;0;57;;;113;107;9;9;;7;1;2;120;;;1;39;372;0;5;9;0;26;3;6;139;5;;
563846;Vlastiboř;112;71;70;5;0;0;8;;;16;8;0;0;;0;0;0;6;;;0;3;16;0;0;2;0;1;0;0;4;1;;
563854;Zásada;723;498;492;60;0;0;23;;;63;31;5;7;;3;1;0;59;;;0;35;123;0;0;20;1;5;1;1;53;1;;
563862;Zlatá Olešnice;418;301;299;30;0;0;13;;;40;30;1;4;;3;0;2;56;;;0;11;67;0;0;0;1;9;1;1;27;3;;
563871;Železný Brod;4 852;3 010;2 984;309;3;3;159;;;413;191;26;28;;33;4;10;396;;;1;192;768;2;7;72;2;24;6;3;323;9;;
563901;Bílá;718;452;449;30;1;0;37;;;71;23;5;1;;7;0;1;51;;;0;9;137;0;2;11;2;5;1;1;51;3;;
563919;Bílý Kostel nad Nisou;785;523;518;24;7;1;9;;;138;49;3;4;;12;0;0;34;;;0;12;163;1;0;1;0;1;0;0;59;0;;
546631;Bílý Potok;571;273;272;19;1;0;21;;;28;15;7;0;;0;1;0;27;;;0;14;100;0;0;8;0;1;0;0;28;2;;
563935;Bulovka;694;307;307;15;0;0;27;;;40;44;0;5;;3;0;0;14;;;0;6;99;1;1;0;0;4;0;1;45;2;;
563943;Cetenov;90;59;59;6;0;0;2;;;10;3;0;0;;0;0;0;4;;;0;2;17;0;0;0;0;0;0;0;15;0;;
545996;Černousy;255;122;121;8;0;0;5;;;15;15;2;1;;0;0;0;3;;;0;2;37;0;0;5;0;0;0;2;23;3;;
563960;Český Dub;2 127;1 338;1 331;117;3;0;78;;;184;120;20;4;;35;4;3;142;;;0;29;382;1;4;38;2;2;3;0;157;3;;
544531;Čtveřín;401;261;258;22;0;2;11;;;34;11;2;3;;3;0;1;34;;;1;7;87;0;0;2;0;2;1;0;34;1;;
546607;Dětřichov;540;282;281;12;0;0;13;;;50;28;1;3;;6;2;0;12;;;1;1;97;0;4;1;2;0;0;0;45;3;;
530468;Dlouhý Most;697;442;442;43;1;0;21;;;61;28;10;5;;8;0;3;50;;;0;12;131;1;0;9;1;1;0;1;53;3;;
563994;Dolní Řasnice;415;229;227;19;0;0;8;;;34;17;2;1;;1;0;0;15;;;0;5;82;1;0;1;0;0;0;0;40;1;;
564028;Frýdlant;5 968;3 326;3 306;409;2;0;242;;;346;270;39;25;;30;4;8;237;;;0;98;1 090;0;22;56;1;17;3;5;393;9;;
564036;Habartice;385;238;237;8;0;0;15;;;41;24;1;0;;1;0;0;9;;;0;7;92;0;2;1;0;1;1;0;34;0;;
564044;Hejnice;2 224;1 280;1 264;102;2;0;88;;;242;79;19;9;;15;0;4;93;;;0;39;383;2;5;26;0;3;5;4;140;4;;
544353;Heřmanice;229;158;157;17;0;0;7;;;35;18;1;0;;1;0;0;7;;;0;0;46;0;0;0;0;0;0;3;22;0;;
564052;Hlavice;193;147;147;13;0;0;13;;;16;21;5;1;;1;0;0;13;;;0;3;33;0;0;6;0;0;0;0;20;2;;
564061;Hodkovice nad Mohelkou;2 251;1 416;1 408;124;2;0;86;;;144;96;23;16;;11;0;0;173;;;0;48;481;0;5;24;1;10;2;0;160;2;;
564079;Horní Řasnice;184;99;99;2;0;1;8;;;26;14;1;1;;0;0;1;6;;;0;3;24;1;2;0;0;0;0;0;9;0;;
564095;Hrádek nad Nisou;6 087;3 449;3 432;164;4;1;136;;;982;270;25;21;;30;4;2;197;;;2;36;1 049;1;11;29;1;29;0;4;427;7;;
564109;Chotyně;782;466;464;18;0;0;15;;;142;33;3;3;;6;0;1;25;;;1;9;146;1;0;3;0;3;0;0;55;0;;
564117;Chrastava;4 913;2 836;2 816;195;16;1;152;;;625;178;17;24;;36;5;5;263;;;1;56;843;3;9;27;1;9;0;10;333;7;;
561631;Jablonné v Podještědí;2 901;1 666;1 652;114;5;0;104;;;218;147;13;15;;11;1;2;163;;;0;47;589;0;3;30;2;9;8;6;157;8;;
561657;Janovice v Podještědí;85;66;65;0;0;0;2;;;10;6;0;0;;0;0;0;5;;;0;0;31;0;0;2;0;0;0;0;9;0;;
546658;Janův Důl;130;98;98;15;0;0;4;;;19;5;0;3;;0;0;0;7;;;0;1;33;0;0;3;1;0;1;0;4;2;;
530484;Jeřmanice;395;259;257;23;0;0;5;;;43;7;8;2;;2;1;0;31;;;0;19;89;0;1;1;0;1;1;1;22;0;;
564133;Jindřichovice pod Smrkem;527;275;274;15;0;0;7;;;109;31;6;0;;3;0;0;22;;;0;6;48;0;0;3;0;4;1;0;19;0;;
564141;Kobyly;285;194;192;11;0;0;16;;;41;5;2;2;;6;0;0;21;;;1;2;53;0;3;0;0;1;0;1;26;1;;
564168;Krásný Les;390;234;232;19;0;0;13;;;45;17;3;4;;2;0;0;13;;;0;11;60;0;0;4;0;0;0;0;41;0;;
564176;Kryštofovo Údolí;272;215;215;20;0;0;7;;;37;4;3;1;;4;0;0;26;;;0;16;59;0;1;2;0;3;0;1;31;0;;
564184;Křižany;673;400;397;43;0;0;20;;;49;28;7;1;;5;0;0;30;;;1;8;146;0;0;2;0;4;0;1;52;0;;
530433;Kunratice;298;181;179;3;5;0;13;;;50;17;0;1;;0;0;0;4;;;0;0;48;0;2;2;0;0;0;2;32;0;;
564206;Lázně Libverda;423;270;268;22;0;0;19;;;23;22;2;1;;2;0;0;25;;;0;9;93;2;1;12;0;2;0;0;33;0;;
545937;Lažany;185;134;129;16;0;0;21;;;11;16;2;2;;0;0;0;18;;;0;2;28;0;0;2;0;0;0;1;10;0;;
563889;Liberec;80 049;49 238;48 915;5 013;69;59;2 708;;;6 075;2 363;943;292;;811;32;172;6 068;;;27;2 699;15 135;66;80;890;24;347;88;42;4 790;122;;
564231;Mníšek;1 170;740;733;87;1;2;38;;;111;62;10;1;;7;0;1;68;;;1;43;179;0;0;11;0;4;2;5;99;1;;
546593;Nová Ves;696;379;378;30;0;0;12;;;44;27;4;5;;10;1;2;31;;;0;9;138;0;3;2;0;3;3;0;53;1;;
564265;Nové Město pod Smrkem;2 959;1 387;1 377;122;2;0;98;;;152;162;13;13;;15;1;1;83;;;0;24;477;0;5;16;0;11;0;5;173;4;;
564281;Oldřichov v Hájích;564;362;360;18;1;2;14;;;47;19;12;6;;4;0;0;39;;;0;31;111;0;1;5;0;2;2;0;46;0;;
564290;Osečná;920;596;591;37;3;0;73;;;57;49;6;2;;13;1;0;51;;;0;13;204;0;0;10;0;6;1;0;64;1;;
545953;Paceřice;261;184;183;13;0;0;14;;;41;15;1;3;;2;0;0;16;;;0;10;42;1;3;1;0;4;0;0;17;0;;
564303;Pěnčín;536;431;431;45;1;1;28;;;54;31;7;2;;14;0;0;34;;;0;26;118;2;0;6;0;2;1;4;52;3;;
564311;Pertoltice;223;107;106;9;0;0;3;;;17;19;1;2;;4;0;0;4;;;0;1;33;0;3;1;0;0;0;0;8;1;;
544345;Proseč pod Ještědem;300;217;216;17;0;0;10;;;24;19;1;2;;5;0;1;32;;;1;6;64;0;0;3;0;2;2;0;27;0;;
564354;Příšovice;1 030;654;645;68;0;0;40;;;69;45;5;7;;4;0;1;60;;;0;22;214;1;4;6;0;2;0;0;95;2;;
544582;Radimovice;252;192;192;31;0;0;6;;;35;5;0;1;;4;1;1;32;;;0;10;48;0;0;5;0;0;0;0;12;1;;
564371;Raspenava;2 288;1 202;1 195;71;2;0;79;;;154;113;14;2;;13;0;2;80;;;0;33;410;0;8;21;1;1;7;7;171;6;;
564397;Rynoltice;636;387;386;26;2;1;11;;;74;45;4;7;;5;0;0;44;;;2;18;93;1;4;5;0;1;0;1;42;0;;
564401;Soběslavice;128;83;83;17;0;0;4;;;7;0;2;0;;8;0;0;12;;;0;6;16;0;0;0;0;0;0;0;10;1;;
544477;Stráž nad Nisou;1 807;1 222;1 215;135;5;2;53;;;166;65;18;11;;26;1;7;126;;;0;55;392;3;1;19;0;10;3;1;113;3;;
564427;Světlá pod Ještědem;769;549;545;59;0;2;11;;;85;26;7;7;;9;0;1;78;;;0;34;165;0;0;16;0;2;2;0;41;0;;
564435;Svijanský Újezd;344;237;237;28;0;0;22;;;30;10;1;2;;3;0;0;32;;;0;10;51;0;0;0;0;0;1;1;41;5;;
564443;Svijany;244;159;158;19;0;0;14;;;29;3;1;0;;4;0;0;9;;;0;4;56;0;1;2;0;1;0;0;15;0;;
564451;Sychrov;167;108;106;16;0;0;3;;;34;1;2;0;;0;1;0;13;;;0;5;21;0;0;1;0;0;0;0;9;0;;
564460;Šimonovice;850;627;625;99;0;0;30;;;102;20;10;2;;12;0;1;72;;;1;49;149;0;2;12;0;5;2;0;54;3;;
564494;Višňová;1 102;598;591;40;1;0;42;;;91;96;2;4;;1;1;0;31;;;0;5;197;0;1;5;0;1;0;0;73;0;;
564516;Vlastibořice;257;193;193;20;2;0;8;;;24;12;2;10;;5;0;0;28;;;0;8;53;0;0;2;0;1;1;1;16;0;;
564532;Všelibice;465;290;289;22;0;0;22;;;20;30;2;2;;2;1;0;33;;;0;7;109;0;0;4;0;0;1;0;34;0;;
564541;Zdislava;228;131;126;8;0;0;10;;;18;8;1;0;;0;0;0;12;;;0;4;44;0;2;6;1;2;1;0;9;0;;
544604;Žďárek;128;87;87;17;0;0;2;;;15;3;2;0;;0;0;0;21;;;0;3;20;0;0;0;0;0;0;0;4;0;;
576972;Bělá;221;164;163;14;0;0;12;;;22;4;2;0;;4;0;0;25;;;0;4;52;1;0;6;0;0;1;0;14;2;;
576981;Benecko;900;678;673;85;2;1;26;;;99;37;12;5;;9;0;5;76;;;1;28;137;1;4;47;0;5;2;4;84;3;;
576999;Benešov u Semil;687;445;443;25;0;0;21;;;94;30;7;6;;10;0;0;47;;;0;8;120;0;1;9;0;2;1;0;60;2;;
577006;Bozkov;469;341;336;29;0;0;14;;;47;24;1;5;;5;0;1;26;;;2;9;102;12;0;20;0;2;1;0;34;2;;
577014;Bradlecká Lhota;201;146;144;10;0;1;15;;;20;8;1;0;;2;0;0;29;;;0;3;43;0;0;3;0;0;0;0;9;0;;
577031;Bukovina u Čisté;170;117;114;9;0;1;9;;;20;10;2;1;;0;0;1;14;;;0;2;21;0;0;11;0;0;0;0;13;0;;
577049;Bystrá nad Jizerou;97;66;66;5;0;0;2;;;15;5;2;3;;2;0;0;8;;;0;0;21;0;0;0;0;0;0;0;3;0;;
577057;Čistá u Horek;458;301;298;28;1;0;11;;;63;16;3;3;;6;1;0;19;;;0;7;91;0;0;20;0;1;0;1;26;1;;
577073;Háje nad Jizerou;536;358;355;23;0;4;13;;;85;44;2;3;;6;0;0;46;;;0;11;60;2;0;13;2;0;1;2;38;0;;
577081;Harrachov;1 339;1 001;987;227;1;0;46;;;152;51;10;10;;17;0;0;139;;;0;59;184;2;0;21;0;4;1;1;60;2;;
577111;Holenice;71;48;47;0;0;0;7;;;4;4;0;1;;0;0;0;7;;;0;0;15;0;1;1;0;0;0;1;6;0;;
574201;Horka u Staré Paky;193;141;141;16;0;0;5;;;22;15;2;1;;1;0;1;9;;;0;6;47;0;0;6;0;1;0;0;9;0;;
577120;Horní Branná;1 508;1 049;1 044;107;1;1;61;;;153;63;18;22;;21;0;2;128;;;1;24;279;2;1;57;0;2;3;1;95;2;;
577146;Hrubá Skála;488;346;346;45;1;0;18;;;56;14;4;5;;3;1;0;36;;;0;19;98;0;0;9;0;2;2;0;33;0;;
577154;Chuchelna;783;543;537;82;0;2;30;;;110;35;2;5;;6;0;0;52;;;0;16;123;4;0;16;0;3;0;0;50;1;;
577162;Jablonec nad Jizerou;1 451;880;873;91;1;0;48;;;123;37;9;14;;13;2;1;87;;;1;34;237;2;0;63;0;4;0;0;102;4;;
577171;Jesenný;403;276;275;26;0;0;10;;;53;19;4;5;;3;0;1;28;;;0;2;86;1;1;7;0;0;1;0;28;0;;
577189;Jestřabí v Krkonoších;217;158;157;21;1;0;8;;;28;18;2;3;;3;0;0;12;;;1;16;24;0;0;6;0;0;0;0;13;1;;
577197;Jilemnice;4 410;2 958;2 929;432;23;3;145;;;302;170;57;23;;39;4;7;294;;;2;91;780;4;4;148;4;21;2;8;356;10;;
577201;Kacanovy;157;119;116;13;0;0;5;;;25;7;4;0;;0;0;0;14;;;0;5;35;1;0;3;0;0;0;0;4;0;;
577219;Karlovice;642;469;465;49;0;0;34;;;82;28;1;4;;9;0;1;48;;;2;19;124;0;2;7;0;1;0;0;52;2;;
577227;Klokočí;156;112;112;10;0;0;7;;;15;6;3;1;;0;0;0;16;;;0;7;29;0;0;1;0;2;0;0;15;0;;
577235;Košťálov;1 328;805;801;80;2;1;51;;;94;52;10;8;;14;0;1;79;;;0;21;268;1;7;27;0;2;6;1;74;2;;
577243;Kruh;397;299;297;23;0;2;12;;;60;32;4;4;;1;0;0;18;;;0;8;92;0;1;11;1;0;0;1;26;1;;
547484;Ktová;160;126;125;8;0;0;5;;;23;11;1;3;;2;0;0;7;;;0;2;44;0;0;8;0;0;1;0;10;0;;
577375;Levínská Olešnice;305;204;202;18;0;0;9;;;39;12;1;2;;2;0;0;23;;;1;7;45;0;0;20;0;0;3;0;20;0;;
577294;Libštát;760;494;492;60;0;0;20;;;53;32;3;8;;9;0;0;52;;;0;12;133;0;0;27;0;1;2;1;79;0;;
577308;Lomnice nad Popelkou;4 468;2 863;2 832;342;7;5;192;;;333;165;30;18;;45;2;8;384;;;3;128;755;7;5;140;4;9;4;3;238;5;;
573400;Loučky;132;83;82;9;0;0;4;;;26;7;0;2;;0;0;0;7;;;0;0;20;0;0;3;0;0;0;0;4;0;;
573418;Martinice v Krkonoších;477;360;360;43;1;0;14;;;65;28;4;1;;2;0;1;47;;;0;9;78;0;1;12;1;0;0;0;52;1;;
577316;Mírová pod Kozákovem;1 340;943;939;108;4;1;47;;;184;49;12;9;;9;0;1;113;;;2;62;207;0;3;30;0;8;2;2;79;7;;
577324;Modřišice;338;249;249;24;3;0;17;;;40;14;2;5;;3;0;1;30;;;1;19;61;0;0;5;0;2;0;0;22;0;;
577332;Mříčná;457;325;323;32;0;1;21;;;50;16;3;0;;9;0;0;36;;;0;7;97;1;1;10;0;2;0;1;34;2;;
577341;Nová Ves nad Popelkou;526;373;369;34;0;4;26;;;40;13;4;1;;8;0;0;58;;;0;9;111;1;0;18;0;3;1;0;38;0;;
577359;Ohrazenice;915;663;661;86;4;0;24;;;96;34;4;6;;12;0;0;103;;;0;42;188;1;0;5;0;5;2;1;48;0;;
577367;Olešnice;166;111;111;13;0;0;7;;;18;10;1;1;;3;1;0;17;;;0;6;24;0;0;1;0;0;1;0;8;0;;
547476;Paseky nad Jizerou;232;177;174;36;0;0;5;;;29;9;1;2;;0;0;0;33;;;0;10;32;0;0;7;1;1;1;0;6;1;;
577391;Peřimov;194;132;130;10;1;0;6;;;19;10;2;3;;3;0;0;11;;;0;6;39;0;0;7;0;1;0;2;10;0;;
577405;Poniklá;971;594;590;33;7;1;27;;;83;65;0;5;;11;1;0;76;;;0;23;143;2;2;27;1;4;2;2;71;4;;
577413;Přepeře;720;503;500;51;0;2;36;;;87;21;6;8;;4;1;2;68;;;0;27;143;0;3;12;0;1;0;0;26;2;;
577421;Příkrý;209;139;138;4;0;0;4;;;22;11;3;1;;4;0;0;14;;;0;2;46;6;0;5;0;1;1;0;14;0;;
577430;Radostná pod Kozákovem;350;254;251;28;0;0;10;;;32;14;2;1;;11;0;0;19;;;1;14;46;2;0;24;1;3;1;0;42;0;;
577448;Rakousy;74;52;51;0;0;0;4;;;8;1;0;0;;0;0;0;2;;;0;4;26;0;0;1;0;0;0;0;5;0;;
577456;Rokytnice nad Jizerou;2 294;1 458;1 450;196;3;1;73;;;216;82;10;27;;31;1;0;159;;;0;60;320;4;2;60;1;13;3;5;182;1;;
577464;Roprachtice;217;159;159;8;0;0;5;;;41;6;1;4;;1;1;0;16;;;0;7;48;2;0;7;0;3;0;1;7;1;;
577472;Rovensko pod Troskami;1 030;624;620;67;1;3;27;;;87;47;6;8;;7;1;0;76;;;2;24;185;0;2;14;0;4;1;2;56;0;;
577499;Roztoky u Jilemnice;806;596;590;86;6;0;29;;;99;30;6;8;;6;0;0;49;;;0;14;145;0;0;33;0;8;4;0;67;0;;
577481;Roztoky u Semil;96;76;76;7;0;0;4;;;14;2;1;0;;0;1;0;8;;;0;2;27;1;0;3;0;0;0;1;5;0;;
576964;Semily;6 828;4 207;4 139;439;1;10;237;;;626;356;51;36;;105;3;3;396;;;2;109;1 163;8;10;117;4;23;7;5;420;8;;
577529;Slaná;533;349;345;21;3;4;17;;;48;42;6;2;;4;0;0;39;;;0;7;108;2;0;17;0;1;0;0;24;0;;
577545;Stružinec;571;373;366;30;0;0;14;;;47;29;4;1;;4;0;0;34;;;0;8;136;0;1;11;1;0;2;0;44;0;;
577553;Studenec;1 459;1 050;1 040;84;1;1;44;;;201;54;12;7;;6;1;0;70;;;0;32;230;2;5;187;1;1;1;1;95;4;;
577561;Svojek;145;108;106;15;0;0;6;;;20;4;2;2;;0;0;0;9;;;0;0;31;0;0;5;0;0;0;0;12;0;;
577570;Syřenov;172;131;131;8;0;0;15;;;17;5;3;0;;2;0;1;26;;;0;3;28;0;0;10;0;1;0;0;12;0;;
577596;Tatobity;458;298;298;30;0;0;13;;;48;17;1;2;;2;0;2;31;;;0;10;94;0;0;8;0;0;0;2;38;0;;
577600;Troskovice;97;76;76;7;0;0;2;;;8;8;0;0;;1;0;0;18;;;2;1;19;0;0;1;0;1;1;0;7;0;;
577626;Turnov;11 601;7 469;7 427;977;18;3;503;;;1 017;407;93;54;;119;9;9;951;;;4;573;1 766;7;18;178;3;34;3;7;654;20;;
577642;Veselá;180;120;120;24;2;0;4;;;8;7;1;0;;1;0;2;11;;;0;4;27;0;1;1;0;2;0;0;23;2;;
577651;Víchová nad Jizerou;755;481;474;30;2;2;23;;;92;43;6;6;;9;0;0;65;;;0;13;105;0;0;16;1;3;0;3;55;0;;
577669;Vítkovice;315;211;210;34;2;1;14;;;26;17;2;5;;4;0;0;28;;;0;19;36;0;1;7;0;2;0;2;10;0;;
577677;Všeň;478;354;352;50;0;0;16;;;42;39;1;4;;5;0;2;50;;;0;8;95;0;0;8;0;0;0;1;31;0;;
577685;Vyskeř;335;248;246;30;0;0;21;;;32;25;5;0;;7;0;0;19;;;0;15;69;0;0;3;0;4;0;0;15;1;;
577693;Vysoké nad Jizerou;1 146;845;833;88;3;2;35;;;136;52;6;15;;13;0;2;91;;;1;37;205;3;4;42;2;9;2;1;83;1;;
577707;Záhoří;407;251;250;15;0;0;8;;;43;9;1;1;;2;1;0;33;;;0;9;70;0;0;14;0;2;2;0;40;0;;
577723;Žernov;146;93;93;5;0;0;5;;;16;8;0;1;;0;0;0;15;;;0;3;22;1;0;2;0;1;0;1;13;0;;
569828;Babice;165;109;108;7;1;0;4;;0;7;19;3;0;;0;1;0;6;;;0;9;36;0;0;2;;1;0;0;12;0;;
569836;Barchov;227;141;140;21;0;0;9;;0;5;16;2;0;;2;0;0;19;;;1;4;46;1;0;3;;2;1;1;6;1;;
569852;Běleč nad Orlicí;269;207;206;38;0;0;8;;0;9;1;3;0;;7;0;0;16;;;0;12;76;0;0;10;;1;0;0;25;0;;
569861;Benátky;93;67;67;9;0;0;2;;0;9;1;0;0;;2;0;0;7;;;0;5;19;0;0;5;;0;0;2;6;0;;
569879;Blešno;322;227;227;53;1;0;15;;0;8;6;2;2;;2;0;0;35;;;0;13;63;3;0;7;;0;1;1;14;1;;
569887;Boharyně;470;297;297;20;1;0;35;;1;11;31;3;5;;4;1;2;28;;;0;8;101;0;1;4;;8;2;0;31;0;;
569917;Černilov;1 901;1 234;1 226;150;6;1;50;;1;56;80;20;12;;25;1;6;147;;;0;83;328;1;1;93;;11;5;2;146;1;;
569925;Černožice;893;578;577;41;6;1;20;;0;25;52;7;4;;8;0;0;68;;;0;32;223;2;0;30;;2;0;1;53;2;;
569933;Čistěves;129;83;82;10;0;0;2;;2;11;2;1;1;;1;0;1;15;;;0;6;21;0;0;6;;0;1;0;2;0;;
569941;Divec;175;111;110;18;0;0;3;;0;8;6;3;1;;4;0;0;15;;;0;10;23;0;0;6;;2;0;0;11;0;;
569968;Dobřenice;459;282;279;37;2;0;17;;0;4;23;1;2;;6;0;0;24;;;0;17;99;0;0;11;;5;0;1;29;1;;
569976;Dohalice;376;232;231;20;0;0;14;;1;16;14;1;2;;4;1;0;45;;;1;13;61;1;0;7;;2;0;1;27;0;;
569984;Dolní Přím;561;418;418;58;1;0;23;;1;27;27;3;3;;5;0;0;56;;;0;21;115;1;2;25;;3;0;3;41;3;;
569992;Habřina;235;163;158;13;1;0;10;;0;4;18;0;0;;7;0;0;7;;;0;12;61;0;1;4;;0;1;0;19;0;;
570001;Hlušice;616;291;290;28;0;2;15;;0;21;19;4;3;;3;0;1;23;;;0;18;110;1;0;6;;4;0;1;31;0;;
570010;Hněvčeves;135;90;90;16;0;0;2;;0;8;4;1;1;;5;0;1;10;;;0;1;34;0;0;5;;0;0;0;1;1;;
570028;Holohlavy;747;491;489;47;1;0;34;;1;26;43;3;6;;5;0;0;48;;;0;18;187;1;1;10;;4;1;1;48;4;;
570044;Hořiněves;578;331;329;24;0;0;9;;0;12;36;2;5;;3;0;1;33;;;0;15;123;0;1;10;;3;0;2;50;0;;
569810;Hradec Králové;74 309;49 803;49 468;5 986;74;83;3 050;;29;1 983;3 262;789;269;;884;34;74;6 115;;;41;4 068;14 810;105;61;2 869;;467;82;35;4 166;132;;
570052;Hrádek;163;120;120;12;0;0;12;;0;2;4;2;3;;1;0;0;9;;;0;6;49;0;0;1;;0;0;0;19;0;;
570087;Humburky;345;209;207;17;0;2;21;;0;10;5;5;0;;2;0;2;20;;;1;5;70;0;0;7;;6;0;0;33;1;;
573621;Hvozdnice;170;132;132;16;0;0;8;;0;9;8;1;1;;3;0;0;8;;;0;4;49;0;2;6;;4;0;0;12;1;;
570109;Chlumec nad Cidlinou;4 395;2 742;2 726;263;5;2;197;;3;77;214;41;19;;54;2;2;326;;;2;137;764;3;3;237;;62;5;6;290;12;;
570125;Chudeřice;188;119;118;14;1;1;16;;0;6;2;1;0;;2;0;0;12;;;0;2;34;0;0;7;;0;0;1;19;0;;
570133;Jeníkovice;363;239;238;13;0;0;21;;0;8;16;3;2;;3;1;0;20;;;0;16;87;0;1;16;;2;1;2;26;0;;
576352;Jílovice;257;192;190;12;0;1;19;;0;12;9;1;4;;7;1;1;26;;;1;1;55;1;1;12;;1;3;0;22;0;;
570150;Káranice;173;117;117;11;0;0;8;;0;3;24;1;0;;2;0;0;19;;;0;2;24;0;0;6;;0;0;1;16;0;;
570168;Klamoš;328;238;237;15;0;0;16;;0;11;36;2;0;;2;0;0;21;;;0;10;96;0;0;8;;2;0;0;16;2;;
573710;Kobylice;191;120;120;20;0;0;6;;0;8;5;2;0;;2;1;0;6;;;0;5;39;0;0;3;;1;1;0;21;0;;
570176;Kosice;290;183;181;8;0;0;8;;0;11;16;0;0;;1;1;0;20;;;0;3;70;0;0;9;;9;1;1;22;1;;
570184;Kosičky;298;165;162;14;1;0;3;;0;3;8;1;0;;1;0;0;24;;;0;7;70;0;0;8;;3;0;2;16;1;;
570192;Králíky;313;176;176;14;0;0;3;;0;8;22;3;3;;3;1;0;9;;;0;7;75;0;1;3;;2;0;0;20;2;;
570206;Kratonohy;459;293;289;38;0;0;18;;0;15;18;3;3;;7;0;2;28;;;1;12;82;0;0;14;;2;0;1;45;0;;
570214;Kunčice;276;200;199;23;0;0;17;;0;25;11;3;4;;1;1;0;16;;;0;6;68;0;0;5;;2;1;0;16;0;;
576433;Ledce;301;184;183;23;0;2;7;;1;8;16;1;2;;5;0;2;10;;;0;11;61;0;0;18;;3;0;0;13;0;;
570222;Lejšovka;165;114;112;10;1;0;6;;0;3;7;0;5;;3;0;0;7;;;0;2;44;0;0;5;;0;0;0;19;0;;
570231;Lhota pod Libčany;743;520;519;69;0;0;31;;1;26;32;6;12;;5;1;1;59;;;0;33;164;1;3;21;;6;1;1;41;5;;
570249;Libčany;722;521;513;65;1;0;22;;1;15;35;4;5;;6;0;1;46;;;0;20;180;1;3;19;;3;0;1;82;3;;
570257;Libníkovice;125;98;97;26;0;0;6;;0;3;3;0;0;;2;0;1;6;;;0;4;19;1;0;12;;1;0;1;11;1;;
570265;Librantice;425;319;319;31;0;0;10;;3;20;10;1;1;;12;0;2;42;;;0;28;103;0;0;18;;7;0;1;30;0;;
570273;Libřice;240;176;172;16;0;0;11;;0;4;13;2;1;;3;0;1;20;;;0;6;52;0;0;18;;2;0;0;22;1;;
570290;Lišice;140;81;81;1;0;0;14;;0;2;10;0;1;;3;0;0;3;;;0;1;29;0;0;10;;0;0;0;7;0;;
570303;Lodín;317;196;194;19;0;0;9;;0;12;16;1;1;;5;0;0;23;;;0;7;76;0;0;5;;1;0;0;17;2;;
570311;Lochenice;462;341;338;60;0;0;12;;1;20;23;5;2;;11;1;0;34;;;0;27;92;2;1;22;;0;0;0;24;1;;
570320;Lovčice;550;331;331;18;0;2;30;;0;7;27;3;4;;3;1;0;28;;;1;9;119;0;0;24;;3;1;2;48;1;;
570354;Lužany;120;69;67;5;0;0;7;;0;1;12;1;0;;1;2;0;10;;;0;1;20;0;0;3;;0;0;0;2;2;;
570362;Lužec nad Cidlinou;414;250;249;30;0;0;15;;0;7;9;3;3;;5;0;0;18;;;0;9;110;1;0;7;;4;0;2;26;0;;
573779;Máslojedy;172;110;109;7;0;1;3;;0;2;12;5;0;;4;1;1;8;;;0;9;39;0;0;4;;0;0;0;12;1;;
570397;Měník;495;346;345;34;0;0;31;;2;23;45;3;2;;3;1;0;24;;;1;4;115;0;0;11;;3;0;1;40;2;;
570401;Mlékosrby;187;119;118;14;0;0;3;;0;4;15;1;0;;2;0;0;16;;;0;0;41;0;0;6;;2;0;1;13;0;;
570419;Mokrovousy;289;194;194;16;0;0;17;;0;12;16;1;2;;8;0;0;23;;;0;6;67;0;0;5;;0;1;0;20;0;;
570427;Myštěves;151;110;108;4;0;0;4;;0;12;10;0;4;;1;0;0;8;;;0;2;51;0;0;1;;0;0;0;11;0;;
570435;Mžany;339;240;239;23;1;1;7;;1;14;21;4;4;;0;0;0;14;;;0;23;74;1;1;15;;3;0;0;31;1;;
570443;Neděliště;289;187;187;15;0;0;19;;1;7;7;2;4;;4;0;0;15;;;0;10;74;0;1;7;;0;1;1;16;3;;
570451;Nechanice;1 837;1 124;1 112;87;3;0;82;;2;108;74;13;8;;12;0;1;118;;;0;32;397;2;1;44;;14;1;1;112;0;;
570478;Nepolisy;784;453;452;31;0;1;31;;0;11;33;4;4;;5;1;0;32;;;0;10;214;0;0;12;;9;0;1;49;4;;
570494;Nové Město;336;226;225;20;0;1;11;;0;10;33;1;3;;4;0;0;20;;;0;9;83;0;0;5;;8;0;1;16;0;;
570508;Nový Bydžov;5 682;3 186;3 162;372;3;0;206;;6;98;241;39;31;;86;1;10;282;;;6;115;1 070;3;1;121;;69;4;16;370;12;;
548065;Obědovice;235;139;139;28;1;0;5;;0;6;6;2;1;;0;0;0;7;;;0;7;57;0;0;9;;2;1;0;7;0;;
570516;Ohnišťany;273;166;166;15;0;0;8;;0;15;18;1;4;;0;0;0;19;;;0;6;49;0;0;12;;3;2;1;11;2;;
570524;Olešnice;274;166;164;21;0;1;11;;0;6;14;1;1;;6;0;0;17;;;0;3;55;0;1;6;;4;0;0;17;0;;
570532;Osice;384;259;258;11;1;0;7;;0;4;24;5;6;;7;0;1;28;;;0;11;107;0;0;9;;2;0;1;32;2;;
570541;Osičky;130;74;73;2;0;0;2;;0;2;5;0;1;;1;0;0;12;;;0;6;30;0;0;2;;0;0;0;10;0;;
570567;Petrovice;221;157;156;3;2;0;12;;0;2;23;1;2;;2;0;0;6;;;0;2;73;0;0;2;;0;1;0;25;0;;
570575;Písek;205;132;129;3;0;1;12;;0;6;10;2;2;;1;1;0;5;;;0;7;41;0;0;3;;1;4;0;30;0;;
570648;Prasek;499;281;281;17;5;0;25;;0;10;21;1;1;;2;0;0;25;;;0;6;113;1;1;17;;5;0;0;31;0;;
570656;Praskačka;851;532;529;67;2;0;31;;0;19;43;16;4;;8;1;2;61;;;0;33;169;0;3;17;;3;4;1;45;0;;
570672;Předměřice nad Labem;1 418;957;944;148;5;0;69;;1;38;57;15;5;;17;1;1;91;;;1;68;282;2;1;35;;10;2;1;93;1;;
570681;Převýšov;269;166;165;7;0;0;12;;0;3;6;4;4;;3;3;0;17;;;0;1;68;0;0;9;;5;1;2;19;1;;
530671;Pšánky;48;35;35;1;0;0;1;;0;2;2;0;0;;0;0;0;6;;;0;0;19;1;0;1;;0;0;0;1;1;;
573531;Puchlovice;99;73;73;6;0;0;1;;0;3;9;0;0;;0;0;0;6;;;0;0;44;0;1;1;;0;0;0;2;0;;
570702;Račice nad Trotinou;134;95;94;9;0;0;3;;0;3;11;0;1;;4;0;0;10;;;1;6;30;0;0;7;;0;0;0;9;0;;
570711;Radíkovice;150;103;103;15;1;0;5;;0;5;16;0;3;;5;0;0;6;;;0;2;27;0;0;3;;2;0;0;13;0;;
570729;Radostov;112;88;87;1;0;0;3;;0;12;6;4;3;;0;0;0;19;;;0;5;25;0;0;5;;0;0;0;4;0;;
570745;Roudnice;522;363;357;61;0;0;25;;0;17;26;6;8;;2;0;1;30;;;0;12;126;1;0;7;;5;3;0;23;4;;
573191;Sadová;270;204;204;16;0;0;15;;0;20;12;0;3;;2;0;2;19;;;0;8;83;0;1;10;;1;0;0;12;0;;
570796;Sendražice;323;223;222;31;0;0;10;;0;4;16;2;0;;2;0;0;20;;;0;11;99;1;1;3;;0;0;1;21;0;;
570800;Skalice;468;314;312;40;0;0;13;;0;15;21;5;5;;3;1;0;40;;;0;7;98;0;0;18;;2;0;0;44;0;;
570834;Skřivany;817;459;459;30;0;0;42;;0;20;46;8;9;;6;0;0;36;;;0;14;155;0;1;16;;13;0;4;58;1;;
570851;Sloupno;428;270;270;22;0;2;19;;0;28;19;2;4;;3;0;2;31;;;0;11;96;0;0;2;;3;1;0;25;0;;
570869;Smidary;1 296;711;700;48;0;1;53;;5;17;105;6;12;;2;1;0;45;;;0;9;274;0;0;27;;10;0;3;81;1;;
570877;Smiřice;2 284;1 302;1 292;114;7;3;64;;1;56;98;17;12;;19;1;0;141;;;2;51;465;2;6;46;;11;3;6;148;19;;
570885;Smržov;396;271;269;35;0;0;13;;0;12;17;1;3;;6;2;1;37;;;1;13;79;1;0;16;;1;1;0;29;1;;
570907;Sovětice;168;121;121;10;0;0;4;;0;9;13;1;5;;0;0;0;9;;;2;8;34;0;0;9;;1;0;0;16;0;;
570915;Stará Voda;115;84;83;3;0;0;1;;0;5;7;5;3;;1;0;0;8;;;0;3;33;1;0;6;;0;0;0;7;0;;
573132;Starý Bydžov;335;187;185;11;0;0;17;;2;6;20;1;2;;1;0;0;15;;;0;8;76;0;0;2;;2;0;0;22;0;;
570931;Stěžery;1 510;1 107;1 099;119;0;1;58;;2;57;72;19;6;;23;1;4;139;;;0;66;385;2;0;29;;2;3;1;107;3;;
570958;Stračov;248;157;157;29;2;0;15;;0;14;7;1;0;;2;0;0;14;;;1;1;51;0;0;7;;0;0;1;10;2;;
570966;Střezetice;309;217;217;28;1;0;16;;0;9;25;1;1;;2;1;1;22;;;0;22;52;1;0;10;;2;0;0;23;0;;
548154;Světí;237;164;163;12;0;3;9;;1;5;8;1;0;;4;1;0;22;;;0;7;58;1;0;13;;1;1;1;15;0;;
571008;Syrovátka;333;215;210;11;1;0;12;;0;1;10;0;5;;2;1;0;16;;;0;10;102;0;0;5;;4;1;1;27;1;;
571016;Šaplava;103;66;66;5;0;0;6;;0;4;3;0;1;;0;0;0;7;;;0;1;28;0;0;4;;1;0;0;6;0;;
571024;Těchlovice;284;217;212;35;0;0;10;;0;3;23;3;0;;3;0;0;14;;;0;4;83;0;0;9;;2;0;0;23;0;;
571041;Třebechovice pod Orebem;4 614;2 947;2 924;396;6;8;170;;1;127;165;54;30;;60;3;5;313;;;0;143;906;1;8;169;;25;4;2;323;5;;
571059;Třesovice;200;126;126;8;0;0;14;;0;8;15;4;0;;4;0;0;3;;;1;1;39;0;2;2;;2;1;0;22;0;;
513717;Urbanice;267;180;179;24;0;0;8;;1;7;30;0;7;;3;1;0;15;;;0;8;62;0;0;3;;0;1;0;8;1;;
571083;Vinary;345;215;214;24;0;0;17;;1;13;31;0;3;;4;0;0;7;;;0;3;79;0;0;11;;1;0;2;18;0;;
548057;Vrchovnice;56;45;45;3;0;0;2;;0;4;4;0;0;;0;0;0;1;;;0;3;21;0;0;1;;0;0;1;4;1;;
571091;Všestary;1 351;986;978;122;6;1;59;;0;34;67;15;5;;13;2;2;100;;;1;41;341;0;1;66;;8;0;5;85;4;;
571105;Výrava;328;241;240;41;0;0;19;;1;20;4;4;1;;10;0;0;22;;;0;5;72;0;0;13;;4;2;1;21;0;;
571113;Vysoká nad Labem;1 160;833;831;152;4;0;31;;0;42;29;6;4;;7;0;0;116;;;0;71;265;2;0;36;;6;0;0;59;1;;
548677;Vysoký Újezd;70;52;52;1;0;0;3;;0;3;0;0;0;;1;0;0;8;;;0;4;21;0;0;0;;0;0;1;8;2;;
571130;Zachrašťany;176;106;105;11;1;0;8;;0;4;13;0;2;;3;0;0;8;;;0;1;40;0;0;2;;1;1;0;9;1;;
573744;Zdechovice;147;100;100;10;0;0;12;;0;2;13;2;1;;1;0;0;3;;;0;1;42;0;2;2;;1;0;0;8;0;;
553701;Bačalky;133;98;97;12;0;0;5;;0;5;9;1;5;;1;0;0;14;;;0;4;34;0;1;1;;0;0;0;5;0;;
572667;Bašnice;170;116;115;8;0;0;5;;0;8;7;0;1;;0;0;0;4;;;0;2;59;0;0;7;;2;0;0;12;0;;
572675;Běchary;230;98;96;4;0;0;10;;0;3;3;0;3;;1;0;0;7;;;0;0;42;0;0;6;;0;0;0;17;0;;
548901;Bílsko u Hořic;98;75;75;8;0;0;5;;0;6;0;2;0;;0;0;0;12;;;0;5;30;0;0;1;;0;0;1;5;0;;
572705;Boháňka;188;139;139;26;0;0;5;;0;18;20;1;1;;5;0;0;6;;;0;10;28;0;0;4;;1;0;1;13;0;;
548979;Borek;85;55;55;6;0;1;2;;0;11;0;1;0;;1;0;0;7;;;0;5;15;0;0;3;;0;0;0;3;0;;
549100;Brada-Rybníček;120;82;82;14;0;0;2;;1;9;0;2;0;;0;0;0;12;;;0;7;26;0;0;3;;1;0;0;4;1;;
549070;Březina;85;57;56;8;0;1;0;;0;5;2;0;2;;1;0;0;7;;;0;3;14;0;0;4;;0;0;0;8;1;;
548855;Bříšťany;202;122;118;9;0;0;14;;1;4;8;0;5;;0;0;0;11;;;0;1;44;0;0;5;;1;0;1;14;0;;
548952;Budčeves;130;58;57;3;0;0;9;;0;0;10;0;1;;0;0;0;2;;;0;1;25;0;0;1;;0;0;0;5;0;;
573353;Bukvice;124;88;88;4;0;0;7;;1;6;6;2;0;;2;0;0;8;;;0;0;43;0;0;0;;0;0;0;9;0;;
549282;Butoves;206;128;127;13;0;1;12;;0;11;23;3;1;;5;0;0;9;;;0;8;28;0;0;2;;2;0;1;8;0;;
572772;Bystřice;275;152;149;12;2;0;17;;1;4;12;3;1;;0;0;0;12;;;1;2;58;0;2;9;;0;1;1;11;0;;
572781;Cerekvice nad Bystřicí;620;355;355;20;0;5;22;;0;17;34;4;1;;22;1;0;33;;;0;10;123;0;3;14;;4;0;0;42;0;;
548995;Červená Třemešná;126;87;87;5;1;0;3;;0;16;8;1;0;;2;0;0;5;;;0;10;24;0;0;3;;0;0;0;9;0;;
572811;Češov;188;132;131;4;0;0;18;;0;4;15;1;2;;6;0;0;14;;;0;0;46;0;0;6;;0;0;0;15;0;;
572829;Dětenice;621;367;366;30;0;0;26;;0;26;41;4;9;;5;2;0;26;;;1;17;120;1;2;13;;5;0;0;36;2;;
549118;Dílce;43;37;35;2;0;0;0;;0;4;2;0;1;;2;0;0;1;;;0;2;14;0;0;0;;0;0;0;7;0;;
572837;Dobrá Voda u Hořic;467;296;293;25;2;0;15;;0;13;15;6;3;;3;1;0;40;;;0;5;110;1;1;10;;1;0;1;39;2;;
549088;Dolní Lochov;34;24;23;8;0;0;0;;0;1;3;0;0;;0;0;0;2;;;1;0;6;0;0;1;;0;0;0;1;0;;
573337;Dřevěnice;187;125;124;18;0;0;7;;0;10;8;2;4;;1;1;1;14;;;1;3;38;0;0;9;;1;0;0;5;1;;
572900;Holín;475;354;350;51;1;0;24;;2;30;16;5;5;;1;0;0;62;;;0;26;96;1;2;17;;1;1;0;8;1;;
572918;Holovousy;421;291;289;27;0;0;22;;0;26;21;2;1;;3;0;1;40;;;0;13;83;0;1;23;;1;0;0;22;3;;
572926;Hořice;6 867;4 383;4 345;458;8;7;267;;8;259;267;74;31;;54;2;6;524;;;3;214;1 472;8;4;192;;73;3;14;387;10;;
549355;Cholenice;185;84;83;5;0;0;10;;0;1;8;0;0;;1;0;0;8;;;0;3;27;0;1;1;;0;3;0;15;0;;
572969;Chomutice;527;285;283;13;1;0;18;;0;21;36;2;3;;1;0;1;21;;;0;8;112;0;0;12;;2;4;0;28;0;;
549037;Choteč;162;115;115;22;0;0;2;;0;7;3;1;0;;1;0;0;10;;;0;12;34;0;0;7;;1;0;0;15;0;;
549223;Chyjice;131;74;73;11;0;0;8;;0;8;3;0;1;;0;0;0;3;;;0;1;22;0;0;7;;0;0;1;8;0;;
572993;Jeřice;312;198;197;13;0;0;14;;0;16;11;1;4;;6;0;1;13;;;0;4;80;1;3;5;;3;0;1;21;0;;
572659;Jičín;12 769;8 019;7 956;944;27;13;526;;7;452;589;108;69;;99;10;11;1 056;;;1;373;2 544;9;22;407;;68;7;7;574;33;;
573001;Jičíněves;492;240;240;25;1;0;21;;0;6;29;1;3;;0;0;0;32;;;0;8;71;1;0;9;;2;0;0;29;2;;
549151;Jinolice;153;120;120;10;0;0;2;;0;8;6;1;1;;6;1;0;13;;;0;2;44;0;1;6;;0;0;0;18;1;;
549312;Kacákova Lhota;132;80;80;5;0;0;6;;0;4;9;2;1;;0;0;0;9;;;0;2;30;1;0;4;;1;0;1;5;0;;
549169;Kbelnice;172;124;124;19;0;0;5;;0;5;13;4;2;;0;0;0;24;;;0;6;33;0;0;2;;1;0;1;7;2;;
573043;Kněžnice;220;141;138;14;0;0;11;;1;9;10;2;1;;1;0;1;17;;;0;3;41;0;0;8;;3;0;0;15;1;;
573051;Konecchlumí;295;192;189;16;0;0;13;;0;19;18;2;1;;0;1;0;18;;;1;15;66;0;2;7;;0;0;0;10;0;;
573060;Kopidlno;1 726;842;835;49;3;0;116;;0;24;60;8;5;;6;1;0;61;;;0;24;325;3;4;39;;5;9;0;88;5;;
548928;Kostelec;30;21;21;3;0;0;3;;0;0;0;0;0;;5;0;0;1;;;0;1;4;0;0;0;;0;0;0;4;0;;
548944;Kovač;107;74;74;4;0;0;6;;1;11;1;1;0;;2;0;0;2;;;0;4;40;0;1;0;;1;0;0;0;0;;
572136;Kozojedy;158;60;60;11;0;0;4;;0;3;3;2;0;;0;0;0;1;;;0;0;25;0;0;2;;0;0;0;9;0;;
572047;Kyje;49;30;30;2;0;0;3;;0;7;1;0;0;;0;0;0;4;;;0;0;9;0;0;1;;0;0;0;3;0;;
573094;Lázně Bělohrad;3 075;1 974;1 960;232;4;2;136;;0;179;111;22;20;;37;6;0;208;;;2;91;625;5;6;103;;8;2;5;154;2;;
573108;Libáň;1 397;742;733;80;1;0;32;;0;41;69;4;6;;6;0;0;50;;;0;40;317;1;2;12;;1;0;0;70;1;;
573116;Libošovice;415;284;283;36;1;0;11;;0;27;26;0;6;;4;0;0;29;;;0;15;98;1;1;3;;0;0;1;23;1;;
573124;Libuň;660;412;409;39;1;4;21;;1;49;31;4;5;;5;0;1;55;;;0;12;139;0;1;13;;1;0;1;26;0;;
573086;Lískovice;172;110;107;10;0;0;9;;0;4;6;2;2;;0;0;0;16;;;0;1;41;0;2;3;;1;0;0;10;0;;
573141;Lukavec u Hořic;230;156;153;21;0;0;14;;0;12;14;1;2;;0;0;0;16;;;0;4;41;0;0;8;;3;1;1;15;0;;
573159;Lužany;489;327;323;40;0;0;30;;0;25;28;3;4;;4;1;1;35;;;0;8;111;0;1;9;;2;0;0;21;0;;
573167;Markvartice;396;238;238;8;1;0;22;;0;9;20;7;6;;8;0;0;25;;;0;7;79;1;2;9;;1;0;1;30;2;;
573175;Miletín;733;492;490;40;1;0;27;;0;115;27;6;2;;6;0;2;50;;;0;18;142;2;0;19;;4;0;0;28;1;;
548863;Milovice u Hořic;217;151;148;7;0;0;7;;0;16;9;3;2;;0;1;0;24;;;0;9;46;0;0;5;;1;0;0;17;1;;
573205;Mladějov;432;279;274;16;0;1;20;;0;9;26;8;16;;1;0;0;18;;;0;8;94;0;0;14;;4;1;0;36;2;;
573213;Mlázovice;474;286;285;25;1;0;27;;0;31;27;5;0;;7;1;1;15;;;3;8;103;0;1;13;;3;0;1;11;2;;
573230;Nemyčeves;258;143;141;3;4;0;18;;0;4;12;0;1;;0;0;0;9;;;0;1;62;0;0;5;;1;0;2;19;0;;
549207;Nevratice;128;77;76;6;0;0;1;;0;7;6;0;0;;2;0;0;13;;;0;5;33;0;0;0;;0;0;0;3;0;;
573248;Nová Paka;7 471;4 886;4 846;491;7;5;305;;4;809;294;52;30;;77;1;1;595;;;3;138;1 301;6;6;197;;17;7;9;479;12;;
549185;Ohařice;55;35;35;2;0;0;0;;0;2;3;1;0;;0;0;0;8;;;0;0;13;0;1;1;;1;1;0;2;0;;
548910;Ohaveč;65;45;45;4;0;0;3;;0;3;2;2;0;;0;0;0;6;;;0;4;20;0;0;1;;0;0;0;0;0;;
573264;Osek;174;110;109;10;1;0;7;;0;10;5;5;5;;2;0;0;13;;;0;3;40;1;1;2;;0;0;0;4;0;;
573272;Ostroměř;1 098;674;668;88;0;0;44;;0;47;47;4;6;;14;0;3;76;;;1;18;241;0;1;19;;5;1;0;48;5;;
573281;Ostružno;81;46;46;1;0;0;6;;0;4;2;0;1;;1;0;0;1;;;0;0;24;0;0;1;;0;0;0;5;0;;
573299;Pecka;1 063;686;683;75;3;3;45;;0;100;37;2;4;;9;3;0;61;;;1;18;223;0;1;33;;4;0;2;59;0;;
548871;Petrovičky;36;27;27;3;0;0;4;;0;1;3;0;2;;0;0;0;0;;;0;3;6;0;0;2;;0;0;0;3;0;;
573311;Podhorní Újezd a Vojice;539;350;348;47;1;1;25;;1;23;23;2;4;;4;0;1;32;;;0;21;112;0;0;7;;6;1;0;37;0;;
573329;Podhradí;370;233;231;17;0;0;20;;0;12;28;3;1;;3;0;0;29;;;1;8;89;0;2;1;;2;0;0;14;1;;
573345;Podůlší;211;149;149;15;0;0;7;;0;10;8;0;0;;2;0;0;15;;;0;13;57;1;1;12;;1;0;0;7;0;;
573370;Radim;351;232;230;29;1;0;12;;0;34;15;1;3;;3;1;0;24;;;0;4;67;0;0;8;;2;3;2;21;0;;
549274;Rašín;67;43;43;4;0;0;2;;0;1;2;0;0;;1;0;1;6;;;0;5;11;0;0;1;;2;0;0;7;0;;
573221;Rohoznice;255;192;191;13;0;0;17;;0;45;9;0;1;;2;0;0;17;;;0;4;69;0;0;7;;0;0;0;6;1;;
548898;Rokytňany;82;44;42;3;0;0;4;;0;1;1;0;0;;0;0;0;1;;;0;3;23;0;1;2;;0;0;0;3;0;;
573442;Samšina;220;129;129;15;2;0;4;;0;12;13;0;5;;1;0;0;13;;;0;5;32;0;0;5;;1;0;1;19;1;;
573451;Sběř;207;110;110;6;0;0;10;;0;6;18;1;1;;1;0;0;6;;;1;3;33;1;0;6;;0;0;0;17;0;;
548961;Sedliště;89;66;63;3;0;0;6;;0;7;8;0;3;;0;0;0;3;;;0;4;17;0;0;4;;1;0;0;6;1;;
572144;Sekeřice;102;89;88;9;0;1;3;;0;1;7;1;2;;1;0;0;4;;;0;2;46;1;1;1;;2;0;0;6;0;;
573469;Slatiny;452;240;235;13;0;3;27;;0;29;17;3;2;;1;1;0;21;;;0;4;75;1;0;13;;0;1;2;15;7;;
572187;Slavhostice;109;53;53;0;3;0;4;;1;3;11;0;0;;0;0;0;3;;;0;1;13;0;0;1;;0;1;0;11;1;;
573477;Sobčice;238;170;169;30;0;0;17;;0;4;6;1;1;;4;0;0;11;;;0;7;64;0;1;6;;2;0;1;14;0;;
573361;Soběraz;92;62;60;11;0;0;1;;0;9;1;0;2;;1;0;0;13;;;0;2;18;1;0;0;;1;0;0;0;0;;
573493;Sobotka;1 930;1 198;1 188;108;0;0;74;;0;71;81;21;19;;14;0;2;137;;;0;112;385;0;2;56;;8;3;1;93;1;;
573507;Stará Paka;1 659;1 080;1 071;142;1;5;56;;1;70;79;9;14;;21;2;0;127;;;0;19;336;2;0;71;;1;3;2;106;4;;
530735;Staré Hrady;150;111;110;21;0;0;5;;0;4;9;1;2;;0;0;0;6;;;0;8;36;1;0;2;;1;0;0;14;0;;
549096;Staré Místo;258;140;140;12;0;0;4;;0;7;14;0;1;;0;0;1;14;;;0;8;47;0;5;3;;1;0;0;23;0;;
573523;Staré Smrkovice;210;97;96;2;1;1;6;;0;2;11;0;2;;1;0;0;13;;;0;1;40;0;0;0;;1;0;1;14;0;;
573540;Střevač;238;108;108;6;2;0;8;;0;6;6;4;4;;0;0;0;8;;;0;3;44;0;0;5;;1;0;0;10;1;;
548880;Sukorady;178;130;130;7;0;0;7;;0;8;16;0;0;;2;0;0;12;;;0;4;61;0;0;5;;2;0;1;4;1;;
573302;Svatojanský Újezd;73;48;47;5;0;0;2;;0;5;3;0;0;;1;0;0;6;;;0;0;10;0;0;11;;0;0;0;3;1;;
573256;Šárovcova Lhota;167;105;105;8;1;0;2;;0;11;9;5;0;;4;0;0;13;;;0;5;31;0;1;4;;1;1;0;9;0;;
572756;Tetín;127;76;76;6;0;0;2;;0;20;4;1;0;;2;0;0;5;;;0;1;19;0;0;8;;0;0;0;7;1;;
573612;Třebnouševes;239;145;145;19;0;0;6;;0;9;15;2;2;;0;0;0;16;;;0;6;53;0;0;1;;0;0;1;15;0;;
573639;Třtěnice;269;162;162;10;0;0;14;;0;10;12;0;2;;2;0;1;10;;;0;8;66;0;2;3;;0;0;2;20;0;;
573647;Tuř;137;80;79;6;0;0;8;;0;8;6;2;1;;2;0;0;4;;;0;2;24;0;1;0;;0;1;0;14;0;;
573655;Úbislavice;341;252;249;10;0;0;15;;1;31;20;4;0;;0;0;0;27;;;2;13;76;1;2;14;;3;0;0;29;1;;
573663;Údrnice;249;152;152;15;0;0;12;;0;8;15;2;3;;0;1;0;17;;;0;3;49;0;1;7;;0;2;0;17;0;;
573671;Úhlejov;118;80;80;9;0;2;6;;0;15;12;1;0;;2;0;0;5;;;0;3;12;0;0;4;;0;0;0;9;0;;
573680;Újezd pod Troskami;273;182;181;12;0;0;8;;0;17;18;2;7;;3;0;0;29;;;0;5;48;1;0;5;;0;2;1;21;2;;
573698;Úlibice;222;133;130;7;0;0;15;;1;8;11;5;2;;1;0;0;8;;;2;8;49;0;0;3;;2;0;0;8;0;;
573701;Valdice;1 844;1 099;1 092;67;2;2;82;;5;30;135;13;18;;6;1;2;116;;;0;26;452;1;3;43;;3;3;8;69;5;;
573728;Veliš;153;100;99;9;0;0;8;;0;7;1;1;0;;0;0;1;13;;;2;9;40;0;0;3;;0;0;0;4;1;;
573736;Vidochov;295;179;179;16;1;0;6;;1;19;10;3;2;;5;0;0;26;;;0;6;58;0;0;3;;3;0;5;15;0;;
573752;Vitiněves;277;201;201;18;2;0;9;;0;9;23;1;2;;0;0;0;18;;;0;6;70;1;4;12;;3;1;0;19;3;;
573761;Volanice;186;101;99;8;1;0;4;;0;4;13;0;0;;0;0;0;5;;;0;6;49;0;0;2;;1;0;1;5;0;;
572128;Vrbice;119;75;74;1;2;0;8;;0;9;11;1;1;;3;1;0;8;;;0;2;20;0;0;1;;0;0;0;5;1;;
573795;Vršce;177;87;87;6;0;0;3;;0;3;20;0;2;;0;0;0;10;;;0;2;27;0;1;1;;0;0;1;11;0;;
549029;Vřesník;73;49;49;4;0;0;0;;0;11;6;0;0;;2;0;0;2;;;0;1;20;0;0;2;;0;0;0;1;0;;
573809;Vysoké Veselí;694;336;336;27;13;1;24;;0;14;46;2;4;;4;0;0;19;;;0;13;116;1;3;11;;2;0;1;35;0;;
549193;Zámostí-Blata;101;69;67;11;0;0;1;;0;3;1;1;1;;0;0;0;4;;;0;18;21;0;0;4;;0;0;0;2;0;;
573183;Zelenecká Lhota;130;78;77;1;0;0;2;;2;3;10;2;0;;0;0;0;14;;;0;3;26;0;2;2;;0;0;0;9;1;;
573825;Železnice;985;651;649;32;0;2;24;;0;136;47;2;10;;2;1;0;72;;;1;19;203;0;2;34;;1;0;0;57;4;;
573833;Žeretice;211;120;120;2;0;0;14;;0;3;17;4;2;;2;0;0;13;;;0;4;43;0;0;2;;0;1;1;12;0;;
573841;Židovice;101;51;51;2;0;0;7;;0;6;6;0;2;;1;0;0;1;;;0;0;20;0;0;1;;1;0;1;3;0;;
573850;Žlunice;210;142;141;15;0;0;19;;0;9;14;2;0;;0;0;0;14;;;0;1;41;0;0;10;;2;0;2;12;0;;
547786;Adršpach;437;262;262;44;1;0;14;;0;12;23;1;3;;2;0;0;25;;;0;17;72;0;1;9;;1;1;2;34;0;;
573884;Bezděkov nad Metují;446;283;279;27;0;0;19;;1;19;12;3;4;;3;0;0;26;;;0;4;71;0;1;31;;2;0;0;55;1;;
573892;Bohuslavice;789;536;530;53;0;0;42;;1;28;30;7;5;;7;0;0;38;;;0;22;172;0;1;64;;8;0;2;46;4;;
573906;Borová;179;123;122;9;0;0;7;;0;4;8;5;3;;1;0;0;15;;;0;2;47;0;0;14;;0;0;0;7;0;;
573914;Božanov;276;160;159;12;0;0;9;;0;17;19;0;1;;1;0;0;24;;;0;1;50;0;0;10;;1;0;0;14;0;;
573922;Broumov;6 082;3 124;3 118;229;1;2;265;;3;119;274;42;25;;29;4;2;325;;;5;108;1 077;3;9;203;;10;6;14;348;15;;
573931;Brzice;183;124;123;13;0;0;6;;1;9;10;0;1;;0;0;0;14;;;0;7;36;0;0;18;;1;0;0;7;0;;
547751;Bukovice;298;208;208;28;0;0;15;;0;13;7;2;0;;4;0;0;17;;;1;8;61;1;1;23;;2;0;2;23;0;;
573957;Černčice;397;264;258;9;0;0;21;;3;7;13;6;2;;6;0;0;36;;;1;12;68;1;2;39;;4;0;0;27;1;;
505099;Červená Hora;162;118;117;5;1;0;5;;0;17;8;2;1;;0;0;0;11;;;0;5;40;0;0;15;;0;0;0;7;0;;
573965;Červený Kostelec;6 679;4 391;4 356;502;4;3;238;;6;160;209;48;32;;95;5;7;391;;;5;283;1 200;3;10;675;;21;5;12;434;8;;
573973;Česká Čermná;416;302;301;40;2;0;37;;1;7;2;4;3;;4;0;0;23;;;0;7;93;0;0;43;;1;2;0;31;1;;
573981;Česká Metuje;233;138;137;11;1;0;15;;0;6;15;3;1;;4;0;0;11;;;0;2;52;0;1;3;;0;0;0;12;0;;
573990;Česká Skalice;4 158;2 478;2 453;286;2;2;152;;2;72;145;27;11;;24;1;1;215;;;0;122;838;1;3;186;;16;1;1;336;9;;
574015;Dolany;523;348;344;34;0;0;12;;0;13;28;11;3;;4;0;0;23;;;0;12;151;3;0;11;;4;0;0;34;1;;
574023;Dolní Radechová;626;445;442;54;1;0;42;;1;17;21;3;2;;2;1;1;37;;;0;30;141;0;1;35;;2;0;0;51;0;;
574031;Hejtmánkovice;518;302;298;24;1;0;24;;0;12;18;2;8;;3;0;0;23;;;1;8;118;0;0;11;;1;0;1;43;0;;
574040;Heřmanice;329;195;193;32;0;5;12;;0;14;10;2;1;;0;0;0;18;;;1;4;65;0;0;6;;1;1;1;20;0;;
574058;Heřmánkovice;399;207;203;8;0;0;15;;2;5;19;0;2;;3;0;0;12;;;0;2;100;0;0;4;;1;0;0;29;1;;
574066;Horní Radechová;392;254;253;19;0;1;26;;1;8;16;4;0;;2;0;0;26;;;0;5;83;0;1;34;;1;0;0;26;0;;
547531;Hořenice;123;72;71;9;0;0;4;;0;1;2;2;1;;1;0;1;11;;;0;4;22;0;0;2;;0;1;0;10;0;;
574074;Hořičky;459;311;307;23;4;0;16;;0;13;11;0;4;;7;1;0;33;;;0;20;102;0;0;41;;0;0;3;27;2;;
574082;Hronov;5 030;3 130;3 091;405;4;1;242;;3;151;145;33;26;;36;2;4;305;;;3;122;956;3;6;311;;15;7;8;296;7;;
574163;Hynčice;151;65;65;0;0;0;7;;0;1;10;0;0;;0;0;0;4;;;1;0;26;0;0;2;;0;0;0;14;0;;
574112;Chvalkovice;591;373;371;20;1;0;14;;0;18;37;3;3;;3;0;1;42;;;2;12;134;0;0;17;;2;0;0;61;1;;
574121;Jaroměř;9 894;5 628;5 584;555;8;1;309;;7;310;454;92;43;;70;7;9;579;;;7;289;1 849;3;15;266;;44;9;11;640;7;;
574139;Jasenná;575;346;344;25;0;0;29;;0;22;21;4;6;;6;0;1;31;;;0;16;98;0;2;34;;6;0;2;40;1;;
574147;Jestřebí;136;98;98;11;0;0;9;;0;5;3;1;1;;3;0;0;12;;;0;2;19;0;0;24;;0;0;0;8;0;;
574155;Jetřichov;381;226;226;26;0;0;22;;0;17;19;0;2;;4;0;0;22;;;0;6;61;0;0;16;;0;0;1;30;0;;
574546;Kramolna;884;668;665;111;0;1;48;;0;22;23;4;5;;8;1;0;78;;;0;39;185;2;1;51;;5;2;0;78;1;;
574171;Křinice;337;188;186;12;0;0;9;;0;10;23;1;1;;3;1;0;20;;;1;7;47;1;3;25;;1;0;1;20;0;;
574180;Lhota pod Hořičkami;233;148;146;21;1;0;5;;1;5;3;2;3;;1;0;0;11;;;0;1;59;1;1;11;;0;0;0;20;0;;
547701;Libchyně;59;44;44;6;0;0;2;;0;0;0;2;1;;0;0;0;6;;;0;2;13;0;0;6;;1;0;0;5;0;;
573388;Litoboř;94;65;65;11;1;0;1;;0;3;1;0;0;;2;0;0;8;;;0;3;17;0;1;8;;0;0;0;9;0;;
574210;Machov;888;576;566;86;1;0;53;;2;44;17;8;7;;4;1;1;41;;;1;27;159;0;1;46;;4;0;1;59;3;;
574228;Martínkovice;423;273;271;16;0;0;20;;1;15;25;0;1;;0;0;0;16;;;0;7;110;0;0;26;;3;0;1;28;2;;
574236;Mezilečí;119;87;87;11;0;0;3;;0;1;9;0;0;;0;0;0;7;;;0;2;27;0;0;13;;1;0;0;13;0;;
574244;Mezilesí;200;128;128;14;0;0;5;;0;12;6;1;0;;1;0;0;14;;;0;4;35;3;2;11;;0;0;1;19;0;;
574252;Meziměstí;2 002;1 095;1 089;65;1;0;148;;1;39;109;9;8;;11;0;0;95;;;1;19;413;3;2;50;;2;1;2;110;0;;
574261;Nahořany;426;277;273;18;0;0;11;;0;11;9;2;4;;5;0;0;25;;;0;12;104;0;1;28;;1;0;0;41;1;;
573868;Náchod;16 069;9 861;9 796;1 007;28;4;1 155;;6;279;552;154;57;;131;8;12;1 017;;;7;443;3 023;19;24;835;;42;11;18;938;26;;
574279;Nové Město nad Metují;7 802;5 284;5 260;677;11;6;328;;5;203;268;65;41;;123;0;2;554;;;9;314;1 557;6;9;515;;42;4;9;495;17;;
574287;Nový Hrádek;615;451;449;40;6;0;38;;0;36;18;3;4;;10;1;0;44;;;3;17;116;0;3;76;;1;2;1;30;0;;
574295;Nový Ples;274;176;174;15;0;0;10;;0;6;15;4;1;;1;1;0;19;;;0;7;52;0;0;15;;2;1;1;23;1;;
574317;Otovice;298;162;159;17;0;0;14;;0;5;14;5;1;;0;0;0;19;;;0;2;66;0;0;5;;2;0;0;9;0;;
574341;Police nad Metují;3 336;2 063;2 052;350;3;2;163;;5;78;123;29;22;;10;2;0;195;;;1;83;579;0;2;192;;5;4;2;196;6;;
574350;Provodov-Šonov;953;651;648;84;1;0;28;;1;34;24;13;7;;5;0;0;85;;;0;15;199;0;0;105;;2;1;0;44;0;;
574368;Přibyslav;157;101;101;11;0;0;2;;0;6;3;0;1;;0;0;0;6;;;0;13;27;0;0;13;;0;0;0;19;0;;
574376;Rasošky;531;334;332;41;0;0;15;;1;15;21;4;2;;5;0;0;29;;;2;14;115;1;0;15;;1;1;1;48;1;;
574384;Rožnov;318;196;196;15;0;0;13;;0;17;14;2;2;;1;1;0;23;;;0;10;60;0;0;9;;2;0;0;27;0;;
574406;Rychnovek;504;314;310;30;0;0;12;;1;19;23;1;2;;1;4;0;26;;;1;14;105;0;1;27;;1;0;2;38;2;;
530786;Říkov;168;115;114;7;0;0;7;;0;5;12;2;2;;4;0;0;13;;;0;6;33;0;0;8;;1;1;2;11;0;;
547727;Sendraž;87;63;63;4;0;0;4;;0;9;2;2;2;;4;0;0;8;;;0;4;9;0;0;8;;0;0;0;7;0;;
574422;Slatina nad Úpou;244;183;183;5;0;0;12;;0;8;9;1;0;;0;0;1;24;;;0;4;51;0;0;39;;2;0;0;27;0;;
574431;Slavětín nad Metují;197;150;148;15;2;0;16;;0;6;4;0;0;;2;0;0;15;;;0;10;52;0;0;6;;1;0;0;17;2;;
574457;Slavoňov;229;175;174;4;1;0;10;;0;7;8;4;1;;5;0;0;18;;;1;7;48;1;1;37;;1;0;1;19;0;;
574465;Stárkov;521;342;341;31;0;0;26;;1;13;23;4;2;;6;0;0;38;;;0;11;115;1;0;26;;0;0;1;42;1;;
574481;Studnice;866;616;614;66;0;0;45;;0;25;38;21;4;;10;0;0;46;;;1;30;211;4;0;46;;4;1;3;57;2;;
574490;Suchý Důl;325;225;219;31;0;0;18;;0;19;8;4;0;;1;0;0;25;;;0;11;60;0;0;21;;0;1;0;19;1;;
547654;Šestajovice;152;91;91;7;0;0;8;;0;5;8;0;1;;1;0;0;10;;;0;4;30;0;0;5;;0;0;1;10;1;;
574511;Šonov;240;129;129;8;0;0;9;;0;3;27;1;0;;0;0;0;10;;;0;0;46;0;0;3;;0;1;0;21;0;;
574538;Teplice nad Metují;1 400;826;816;85;1;0;44;;1;75;86;9;5;;13;1;0;83;;;4;60;221;0;0;36;;6;1;1;83;1;;
574554;Velichovky;700;504;502;51;4;1;35;;3;43;29;4;7;;8;1;2;50;;;0;20;169;3;1;27;;3;0;4;35;2;;
574562;Velká Jesenice;613;375;371;20;0;1;27;;1;21;25;4;3;;5;0;0;26;;;0;13;138;0;0;54;;1;0;0;31;1;;
574571;Velké Petrovice;335;217;217;24;0;0;38;;0;6;12;1;2;;5;2;0;43;;;0;4;34;1;1;13;;3;2;0;26;0;;
547646;Velké Poříčí;1 879;1 275;1 259;208;1;0;92;;1;36;77;13;11;;13;0;1;93;;;2;72;387;2;3;119;;3;0;5;116;4;;
574589;Velký Třebešov;260;174;172;21;1;1;13;;0;3;11;2;4;;2;0;0;14;;;0;4;55;0;3;16;;0;0;1;20;1;;
547743;Vernéřovice;256;148;146;11;0;0;9;;0;13;10;0;1;;1;0;0;10;;;0;6;56;0;0;6;;1;0;0;21;1;;
547565;Vestec;146;105;104;17;0;0;10;;0;2;4;3;0;;0;0;0;16;;;0;2;24;0;0;10;;0;1;0;15;0;;
574601;Vlkov;300;195;194;20;0;0;12;;0;13;18;8;5;;2;0;0;8;;;1;12;54;1;1;10;;0;2;0;25;2;;
574627;Vršovka;107;77;77;11;0;0;7;;0;1;2;0;1;;0;0;0;12;;;0;10;19;0;0;5;;0;0;0;9;0;;
574635;Vysoká Srbská;217;137;135;20;1;0;10;;0;9;3;1;2;;0;0;0;8;;;0;9;52;1;0;13;;1;0;0;5;0;;
574643;Vysokov;380;272;270;32;0;0;11;;1;9;23;1;1;;2;0;0;23;;;0;20;85;4;0;27;;3;0;1;25;2;;
574651;Zábrodí;417;286;281;41;0;0;26;;1;14;8;4;0;;6;0;0;40;;;0;12;62;0;0;35;;2;0;0;28;2;;
574660;Zaloňov;367;246;245;4;3;1;13;;0;16;26;3;3;;1;0;0;15;;;0;6;88;0;1;4;;1;2;2;55;1;;
574686;Žďár nad Metují;522;340;337;59;0;1;14;;2;20;15;3;2;;2;0;0;30;;;0;19;106;1;2;24;;1;1;3;31;1;;
574694;Žďárky;454;301;296;58;0;1;25;;0;16;12;0;2;;1;0;2;14;;;0;13;85;1;0;38;;0;1;2;25;0;;
574708;Žernov;203;142;141;28;0;0;7;;2;5;2;6;2;;2;0;1;12;;;0;21;34;0;0;10;;1;0;0;8;0;;
576077;Albrechtice nad Orlicí;818;526;525;73;1;2;28;;0;25;56;6;2;;9;0;0;46;;;0;42;158;0;1;14;;5;0;1;54;2;;
576085;Bačetín;326;230;226;21;0;0;12;;1;8;14;3;3;;5;0;2;15;;;3;9;64;1;2;23;;1;0;0;36;3;;
576093;Bartošovice v Orlických horách;161;115;112;11;0;0;4;;0;6;15;2;0;;2;0;0;3;;;1;7;24;0;0;31;;0;0;0;6;0;;
576107;Bílý Újezd;517;356;354;33;1;0;13;;0;16;19;1;7;;5;0;0;23;;;0;10;133;0;0;42;;0;1;0;49;1;;
576115;Bohdašín;198;141;140;11;0;0;2;;0;6;11;0;0;;6;1;0;12;;;0;8;24;0;0;44;;2;0;0;12;1;;
576123;Bolehošť;454;268;265;17;1;0;15;;0;10;34;3;9;;7;0;0;16;;;0;3;97;1;1;24;;0;0;1;23;3;;
576131;Borohrádek;1 657;861;851;94;1;1;72;;1;28;92;4;17;;8;3;0;66;;;1;42;280;1;1;38;;2;2;1;92;4;;
576140;Borovnice;315;175;175;25;1;2;14;;0;1;22;5;0;;2;0;0;14;;;0;5;50;0;2;15;;0;0;0;17;0;;
576166;Bystré;206;162;161;18;0;0;7;;0;6;21;1;2;;2;0;0;15;;;0;24;41;0;0;14;;0;1;1;8;0;;
576174;Byzhradec;173;103;102;17;0;0;2;;0;5;2;3;1;;1;0;0;11;;;0;7;36;0;0;10;;0;0;1;6;0;;
576182;Častolovice;1 302;798;793;86;3;0;46;;0;16;92;13;7;;7;0;1;71;;;1;52;265;0;3;45;;2;1;1;76;5;;
576191;Čermná nad Orlicí;809;543;540;36;2;0;34;;0;34;83;4;3;;5;0;0;40;;;0;14;174;1;1;16;;4;0;3;86;0;;
576204;Černíkovice;583;372;372;35;0;0;23;;0;22;21;4;7;;3;1;0;28;;;0;10;147;2;0;30;;5;0;1;33;0;;
576212;České Meziříčí;1 435;856;849;74;1;1;53;;1;96;60;15;6;;13;2;1;76;;;2;33;249;12;2;63;;3;1;1;82;2;;
576221;Čestice;460;288;288;24;0;0;22;;0;9;37;8;2;;9;0;0;30;;;0;12;94;0;0;8;;0;0;0;33;0;;
576247;Deštné v Orlických horách;521;369;364;79;7;0;17;;0;18;17;2;3;;3;0;0;48;;;0;31;74;0;1;31;;2;0;0;28;3;;
576263;Dobré;688;484;483;39;1;0;29;;0;15;26;6;6;;13;3;2;32;;;1;13;178;1;0;61;;2;0;2;53;0;;
576271;Dobruška;5 476;3 629;3 599;315;5;2;231;;2;123;274;26;39;;67;3;2;376;;;3;213;1 191;2;11;382;;28;2;8;288;6;;
576280;Dobřany;97;71;70;10;0;0;7;;0;0;2;2;0;;0;0;0;3;;;1;6;29;0;0;7;;0;0;0;3;0;;
576301;Doudleby nad Orlicí;1 534;959;958;95;5;1;70;;5;35;71;6;10;;17;0;0;80;;;1;27;332;2;5;38;;1;3;4;146;4;;
548642;Hřibiny-Ledská;274;176;174;19;0;0;13;;0;7;20;1;1;;2;1;0;19;;;0;5;54;0;3;11;;1;2;0;14;1;;
576310;Chleny;189;130;130;15;0;0;5;;0;8;15;4;2;;1;1;1;18;;;0;2;34;0;0;17;;1;0;0;6;0;;
548791;Chlístov;74;58;58;4;0;0;7;;0;2;4;2;0;;0;0;0;2;;;0;4;13;0;0;10;;0;0;0;10;0;;
548782;Jahodov;82;57;54;8;0;0;5;;0;3;9;0;0;;2;0;1;5;;;0;1;11;0;0;1;;0;0;1;7;0;;
576328;Janov;93;73;72;2;0;0;3;;0;0;6;2;1;;0;0;0;2;;;1;5;11;0;0;29;;0;0;0;9;1;;
576336;Javornice;808;568;562;74;0;1;42;;0;23;31;8;4;;12;0;0;71;;;0;15;205;0;6;27;;0;0;0;42;1;;
576361;Kostelec nad Orlicí;4 977;3 130;3 089;427;3;2;215;;2;90;215;31;25;;51;2;6;334;;;4;137;982;3;17;135;;16;6;3;373;10;;
576387;Kostelecké Horky;123;81;80;2;0;0;9;;0;6;1;5;2;;0;0;1;13;;;0;0;19;0;0;11;;0;0;0;11;0;;
576395;Kounov;195;141;138;12;0;0;5;;0;10;5;1;0;;1;1;0;14;;;0;6;47;0;0;21;;0;0;1;14;0;;
576409;Králova Lhota;179;127;126;9;0;0;9;;0;7;9;1;1;;5;0;1;18;;;0;3;40;0;0;8;;0;0;1;14;0;;
548685;Krchleby;70;50;50;1;0;0;9;;0;3;3;1;1;;0;0;0;4;;;0;1;18;0;0;7;;0;0;0;2;0;;
576425;Kvasiny;1 093;681;673;52;0;0;48;;1;11;35;15;2;;8;2;0;44;;;2;23;287;2;3;46;;4;3;2;81;2;;
576441;Lhoty u Potštejna;248;163;162;8;0;0;13;;0;12;8;1;1;;6;0;0;14;;;0;4;71;0;1;2;;2;0;1;18;0;;
548651;Libel;115;77;76;15;0;0;5;;0;3;6;0;0;;1;0;0;3;;;0;1;22;0;0;2;;0;0;1;16;1;;
576450;Liberk;568;346;340;14;0;0;24;;0;22;22;2;9;;6;0;1;33;;;0;7;119;0;1;20;;0;0;1;59;0;;
576468;Lično;507;334;332;31;0;1;21;;0;18;16;7;3;;6;0;0;29;;;0;17;106;1;2;32;;1;1;0;39;1;;
576476;Lípa nad Orlicí;439;273;271;23;0;0;24;;0;7;29;2;4;;3;0;0;40;;;0;15;83;0;0;10;;1;0;0;28;2;;
576492;Lukavice;499;329;327;35;1;0;20;;0;15;13;4;5;;10;1;1;36;;;0;13;139;0;2;8;;1;0;0;23;0;;
576506;Lupenice;214;152;152;41;1;0;14;;0;0;8;1;2;;1;0;0;6;;;0;2;43;0;0;4;;2;0;0;27;0;;
576522;Mokré;126;77;77;6;0;0;7;;0;1;6;1;0;;3;0;0;8;;;0;1;35;0;0;3;;0;0;0;6;0;;
576549;Nová Ves;154;114;114;15;0;0;10;;0;6;11;1;0;;0;0;0;13;;;0;2;28;0;0;2;;5;0;2;17;2;;
576557;Očelice;191;130;130;7;0;0;17;;0;3;10;1;1;;0;0;0;16;;;0;5;47;0;1;14;;0;0;2;6;0;;
576565;Ohnišov;406;288;285;25;1;0;12;;0;15;24;3;3;;1;0;1;19;;;0;10;108;0;1;29;;2;1;3;26;1;;
576581;Olešnice;374;240;240;29;0;0;30;;0;10;31;1;1;;3;0;0;18;;;2;12;60;0;0;19;;0;0;0;23;1;;
576573;Olešnice v Orlických horách;373;202;200;26;1;0;17;;1;9;19;2;4;;3;0;0;26;;;0;4;49;0;0;12;;3;0;0;23;1;;
576590;Opočno;2 525;1 635;1 622;153;2;0;112;;5;82;106;21;8;;22;3;3;145;;;2;106;489;1;17;142;;16;6;0;174;7;;
576603;Orlické Záhoří;175;100;99;5;0;0;6;;0;5;16;4;3;;0;0;0;24;;;0;4;23;1;1;4;;0;0;0;3;0;;
576611;Osečnice;224;142;141;11;0;0;8;;0;1;11;2;1;;1;0;0;10;;;0;0;60;0;0;20;;0;1;0;15;0;;
576620;Pěčín;401;222;222;15;0;2;13;;0;16;15;2;4;;1;0;0;20;;;0;7;76;0;1;13;;0;0;1;36;0;;
576654;Podbřezí;414;313;306;18;3;0;12;;0;8;9;4;5;;4;0;1;36;;;0;11;88;1;0;80;;1;0;0;25;0;;
576662;Pohoří;545;387;386;43;0;1;30;;0;35;20;3;1;;7;3;0;38;;;1;16;94;1;2;33;;0;0;0;57;1;;
548723;Polom;109;74;74;9;0;0;4;;0;3;10;1;0;;1;0;0;9;;;0;4;23;1;1;5;;1;0;0;1;1;;
576671;Potštejn;767;531;523;55;0;0;32;;0;23;38;12;10;;7;1;1;60;;;0;26;152;1;0;31;;3;1;1;67;2;;
548758;Proruby;40;31;31;2;0;0;6;;0;0;2;0;0;;0;0;0;7;;;0;0;13;0;0;0;;0;0;0;1;0;;
576689;Přepychy;516;303;298;38;0;0;27;;1;10;26;1;5;;0;0;0;19;;;0;4;76;0;2;45;;1;1;0;42;0;;
548669;Rohenice;219;135;134;11;0;0;9;;0;11;9;2;0;;0;0;0;11;;;0;4;42;0;0;15;;1;0;1;16;2;;
576701;Rokytnice v Orlických horách;1 688;879;877;103;3;0;81;;1;55;62;14;12;;7;0;2;91;;;3;36;224;0;3;67;;3;1;2;103;4;;
576727;Rybná nad Zdobnicí;347;242;240;18;1;1;8;;0;8;26;5;6;;0;1;0;23;;;0;7;69;0;2;20;;0;0;3;42;0;;
576069;Rychnov nad Kněžnou;8 782;5 365;5 331;706;7;2;342;;3;246;445;76;36;;117;5;5;534;;;7;197;1 648;7;11;327;;18;5;10;560;17;;
576735;Říčky v Orlických horách;93;66;64;18;1;0;3;;0;3;2;0;1;;3;0;0;8;;;0;0;11;1;2;6;;0;2;0;3;0;;
576743;Sedloňov;195;121;121;5;1;1;2;;0;5;11;2;2;;3;0;0;10;;;0;17;37;0;0;6;;1;0;0;18;0;;
576751;Semechnice;333;240;239;36;0;0;17;;0;16;9;5;1;;4;0;0;22;;;0;7;82;0;0;15;;1;0;3;21;0;;
576778;Skuhrov nad Bělou;882;592;586;34;0;0;33;;0;22;45;11;7;;11;1;0;46;;;0;28;224;0;4;51;;3;1;1;61;3;;
576786;Slatina nad Zdobnicí;678;430;425;40;0;0;28;;0;24;37;12;8;;2;1;0;38;;;1;7;145;0;1;27;;1;1;1;49;2;;
576794;Sněžné;108;82;81;10;0;0;7;;0;3;2;0;1;;0;0;0;4;;;0;5;28;1;1;13;;0;0;0;6;0;;
576808;Solnice;1 715;1 054;1 050;115;2;1;60;;1;39;62;9;11;;20;1;0;78;;;0;27;447;0;1;65;;2;1;2;104;2;;
548693;Svídnice;141;88;87;4;0;0;1;;0;4;6;2;0;;1;0;0;7;;;0;9;36;0;0;7;;0;0;0;10;0;;
576816;Synkov-Slemeno;308;192;192;12;1;0;4;;0;9;17;0;3;;3;0;0;24;;;0;7;62;0;1;15;;1;1;2;30;0;;
576824;Trnov;599;399;399;31;0;1;23;;0;29;33;2;4;;10;0;0;36;;;0;16;123;0;0;52;;3;0;0;34;2;;
576832;Třebešov;209;150;150;24;0;0;6;;0;4;17;1;0;;1;0;0;13;;;0;3;43;0;1;13;;0;1;1;22;0;;
576841;Tutleky;289;197;197;30;0;0;6;;0;6;26;3;5;;2;0;0;18;;;0;3;64;0;2;9;;0;0;1;22;0;;
576859;Týniště nad Orlicí;4 897;2 949;2 925;249;10;6;208;;2;111;343;28;23;;45;3;4;302;;;4;151;878;3;7;139;;40;3;7;324;35;;
576875;Val;240;169;169;8;0;0;2;;0;1;8;2;1;;5;0;0;17;;;0;6;68;0;0;36;;0;0;0;15;0;;
576883;Vamberk;3 681;2 184;2 164;228;11;5;145;;2;79;185;25;27;;34;0;0;188;;;1;63;723;3;9;92;;17;0;5;317;5;;
576891;Voděrady;568;396;392;52;0;0;23;;0;23;34;2;5;;3;1;1;38;;;0;15;114;0;0;33;;1;0;1;42;4;;
548707;Vrbice;120;89;88;12;0;0;6;;0;10;1;0;4;;0;1;0;5;;;0;6;13;1;0;19;;2;0;0;8;0;;
576921;Záměl;523;344;340;32;0;0;22;;1;20;33;6;4;;7;0;0;43;;;1;9;115;1;2;13;;1;0;0;27;3;;
576930;Zdelov;200;131;131;9;1;1;9;;0;3;12;1;0;;8;0;0;13;;;0;10;34;0;0;1;;1;0;1;27;0;;
576948;Zdobnice;154;100;100;14;1;0;0;;0;3;4;6;1;;3;3;0;13;;;0;1;25;0;0;9;;0;0;4;12;1;;
576956;Žďár nad Orlicí;395;229;227;21;0;1;19;;0;24;12;4;1;;1;1;3;29;;;0;10;62;2;0;10;;1;0;3;17;6;;
579041;Batňovice;635;415;414;53;0;0;20;;0;10;27;3;1;;5;0;1;44;;;1;8;133;1;0;46;;1;1;0;58;1;;
579050;Bernartice;725;441;439;41;0;0;26;;0;15;54;3;4;;4;0;0;37;;;2;4;155;0;0;16;;2;15;1;59;1;;
579068;Bílá Třemešná;1 081;678;674;39;1;0;41;;0;24;50;12;10;;15;0;1;84;;;3;18;230;1;3;34;;8;1;2;94;3;;
579076;Bílé Poličany;134;98;98;10;0;0;8;;0;7;12;1;0;;0;0;0;6;;;0;0;41;1;0;1;;0;0;0;10;1;;
579092;Borovnice;305;178;174;24;0;0;10;;1;15;12;5;0;;0;0;0;11;;;0;4;52;2;0;20;;2;5;0;10;1;;
548821;Borovnička;157;90;90;11;0;0;8;;0;3;8;0;1;;1;0;0;8;;;0;3;27;0;4;4;;0;0;1;11;0;;
579106;Čermná;316;194;193;15;0;1;14;;0;12;27;2;3;;4;2;0;10;;;0;11;59;0;0;5;;1;0;4;22;1;;
579114;Černý Důl;576;410;408;53;1;0;24;;1;32;39;5;5;;4;1;0;45;;;0;22;125;0;1;7;;0;2;2;39;0;;
579122;Dolní Branná;803;590;585;87;2;0;38;;1;60;37;3;4;;16;0;0;61;;;0;23;152;1;2;20;;4;0;0;74;0;;
554863;Dolní Brusnice;314;215;213;29;0;0;6;;1;12;20;1;1;;2;1;1;27;;;0;12;59;0;0;4;;1;0;0;34;2;;
579149;Dolní Dvůr;228;148;148;18;1;0;8;;0;31;11;3;2;;2;1;0;17;;;0;11;28;0;0;3;;0;0;0;12;0;;
579157;Dolní Kalná;544;359;358;33;0;0;15;;0;42;23;4;3;;6;0;0;39;;;1;21;120;0;1;14;;1;0;0;34;1;;
579165;Dolní Lánov;600;327;326;41;0;0;11;;0;39;22;1;2;;5;2;1;31;;;0;15;103;0;1;11;;1;1;0;39;0;;
579173;Dolní Olešnice;292;186;186;13;0;0;7;;1;8;15;0;2;;0;0;0;22;;;0;6;81;0;0;5;;0;0;1;25;0;;
579181;Doubravice;308;196;194;24;0;0;6;;0;13;14;2;0;;2;0;0;19;;;1;7;63;1;0;9;;1;0;0;30;2;;
579190;Dubenec;561;378;375;25;0;1;19;;3;36;37;6;4;;9;0;1;30;;;0;11;142;0;2;10;;0;0;1;37;1;;
579203;Dvůr Králové nad Labem;12 917;7 735;7 672;1 046;4;5;505;;7;237;426;96;61;;103;7;7;882;;;5;367;2 737;4;13;292;;65;11;16;760;16;;
579211;Hajnice;786;455;452;62;0;0;30;;1;9;34;13;5;;4;1;0;56;;;0;17;145;0;0;8;;5;1;2;56;3;;
579220;Havlovice;784;544;543;80;1;0;26;;1;27;33;8;7;;11;2;0;42;;;1;42;168;0;5;34;;3;1;1;50;0;;
579238;Horní Brusnice;378;207;204;28;0;0;13;;0;14;13;1;7;;2;1;0;17;;;0;6;64;0;0;8;;1;0;0;29;0;;
579254;Horní Kalná;292;196;193;28;0;0;8;;0;29;8;4;0;;2;0;0;16;;;0;18;45;0;0;15;;0;0;1;19;0;;
579262;Horní Maršov;873;581;577;95;1;0;26;;0;30;37;10;6;;2;4;0;69;;;1;49;146;2;2;15;;6;1;2;71;2;;
579271;Horní Olešnice;263;157;155;13;0;0;11;;0;7;11;2;1;;0;0;0;15;;;0;5;55;0;0;7;;1;0;1;24;2;;
579297;Hostinné;3 619;2 134;2 118;153;3;2;129;;3;144;195;23;24;;18;0;2;212;;;1;80;784;2;1;90;;13;1;5;228;5;;
579301;Hřibojedy;175;115;114;2;0;0;9;;1;7;12;1;1;;0;0;0;11;;;0;10;37;0;0;4;;1;0;0;18;0;;
579319;Chotěvice;835;448;446;48;1;0;31;;0;29;45;3;6;;2;1;1;30;;;0;11;174;0;2;9;;1;0;1;48;3;;
579327;Choustníkovo Hradiště;482;245;242;18;1;0;9;;1;15;13;5;0;;2;0;0;23;;;0;17;77;0;0;21;;0;0;7;32;1;;
579335;Chvaleč;538;312;311;43;0;1;17;;0;16;34;0;4;;5;0;0;38;;;0;8;93;0;0;3;;3;1;0;45;0;;
579351;Janské Lázně;745;486;476;80;0;0;27;;0;17;27;3;6;;4;0;3;73;;;0;46;117;1;0;35;;1;1;0;33;2;;
579378;Jívka;444;259;256;25;0;0;14;;1;6;30;2;3;;1;0;0;19;;;2;8;100;0;2;5;;1;0;0;36;1;;
579386;Klášterská Lhota;178;116;115;2;0;0;10;;0;8;10;1;5;;1;0;0;8;;;0;3;25;0;0;7;;2;0;0;33;0;;
579394;Kocbeře;419;261;260;17;0;0;9;;0;10;23;8;2;;2;2;0;33;;;1;16;88;0;1;8;;0;0;3;33;4;;
579408;Kohoutov;226;147;146;26;0;1;1;;0;4;19;7;4;;5;1;0;23;;;0;5;29;0;0;1;;3;2;0;15;0;;
530808;Královec;156;87;86;8;0;0;4;;0;0;7;1;0;;0;0;0;6;;;0;4;45;0;0;2;;0;0;0;9;0;;
579416;Kuks;234;142;140;13;0;1;4;;0;5;15;1;2;;3;0;0;13;;;3;8;40;0;0;7;;2;1;0;21;1;;
579424;Kunčice nad Labem;458;281;281;30;0;0;12;;0;40;19;3;1;;1;1;0;28;;;0;19;78;0;1;2;;1;1;2;39;3;;
548804;Lampertice;339;179;178;8;0;0;13;;1;0;26;0;1;;1;0;2;16;;;0;1;67;0;0;4;;0;0;1;36;1;;
579432;Lánov;1 396;892;884;80;0;2;35;;2;89;88;8;9;;24;2;1;85;;;0;35;251;0;1;24;;10;0;2;135;1;;
579441;Lanžov;156;103;101;8;0;0;10;;0;5;4;1;0;;1;0;0;14;;;0;0;39;0;0;3;;1;0;0;15;0;;
579475;Libňatov;303;218;218;28;0;0;14;;0;7;13;4;2;;4;0;0;22;;;0;11;77;0;0;11;;0;0;1;24;0;;
579483;Libotov;157;110;110;8;1;0;2;;0;4;11;3;3;;2;0;0;13;;;1;5;41;1;0;3;;0;0;2;10;0;;
546470;Litíč;130;86;86;9;0;1;3;;0;3;4;2;0;;3;1;0;15;;;0;3;23;0;0;3;;1;0;0;15;0;;
579505;Malá Úpa;193;177;177;40;0;0;2;;0;15;2;2;0;;1;0;0;47;;;0;30;22;0;0;7;;0;0;0;9;0;;
579513;Malé Svatoňovice;1 401;956;946;93;29;1;69;;1;37;64;15;11;;13;1;3;97;;;3;38;293;0;3;59;;9;0;10;94;3;;
579530;Maršov u Úpice;146;94;93;12;0;0;4;;0;0;10;0;2;;0;0;0;7;;;1;2;34;0;0;7;;0;0;0;14;0;;
579548;Mladé Buky;1 839;1 072;1 066;125;2;1;72;;0;72;80;7;11;;20;1;2;113;;;1;46;298;0;6;42;;1;0;7;156;3;;
579556;Mostek;1 007;631;625;44;0;0;29;;1;26;76;8;10;;8;0;0;73;;;3;18;210;1;1;40;;1;0;1;73;2;;
579564;Nemojov;564;365;359;34;1;3;12;;2;12;18;7;2;;10;0;0;34;;;0;16;129;0;0;14;;5;1;1;55;3;;
579581;Pec pod Sněžkou;706;540;530;183;0;0;12;;0;29;13;9;3;;6;1;0;95;;;1;57;69;2;0;14;;5;1;2;28;0;;
579599;Pilníkov;975;571;571;51;0;1;31;;1;22;51;9;5;;8;2;1;54;;;1;21;202;0;0;16;;6;2;0;85;2;;
579602;Prosečné;456;294;290;33;0;0;15;;0;20;36;0;7;;0;0;0;28;;;0;11;87;0;0;2;;3;2;0;46;0;;
579629;Radvanice;779;398;396;35;0;0;24;;0;13;57;3;7;;2;1;0;40;;;1;10;135;0;2;15;;0;0;3;48;0;;
579637;Rtyně v Podkrkonoší;2 472;1 606;1 588;156;4;2;130;;2;79;97;19;19;;31;3;4;148;;;1;62;472;1;4;151;;8;3;3;185;4;;
579645;Rudník;1 716;979;968;92;1;0;52;;1;97;84;10;12;;10;2;1;84;;;1;37;346;1;3;25;;3;1;2;100;3;;
548812;Stanovice;49;32;32;7;0;0;1;;0;8;2;0;1;;0;0;0;1;;;0;4;5;0;0;0;;0;0;0;3;0;;
579661;Staré Buky;453;319;315;56;0;0;24;;0;5;26;2;1;;6;0;0;24;;;0;2;122;0;0;7;;0;2;2;36;0;;
579696;Strážné;214;170;170;57;1;0;7;;0;5;1;3;0;;5;0;0;32;;;1;18;27;0;0;7;;1;0;0;5;0;;
579726;Suchovršice;286;203;203;28;0;0;15;;1;7;16;1;0;;4;0;0;13;;;0;3;63;0;0;20;;0;2;0;29;1;;
579734;Svoboda nad Úpou;1 647;1 029;1 017;142;4;0;71;;0;18;79;8;17;;18;8;0;99;;;1;59;302;2;6;46;;6;0;3;128;0;;
579742;Špindlerův Mlýn;1 179;901;890;206;0;0;35;;0;75;27;18;5;;12;1;3;136;;;2;91;162;2;0;38;;6;0;0;67;4;;
579751;Trotina;68;44;43;3;0;0;7;;0;4;3;0;0;;0;0;0;5;;;0;0;15;0;0;0;;0;0;0;6;0;;
579025;Trutnov;24 640;14 946;14 828;2 676;17;7;859;;11;376;1 032;212;89;;262;7;13;1 885;;;24;596;4 516;11;45;480;;66;17;32;1 555;40;;
579769;Třebihošť;348;229;225;34;0;0;13;;0;7;21;5;4;;6;1;1;29;;;0;14;53;0;0;10;;1;0;1;25;0;;
579777;Úpice;4 527;2 530;2 508;263;3;3;153;;3;74;218;24;26;;15;1;3;190;;;2;110;922;3;7;152;;16;2;2;307;9;;
579785;Velké Svatoňovice;1 018;649;646;65;1;2;39;;2;23;43;4;6;;15;1;0;74;;;1;29;214;0;1;44;;7;0;1;72;2;;
579793;Velký Vřešťov;189;121;121;8;0;0;10;;0;9;5;2;1;;5;0;0;8;;;0;11;47;0;0;3;;0;1;0;10;1;;
574597;Vilantice;155;112;111;5;0;1;9;;1;9;12;0;0;;1;0;0;14;;;0;3;25;0;0;11;;0;0;0;19;1;;
579815;Vítězná;1 100;616;611;53;0;1;22;;0;11;36;6;13;;10;3;0;63;;;1;78;191;1;5;14;;2;0;4;96;1;;
579823;Vlčice;402;257;255;41;1;1;7;;2;10;33;2;2;;3;0;0;31;;;1;15;79;0;3;4;;3;0;0;17;0;;
579831;Vlčkovice v Podkrkonoší;311;186;186;16;0;0;7;;0;5;10;1;1;;2;0;2;17;;;0;7;87;0;0;6;;3;1;1;20;0;;
579858;Vrchlabí;9 924;6 314;6 275;822;10;7;290;;6;935;308;83;46;;117;11;3;662;;;5;319;1 711;5;6;200;;35;5;21;657;11;;
548839;Zábřezí-Řečice;116;93;93;10;0;0;2;;0;3;7;0;0;;3;0;0;8;;;0;7;40;0;0;2;;0;1;2;7;1;;
548847;Zdobín;97;71;71;7;0;0;6;;0;6;2;1;0;;1;0;0;6;;;0;4;30;0;0;0;;0;0;2;6;0;;
579866;Zlatá Olešnice;164;87;87;17;0;0;1;;0;2;11;1;2;;3;0;0;7;;;0;6;25;0;0;1;;2;0;1;8;0;;
579874;Žacléř;2 635;1 427;1 408;206;3;0;92;;1;16;166;15;20;;15;2;0;137;;;3;40;509;1;2;23;;4;5;0;138;10;;
571181;Běstvina;440;247;246;28;0;0;10;;0;6;17;3;2;;0;0;0;24;;;0;3;110;0;2;17;;4;0;0;20;0;;
573949;Biskupice;52;34;34;2;0;0;5;;0;0;2;0;0;;0;0;0;2;;;0;0;17;0;0;3;;0;0;0;3;0;;
505005;Bítovany;330;215;214;26;0;0;16;;0;10;26;0;2;;6;0;0;25;;;0;6;74;0;0;4;;2;0;3;14;0;;
571202;Bojanov;537;357;356;31;1;1;34;;0;20;27;0;5;;7;0;1;31;;;0;12;87;0;1;35;;0;2;1;58;2;;
547867;Bor u Skutče;118;83;83;10;0;1;9;;0;11;6;1;3;;0;0;0;7;;;0;3;15;0;2;4;;1;0;0;10;0;;
571229;Bořice;148;81;81;13;0;0;2;;0;9;15;2;0;;2;1;0;7;;;0;0;18;0;0;3;;0;1;1;6;1;;
571237;Bousov;172;111;110;3;1;0;5;;1;6;11;2;0;;2;0;1;10;;;0;0;46;0;1;4;;2;0;0;14;1;;
571245;Bylany;301;203;203;19;0;0;17;;0;6;16;2;0;;1;1;0;25;;;0;6;76;0;0;13;;0;0;1;20;0;;
571253;Ctětín;223;141;140;6;0;0;9;;0;4;27;4;1;;0;0;0;12;;;1;5;49;0;1;3;;1;1;2;13;1;;
571270;Čankovice;269;158;157;8;1;0;12;;0;4;20;1;5;;2;0;0;18;;;0;3;55;0;1;10;;3;0;2;12;0;;
571296;České Lhotice;90;69;68;9;0;0;12;;0;4;3;1;2;;1;0;0;5;;;0;1;18;0;0;7;;0;0;0;5;0;;
571300;Dědová;116;76;75;1;0;0;6;;0;4;14;1;0;;1;0;0;3;;;0;0;25;0;0;17;;0;0;0;3;0;;
505030;Dolní Bezděkov;160;94;94;13;0;0;8;;0;1;19;1;2;;4;0;2;6;;;0;1;26;0;0;3;;0;0;0;8;0;;
504301;Dřenice;323;197;197;14;0;0;23;;0;6;12;3;1;;2;0;2;19;;;0;10;78;0;1;3;;1;0;0;22;0;;
504955;Dvakačovice;118;80;79;9;0;0;2;;0;8;6;0;0;;4;0;0;9;;;0;3;21;0;0;3;;0;0;0;14;0;;
571377;Hamry;195;103;100;14;0;0;7;;3;1;3;0;1;;1;1;0;5;;;0;1;40;0;1;4;;1;0;0;17;0;;
571385;Heřmanův Městec;3 955;2 406;2 388;282;3;1;129;;1;60;149;26;9;;41;1;1;275;;;3;77;771;1;2;315;;20;2;3;199;17;;
571393;Hlinsko;7 979;5 087;5 054;469;8;5;502;;5;120;471;33;34;;68;1;6;460;;;2;124;1 732;6;14;430;;20;5;8;460;71;;
571407;Hluboká;155;104;103;5;0;0;7;;0;4;4;0;4;;0;0;0;12;;;0;1;24;0;0;28;;1;0;1;12;0;;
547794;Hodonín;66;46;45;6;0;0;3;;0;0;3;0;0;;1;0;0;0;;;0;1;14;0;0;12;;0;0;0;5;0;;
571440;Holetín;644;426;423;46;1;0;25;;1;8;33;3;4;;4;0;1;24;;;0;10;170;0;3;23;;0;1;2;57;7;;
571458;Honbice;145;84;84;2;0;0;8;;0;4;5;1;1;;0;0;0;3;;;0;5;39;0;0;10;;0;0;0;6;0;;
571466;Horka;322;222;221;24;1;0;23;;0;18;12;1;1;;2;1;1;13;;;0;16;70;0;1;12;;5;0;2;18;0;;
571474;Horní Bradlo;392;259;258;37;0;4;26;;0;12;35;4;1;;6;0;0;20;;;0;8;73;0;0;9;;2;1;0;19;1;;
571482;Hošťalovice;114;72;72;4;0;0;5;;0;3;14;0;1;;0;0;0;9;;;0;0;22;0;0;3;;0;0;0;11;0;;
571491;Hrochův Týnec;1 551;885;879;86;1;0;48;;2;49;85;9;11;;7;1;2;85;;;0;27;271;0;1;85;;3;1;8;96;1;;
571504;Hroubovice;283;161;161;19;0;0;10;;0;7;17;3;0;;2;0;0;17;;;0;2;51;0;1;6;;0;1;2;23;0;;
571539;Chrast;2 467;1 466;1 454;135;1;3;116;;0;62;170;10;15;;15;0;1;124;;;0;42;449;3;2;77;;2;6;4;207;10;;
571547;Chroustovice;1 006;608;606;59;0;0;76;;0;34;59;10;11;;5;0;3;39;;;0;10;192;1;1;22;;3;3;2;72;4;;
571164;Chrudim;18 485;11 598;11 518;1 445;10;25;897;;11;655;813;157;74;;284;11;15;1 310;;;11;581;3 442;8;15;555;;90;19;14;1 039;37;;
547816;Jeníkov;361;241;241;6;0;1;24;;0;13;11;2;2;;3;0;0;15;;;1;7;91;0;0;53;;0;0;0;11;1;;
571563;Jenišovice;347;202;201;22;1;1;12;;0;15;15;2;5;;2;0;1;29;;;0;6;51;2;0;19;;2;0;0;14;2;;
571571;Kameničky;627;438;432;26;0;0;32;;0;13;24;4;1;;4;0;0;26;;;0;9;134;0;0;118;;4;0;0;34;3;;
571580;Kladno;205;141;141;7;0;0;13;;0;2;15;1;2;;0;0;0;10;;;0;2;41;0;1;23;;1;0;3;13;7;;
573787;Klešice;303;193;193;23;0;0;14;;0;11;17;1;4;;0;0;0;35;;;0;6;56;0;0;9;;0;0;0;16;1;;
574007;Kněžice;125;82;82;3;0;0;1;;0;2;15;0;1;;1;0;0;8;;;0;2;31;0;1;7;;0;0;0;10;0;;
571610;Kočí;499;353;347;42;0;0;23;;1;27;24;2;4;;12;0;1;18;;;0;11;109;1;0;13;;10;0;0;49;0;;
571628;Kostelec u Heřmanova Městce;284;195;191;13;0;0;10;;0;4;21;1;0;;5;1;0;20;;;2;17;61;0;1;10;;1;0;0;24;0;;
571652;Krásné;128;100;100;6;0;0;13;;0;4;14;0;0;;0;0;0;8;;;0;0;37;0;0;4;;0;0;0;13;1;;
571661;Krouna;1 142;743;738;78;1;0;34;;0;48;57;7;6;;10;0;0;76;;;1;15;242;0;0;88;;6;1;3;61;4;;
547824;Křižanovice;96;61;61;9;0;0;21;;0;3;1;2;0;;0;0;0;3;;;0;2;13;0;0;0;;0;0;0;7;0;;
504807;Lány;201;144;142;11;0;0;10;;2;10;3;1;1;;4;0;0;15;;;0;3;61;0;0;15;;2;0;0;4;0;;
571709;Leštinka;127;84;83;1;0;2;9;;0;10;9;0;1;;1;0;0;9;;;0;1;28;0;0;5;;0;0;0;7;0;;
571725;Libkov;76;63;62;1;0;0;6;;0;1;5;1;0;;0;0;0;3;;;0;8;25;0;1;6;;1;0;0;4;0;;
571733;Liboměřice;119;95;94;3;1;0;7;;0;6;5;0;3;;1;0;0;6;;;0;2;35;0;0;13;;3;0;0;9;0;;
547832;Licibořice;199;151;150;8;0;0;2;;0;8;12;1;3;;3;0;0;24;;;0;8;44;0;2;18;;0;0;0;17;0;;
547875;Lipovec;203;131;131;5;0;1;6;;0;18;13;0;4;;0;0;0;11;;;1;1;55;0;1;6;;0;0;0;9;0;;
571750;Lozice;133;81;80;7;0;0;6;;0;4;12;0;0;;1;0;0;12;;;1;4;22;0;0;0;;0;0;0;11;0;;
571768;Lukavice;683;471;470;39;0;2;47;;0;28;63;4;2;;4;1;1;46;;;1;9;167;0;0;15;;4;0;1;35;1;;
571776;Luže;2 158;1 309;1 302;122;3;2;126;;2;57;114;10;11;;15;1;1;126;;;2;59;393;0;2;133;;3;3;3;110;4;;
571822;Míčov-Sušice;238;129;128;9;0;0;9;;0;1;22;2;2;;1;0;0;12;;;0;2;45;0;0;3;;1;0;0;19;0;;
571831;Miřetice;1 042;657;655;47;2;1;66;;0;25;72;5;10;;4;0;0;87;;;0;11;236;0;0;32;;2;1;3;51;0;;
571857;Mladoňovice;273;199;198;16;0;0;11;;0;6;20;3;3;;5;0;0;29;;;0;0;66;0;0;27;;1;0;0;11;0;;
571873;Morašice;564;385;383;18;0;0;38;;1;18;26;5;6;;5;0;0;49;;;0;9;149;1;2;26;;3;0;1;26;0;;
554847;Mrákotín;291;204;204;31;0;0;9;;2;6;19;1;0;;2;0;0;16;;;2;7;62;0;0;24;;0;0;1;22;0;;
571890;Nabočany;99;55;55;6;0;0;1;;0;3;16;0;0;;0;0;0;7;;;0;0;8;0;0;5;;0;0;0;9;0;;
571903;Načešice;469;296;294;20;0;0;16;;1;11;34;1;6;;0;0;0;23;;;0;9;119;0;1;9;;0;2;0;42;0;;
571911;Nasavrky;1 330;866;864;69;1;1;73;;0;39;106;13;4;;29;1;0;75;;;2;27;269;0;0;54;;4;0;2;94;1;;
571962;Orel;632;431;427;25;1;0;24;;1;29;35;2;8;;5;1;2;58;;;0;11;146;0;3;16;;2;1;4;48;5;;
574104;Ostrov;158;78;78;10;0;0;4;;0;11;14;0;1;;0;0;0;1;;;0;2;29;0;0;1;;0;0;0;5;0;;
554952;Otradov;231;157;156;12;0;0;33;;0;6;16;0;1;;5;0;0;12;;;0;3;42;0;1;9;;1;0;2;12;1;;
572004;Perálec;215;149;149;4;0;0;8;;0;18;19;3;0;;0;0;0;17;;;1;5;38;0;1;17;;3;0;0;14;1;;
572039;Podhořany u Ronova;233;128;128;5;0;0;14;;0;5;14;0;2;;0;1;0;9;;;0;3;55;0;0;2;;0;1;0;17;0;;
572063;Pokřikov;201;116;115;6;0;0;11;;0;6;16;0;1;;1;0;0;7;;;0;2;35;0;1;13;;0;1;1;9;5;;
572071;Prachovice;1 116;519;517;35;3;0;26;;2;16;46;6;5;;4;0;0;55;;;0;12;211;0;3;13;;0;2;1;76;1;;
572080;Proseč;1 764;1 094;1 086;77;9;2;75;;1;110;104;16;8;;10;0;2;84;;;3;30;310;1;2;145;;7;1;0;84;5;;
572098;Prosetín;647;428;425;35;1;2;45;;1;13;36;1;10;;1;0;0;46;;;0;8;135;0;1;28;;0;3;0;58;1;;
572101;Předhradí;362;211;205;17;0;1;17;;0;10;18;1;2;;1;0;2;12;;;0;4;57;0;0;36;;0;0;2;25;0;;
572110;Přestavlky;185;121;121;10;0;0;8;;0;9;16;2;2;;1;0;0;10;;;1;1;28;1;1;7;;1;0;0;23;0;;
556882;Rabštejnská Lhota;606;451;451;59;1;1;16;;0;40;20;5;4;;9;0;0;74;;;0;20;158;0;1;10;;2;1;1;27;2;;
572152;Raná;297;224;221;7;0;0;15;;0;8;18;1;1;;1;0;1;20;;;0;6;83;0;0;37;;0;1;0;22;0;;
572161;Ronov nad Doubravou;1 344;800;790;62;3;0;57;;2;35;77;7;7;;10;1;1;75;;;1;21;323;2;1;35;;2;3;0;59;6;;
572179;Rosice;1 090;630;626;38;1;2;56;;1;80;59;7;8;;3;0;1;43;;;1;9;197;3;0;37;;6;2;2;69;1;;
547808;Rozhovice;219;144;144;10;0;0;12;;3;5;17;0;2;;3;0;0;13;;;0;0;45;0;0;3;;3;0;1;25;2;;
572217;Řestoky;384;262;260;25;0;0;18;;0;11;24;4;2;;1;0;0;20;;;0;5;81;0;0;26;;2;0;1;40;0;;
572225;Seč;1 521;920;914;97;1;1;84;;2;25;115;4;9;;11;0;2;90;;;0;27;302;2;5;41;;4;2;2;85;3;;
572241;Skuteč;4 228;2 560;2 551;259;6;1;186;;0;82;277;18;32;;24;1;4;203;;;0;67;855;1;2;196;;13;4;4;300;16;;
572268;Slatiňany;3 377;2 126;2 095;217;5;5;137;;0;142;178;23;14;;38;1;1;232;;;1;91;655;0;6;119;;20;5;6;194;5;;
573817;Smrček;97;68;66;3;0;0;8;;0;5;5;0;0;;3;0;0;8;;;0;6;18;0;0;3;;2;0;0;4;1;;
572276;Sobětuchy;711;506;505;70;0;0;27;;0;34;24;8;7;;6;1;0;70;;;0;23;146;1;0;38;;1;0;3;44;2;;
547891;Stolany;319;201;199;19;0;0;10;;1;12;15;2;2;;3;0;2;21;;;0;7;77;0;1;16;;0;0;0;10;1;;
572314;Střemošice;151;85;85;5;0;0;7;;0;9;5;5;1;;0;1;0;2;;;0;3;26;0;0;14;;1;0;0;5;1;;
572322;Studnice;379;243;241;15;0;0;26;;0;2;24;2;1;;1;0;0;23;;;0;2;93;0;0;33;;2;0;0;13;4;;
572331;Svídnice;366;239;238;33;1;1;3;;0;14;17;4;2;;10;0;0;33;;;1;18;80;0;0;7;;0;0;1;13;0;;
572349;Svratouch;707;505;503;44;0;0;39;;1;76;58;4;5;;8;0;0;37;;;0;18;130;0;1;46;;2;1;0;32;1;;
572381;Tisovec;272;154;151;6;0;0;15;;0;8;14;2;3;;0;0;0;20;;;0;3;63;0;0;10;;0;0;0;7;0;;
572390;Trhová Kamenice;757;510;504;34;0;1;39;;1;19;46;6;1;;11;2;0;34;;;1;13;184;0;1;25;;2;0;0;61;23;;
572403;Trojovice;154;99;99;7;0;0;7;;0;4;10;1;0;;4;0;0;9;;;0;4;22;0;0;10;;1;0;0;20;0;;
572411;Třemošnice;2 471;1 442;1 424;157;1;4;78;;0;60;164;13;13;;19;1;2;148;;;1;47;484;1;3;67;;9;1;0;146;5;;
504921;Třibřichy;239;176;173;9;0;0;8;;0;8;16;7;1;;4;0;1;15;;;0;2;78;0;0;1;;0;0;0;22;1;;
572420;Tuněchody;487;327;326;23;0;0;24;;0;13;30;5;3;;4;0;0;35;;;0;14;126;0;0;4;;0;4;0;41;0;;
530697;Úherčice;108;81;79;11;0;0;6;;0;2;6;0;0;;3;0;0;6;;;0;5;24;0;0;6;;3;0;0;7;0;;
572446;Úhřetice;388;224;224;24;0;0;13;;0;15;16;5;2;;2;0;1;11;;;0;9;91;0;0;8;;0;0;0;26;1;;
572454;Vápenný Podol;196;140;139;5;2;1;10;;0;8;11;2;2;;3;0;0;10;;;0;4;55;0;0;11;;0;0;0;14;1;;
572462;Včelákov;453;301;301;22;0;0;33;;0;18;29;4;5;;0;1;0;26;;;0;7;99;0;0;20;;0;1;1;30;5;;
572471;Vejvanovice;270;165;163;21;0;0;9;;0;9;13;1;3;;1;0;0;17;;;0;4;62;0;1;5;;2;0;0;14;1;;
572497;Vítanov;379;241;239;16;0;0;23;;0;10;17;2;1;;5;0;0;22;;;0;3;104;0;0;13;;0;0;1;16;6;;
572501;Vojtěchov;338;217;216;16;1;0;12;;0;10;13;1;2;;3;1;0;12;;;0;4;78;0;1;39;;0;1;0;21;1;;
572527;Vortová;207;128;126;10;0;0;22;;0;3;14;1;1;;0;0;0;11;;;0;3;33;0;0;13;;0;0;3;12;0;;
572535;Vrbatův Kostelec;283;203;203;19;0;1;22;;0;7;16;1;3;;0;0;0;12;;;0;0;69;1;1;25;;3;1;0;20;2;;
572543;Všeradov;127;84;83;4;0;0;6;;0;3;16;0;0;;1;0;0;10;;;0;1;25;0;0;7;;0;0;0;9;1;;
572551;Vysočina;586;412;411;28;1;0;29;;0;17;40;1;3;;5;0;0;30;;;2;6;134;0;0;17;;2;0;2;31;63;;
547841;Vyžice;159;117;115;4;0;0;13;;0;10;11;0;1;;0;0;0;13;;;0;2;50;0;0;2;;1;1;0;7;0;;
572578;Zaječice;855;534;532;32;1;3;65;;1;27;57;5;4;;5;0;0;47;;;0;8;199;0;3;19;;2;0;0;49;5;;
547859;Zájezdec;95;56;56;5;0;0;2;;0;1;7;1;0;;0;0;0;6;;;0;3;15;0;0;7;;0;0;0;9;0;;
573876;Zderaz;221;140;140;11;0;0;13;;0;12;5;2;1;;1;0;0;6;;;0;4;51;0;0;22;;1;0;0;11;0;;
574091;Žlebské Chvalovice;100;68;68;8;0;0;7;;0;1;5;0;0;;0;0;0;10;;;0;4;16;0;2;9;;0;0;0;5;1;;
572641;Žumberk;228;162;160;34;0;1;11;;0;13;20;0;3;;2;0;0;9;;;0;3;45;0;1;0;;0;1;0;17;0;;
574724;Barchov;170;113;113;5;0;0;9;;0;12;7;0;3;;1;0;0;14;;;0;3;40;0;1;3;;0;0;0;15;0;;
574741;Bezděkov;262;164;163;18;0;0;5;;0;14;9;7;1;;2;0;0;20;;;0;7;58;0;1;3;;4;2;0;11;1;;
574783;Borek;226;161;159;30;0;1;12;;1;12;9;2;1;;3;2;0;11;;;0;6;34;0;0;8;;1;0;1;25;0;;
574791;Brloh;193;149;149;8;0;0;10;;0;17;11;0;4;;1;0;0;17;;;0;5;43;0;0;9;;1;1;0;19;3;;
574805;Břehy;833;576;573;65;1;0;43;;0;30;66;9;4;;0;0;0;58;;;0;18;198;0;2;17;;4;0;2;53;3;;
574813;Bukovina nad Labem;187;139;138;23;1;0;6;;0;6;15;0;1;;1;0;0;9;;;0;5;49;0;0;16;;0;0;0;6;0;;
574821;Bukovina u Přelouče;69;51;50;4;0;0;6;;0;4;3;1;3;;0;0;0;0;;;0;0;17;0;0;1;;0;0;0;10;1;;
574830;Bukovka;316;207;206;22;0;0;8;;1;14;15;1;3;;0;0;0;15;;;0;6;83;0;0;19;;1;1;0;16;1;;
574848;Býšť;1 148;830;826;103;1;5;35;;1;67;39;13;8;;23;0;4;106;;;1;57;219;1;2;63;;8;0;4;66;0;;
572799;Časy;167;113;113;19;0;0;14;;1;16;7;0;0;;0;0;0;10;;;0;6;31;0;0;6;;0;1;1;0;1;;
574856;Čeperka;891;618;614;59;0;0;29;;0;37;38;18;2;;6;0;1;81;;;1;27;228;3;3;30;;5;2;1;43;0;;
574864;Čepí;339;219;214;35;0;1;9;;0;7;12;1;0;;5;0;0;29;;;0;10;77;0;0;12;;0;1;1;14;0;;
572896;Černá u Bohdanče;376;249;246;21;0;0;13;;0;15;17;4;1;;4;0;0;26;;;0;11;95;0;0;10;;1;0;0;27;1;;
574899;Dašice;1 618;941;936;101;5;0;67;;1;35;105;9;11;;16;0;3;113;;;0;24;295;2;1;42;;4;1;6;90;5;;
574902;Dolany;318;194;194;20;0;4;17;;0;5;17;1;2;;1;0;0;15;;;0;2;70;1;0;7;;0;1;2;29;0;;
574911;Dolní Roveň;1 607;989;984;100;1;5;63;;1;24;68;11;10;;5;0;3;66;;;1;24;353;1;4;72;;5;1;5;156;5;;
574929;Dolní Ředice;720;464;464;47;0;2;47;;0;28;30;9;4;;9;1;1;47;;;0;14;161;1;1;15;;1;1;2;42;1;;
574953;Dříteč;328;220;217;39;3;1;8;;0;14;8;4;1;;4;1;0;30;;;0;16;56;0;0;7;;1;0;0;23;1;;
572977;Dubany;211;164;163;26;0;0;4;;0;7;10;6;1;;4;0;0;19;;;1;4;60;2;0;4;;0;0;0;13;2;;
574961;Hlavečník;221;141;138;16;0;0;8;;1;6;24;1;3;;0;0;1;6;;;0;6;39;0;0;3;;0;0;0;24;0;;
574988;Holice;5 248;3 254;3 239;495;5;2;283;;5;118;248;34;22;;50;3;8;358;;;1;136;926;1;4;132;;11;5;8;374;10;;
573019;Holotín;47;35;33;0;0;1;0;;0;4;2;1;0;;1;0;1;3;;;0;2;9;0;0;2;;0;0;0;7;0;;
574996;Horní Jelení;1 635;1 027;1 024;142;2;3;89;;3;31;85;7;9;;11;0;1;93;;;0;20;305;0;2;64;;2;1;4;145;5;;
575011;Horní Ředice;807;529;526;61;1;0;31;;0;34;36;3;8;;8;0;2;72;;;0;17;166;0;1;16;;1;1;0;67;1;;
575046;Hrobice;171;119;118;13;0;0;2;;0;10;10;1;1;;2;1;0;14;;;0;8;36;0;1;4;;0;1;0;14;0;;
575054;Choltice;878;557;555;50;0;0;28;;1;41;37;10;4;;7;0;4;86;;;1;11;195;0;0;23;;6;2;1;46;2;;
575062;Choteč;257;164;163;29;1;0;15;;0;8;11;2;0;;2;1;0;12;;;0;3;44;0;0;0;;0;1;1;32;1;;
572764;Chrtníky;81;62;62;0;0;0;7;;0;3;6;1;1;;2;0;0;11;;;0;1;16;1;0;4;;1;0;0;8;0;;
575071;Chvaletice;2 464;1 358;1 353;91;3;0;110;;1;101;142;10;16;;19;2;1;134;;;0;25;484;1;5;20;;5;2;3;175;3;;
575089;Chvojenec;537;329;324;49;0;0;22;;3;18;14;7;3;;3;0;0;38;;;0;12;88;2;1;21;;3;0;2;37;1;;
575097;Chýšť;173;125;124;7;0;1;9;;0;4;10;3;3;;4;0;0;9;;;0;2;30;0;0;5;;1;0;0;36;0;;
575101;Jankovice;257;170;169;13;1;1;15;;0;10;29;0;3;;2;0;0;14;;;0;4;53;0;6;3;;1;0;0;14;0;;
575119;Jaroslav;191;139;138;20;0;1;3;;0;11;13;1;5;;0;0;0;10;;;0;1;40;0;0;1;;0;0;2;29;1;;
575127;Jedousov;133;82;82;1;0;0;5;;0;1;6;0;1;;2;0;0;19;;;0;4;27;0;1;6;;1;0;0;8;0;;
575135;Jeníkovice;185;125;125;8;1;0;4;;0;2;11;1;0;;0;0;0;5;;;0;7;52;1;0;18;;2;0;0;12;1;;
575143;Jezbořice;309;223;220;29;0;2;14;;0;8;17;1;1;;2;1;0;25;;;0;14;81;1;0;4;;2;0;0;18;0;;
575151;Kasalice;152;80;80;7;0;0;6;;2;3;10;0;0;;0;0;0;10;;;0;0;27;0;0;7;;0;0;0;8;0;;
575178;Kladruby nad Labem;540;320;318;18;2;0;24;;2;43;36;4;10;;3;0;0;17;;;1;8;112;0;1;8;;2;0;0;27;0;;
575194;Kojice;345;208;206;19;2;0;14;;0;10;20;0;2;;2;0;0;18;;;0;6;79;0;0;1;;1;2;1;28;1;;
575232;Kostěnice;420;280;280;38;1;0;17;;0;20;15;4;1;;9;2;0;27;;;1;16;93;2;1;18;;2;0;0;13;0;;
572861;Křičeň;202;127;125;16;0;0;16;;0;3;11;1;2;;2;1;0;15;;;0;7;32;0;0;4;;1;1;0;13;0;;
573515;Kunětice;257;177;177;21;0;0;4;;0;14;11;1;3;;4;0;2;18;;;1;6;37;1;1;18;;3;0;0;32;0;;
575259;Labské Chrčice;160;106;106;2;0;0;16;;0;14;17;0;1;;2;0;0;10;;;0;0;27;0;0;0;;0;0;0;16;1;;
572845;Lány u Dašic;115;82;82;8;0;0;3;;0;2;5;0;0;;0;0;0;5;;;2;0;36;0;0;5;;0;1;0;15;0;;
574767;Lázně Bohdaneč;2 928;1 903;1 892;264;2;5;132;;0;67;94;25;11;;23;5;2;226;;;1;107;658;0;2;83;;12;7;5;160;1;;
575305;Libišany;421;250;245;18;0;0;19;;1;10;20;3;4;;5;1;0;28;;;0;2;92;1;0;6;;1;1;1;32;0;;
575313;Lipoltice;327;204;204;13;0;0;17;;0;14;23;0;3;;3;0;0;27;;;1;4;51;0;0;11;;2;0;0;30;5;;
575330;Litošice;116;74;70;5;0;0;2;;0;3;11;2;1;;0;0;0;6;;;1;3;27;0;0;2;;0;0;0;7;0;;
572802;Malé Výkleky;106;77;77;10;0;0;8;;0;5;3;1;1;;0;0;0;8;;;0;1;20;0;0;3;;1;0;0;16;0;;
575372;Mikulovice;947;630;624;89;1;2;44;;0;33;39;6;9;;4;0;2;60;;;0;38;203;0;1;28;;1;1;1;59;3;;
575381;Mokošín;149;101;101;5;0;0;12;;0;6;4;0;1;;3;0;0;6;;;0;6;38;0;0;2;;1;0;0;17;0;;
573035;Morašice;73;45;45;3;0;0;1;;0;2;11;0;0;;0;0;0;1;;;0;0;22;0;0;2;;0;0;0;3;0;;
575399;Moravany;1 593;993;984;70;3;0;82;;0;32;91;14;8;;11;1;1;100;;;1;31;376;1;2;52;;4;1;1;96;6;;
572870;Němčice;435;319;319;60;0;0;16;;0;15;7;4;0;;2;0;1;48;;;1;29;70;0;0;36;;2;2;0;23;3;;
573078;Neratov;132;83;83;6;0;0;10;;0;9;8;0;1;;1;0;0;6;;;0;0;26;0;0;1;;6;0;0;8;1;;
575429;Opatovice nad Labem;1 950;1 233;1 222;143;0;0;99;;0;39;80;19;9;;35;2;3;167;;;0;56;378;12;6;42;;15;1;1;112;3;;
575437;Ostřešany;833;550;544;62;0;3;26;;0;31;45;3;7;;6;0;3;67;;;0;21;192;0;0;20;;9;2;0;46;1;;
575445;Ostřetín;763;486;482;42;8;0;27;;0;39;47;7;4;;6;0;0;41;;;1;22;159;0;0;30;;4;0;2;40;3;;
555134;Pardubice;69 859;43 794;43 534;5 822;55;74;3 176;;24;1 541;2 878;687;224;;854;33;93;4 971;;;35;2 683;13 633;64;78;2 157;;371;87;87;3 748;159;;
572942;Plch;74;53;53;2;0;0;3;;0;4;2;0;1;;0;0;0;6;;;0;1;20;0;1;4;;0;0;0;9;0;;
575461;Poběžovice u Holic;207;151;151;18;1;0;9;;0;6;8;1;1;;2;0;0;12;;;0;8;58;0;0;6;;4;2;1;14;0;;
575470;Poběžovice u Přelouče;78;58;58;13;0;0;5;;0;6;4;0;1;;0;0;0;1;;;0;0;20;0;0;1;;0;0;0;7;0;;
572951;Podůlšany;134;94;93;13;0;0;8;;1;8;4;0;3;;2;0;0;14;;;0;6;25;0;1;1;;0;0;0;7;0;;
572853;Pravy;83;50;49;3;0;0;2;;0;3;4;0;1;;0;0;0;5;;;0;1;18;1;1;2;;0;1;0;2;5;;
575500;Přelouč;7 203;4 425;4 384;415;5;9;385;;3;346;398;54;41;;58;6;5;456;;;5;146;1 294;4;9;153;;35;4;9;531;13;;
575518;Přelovice;175;119;118;3;2;0;7;;0;3;17;0;3;;0;0;0;11;;;0;4;46;0;0;8;;0;0;0;13;1;;
575526;Přepychy;71;61;61;2;0;0;1;;0;4;8;0;0;;1;0;0;9;;;0;2;20;0;0;3;;0;0;0;11;0;;
575534;Ráby;468;302;301;65;0;0;20;;0;14;16;7;2;;9;0;1;40;;;0;24;80;0;0;7;;0;1;0;12;3;;
575551;Rohovládova Bělá;460;304;302;26;1;0;17;;0;21;20;3;1;;4;0;1;30;;;0;5;117;0;2;22;;0;1;1;26;4;;
575569;Rohoznice;224;153;153;14;0;0;3;;0;8;12;0;2;;0;0;0;8;;;0;4;76;1;0;2;;0;0;0;23;0;;
575577;Rokytno;676;428;427;36;1;0;22;;0;21;24;13;4;;3;0;0;56;;;0;18;150;1;1;33;;3;2;1;37;1;;
575593;Rybitví;1 133;656;656;59;1;1;53;;0;22;67;10;7;;7;0;0;66;;;3;20;229;1;2;12;;5;4;2;82;3;;
575607;Řečany nad Labem;1 096;769;764;67;1;3;36;;0;277;53;0;4;;5;0;0;54;;;0;23;171;2;3;11;;0;1;1;50;2;;
575615;Selmice;99;47;47;1;0;0;4;;0;7;11;0;0;;2;0;0;1;;;0;1;15;0;1;0;;0;0;0;4;0;;
575623;Semín;475;292;290;26;0;1;21;;1;40;31;3;2;;4;0;0;23;;;0;10;93;0;1;7;;4;0;0;23;0;;
575640;Sezemice;2 975;2 034;2 017;252;2;5;114;;1;152;109;27;9;;28;0;6;199;;;0;112;658;4;3;123;;13;5;3;188;4;;
575658;Slepotice;350;227;226;26;0;0;21;;0;13;18;8;0;;3;0;0;18;;;0;4;77;0;0;13;;2;1;0;21;1;;
575666;Sopřeč;221;115;114;11;0;0;18;;0;9;5;3;2;;2;0;0;8;;;0;1;38;2;0;3;;1;0;0;10;1;;
573027;Sovolusky;106;72;72;4;0;0;7;;0;5;10;0;1;;0;0;2;9;;;0;0;18;0;0;1;;2;0;0;13;0;;
574198;Spojil;410;317;311;70;0;1;11;;2;17;8;9;3;;7;0;0;32;;;0;21;84;0;0;19;;3;1;0;22;1;;
575682;Srch;1 187;876;868;154;0;1;49;;0;29;52;11;3;;19;0;1;112;;;0;51;263;0;1;42;;14;0;1;64;1;;
553719;Srnojedy;540;365;363;65;0;0;15;;2;14;21;3;5;;11;0;2;33;;;0;28;111;1;0;21;;2;0;0;27;2;;
575704;Staré Hradiště;1 385;957;955;176;0;0;58;;0;59;40;9;7;;20;0;2;115;;;1;68;283;0;2;27;;5;2;2;76;3;;
575712;Staré Jesenčany;307;232;232;42;0;0;14;;0;10;20;1;4;;4;1;0;24;;;1;6;67;0;0;13;;1;2;1;21;0;;
575721;Staré Ždánice;491;314;312;42;3;0;31;;1;6;29;2;3;;6;0;0;16;;;0;11;113;1;0;4;;3;0;1;40;0;;
575739;Starý Mateřov;419;279;278;40;3;0;21;;0;12;5;5;5;;3;0;0;32;;;0;11;114;0;0;9;;0;0;0;18;0;;
572934;Stéblová;183;144;143;14;0;0;7;;0;3;12;2;1;;2;0;0;21;;;0;7;53;0;0;4;;3;1;1;12;0;;
575755;Stojice;182;109;109;6;0;1;7;;0;3;11;0;0;;1;0;0;15;;;0;0;49;0;0;3;;1;0;1;11;0;;
575763;Strašov;262;172;168;23;0;0;16;;0;23;11;3;6;;3;0;1;16;;;0;4;30;0;0;15;;0;0;0;16;1;;
575771;Svinčany;353;206;206;19;0;0;10;;1;6;17;4;2;;2;0;0;23;;;0;9;76;0;0;16;;1;0;1;19;0;;
575780;Svojšice;207;142;142;13;0;0;15;;0;10;22;3;2;;1;0;0;11;;;0;3;40;0;1;5;;0;0;0;16;0;;
575810;Tetov;141;94;94;7;0;0;4;;0;8;13;0;3;;0;1;0;7;;;0;2;32;0;2;1;;0;0;0;14;0;;
530794;Trnávka;170;100;100;1;0;0;2;;0;23;16;0;0;;0;0;0;7;;;0;3;35;0;1;1;;2;0;0;9;0;;
575828;Trusnov;171;106;106;6;0;1;9;;0;3;9;0;1;;0;0;0;6;;;0;1;55;0;0;2;;1;0;3;9;0;;
572985;Třebosice;171;115;115;13;1;0;7;;0;6;8;3;0;;0;0;0;15;;;0;7;32;0;1;10;;0;0;0;11;1;;
575844;Turkovice;223;119;119;19;0;0;12;;0;6;11;2;0;;0;0;0;8;;;0;1;48;0;0;0;;1;0;0;11;0;;
575879;Uhersko;216;146;145;26;0;0;3;;0;4;8;1;6;;2;1;0;19;;;0;3;45;0;0;9;;0;0;2;16;0;;
575887;Úhřetická Lhota;218;143;141;5;0;0;11;;0;9;22;2;0;;9;0;1;8;;;0;1;56;0;0;3;;0;0;0;14;0;;
575909;Újezd u Přelouče;148;91;91;9;0;0;8;;0;9;7;1;1;;1;0;1;7;;;0;1;36;1;0;4;;0;0;0;5;0;;
572888;Újezd u Sezemic;139;83;83;4;2;0;6;;1;1;3;0;1;;0;0;0;12;;;0;6;34;0;0;3;;0;0;0;10;0;;
575917;Urbanice;62;46;46;7;0;0;5;;0;2;3;0;0;;0;0;0;8;;;0;1;13;0;1;0;;0;0;0;6;0;;
575925;Valy;397;259;256;18;0;0;15;;0;18;30;1;2;;5;0;0;35;;;0;5;74;2;0;5;;2;2;0;42;0;;
575933;Vápno;104;57;57;2;0;0;1;;0;9;4;0;1;;0;0;0;7;;;0;0;22;0;0;0;;1;0;0;10;0;;
575941;Veliny;379;231;231;31;0;0;16;;1;12;21;0;2;;7;0;1;21;;;1;2;70;0;0;8;;1;0;2;35;0;;
575968;Veselí;285;192;190;16;0;0;10;;0;25;15;1;2;;6;0;0;19;;;0;8;64;1;0;0;;3;1;0;18;1;;
575984;Vlčí Habřina;252;174;174;9;0;0;11;;0;11;11;1;1;;2;0;1;13;;;1;4;75;0;0;7;;2;0;0;24;1;;
575992;Voleč;290;208;206;16;0;0;9;;0;16;12;1;3;;2;0;0;26;;;0;5;76;0;1;15;;2;1;1;20;0;;
576000;Vysoké Chvojno;320;210;208;22;1;0;17;;1;7;14;3;3;;6;0;1;26;;;1;7;64;1;1;7;;0;0;1;25;0;;
576018;Vyšehněvice;202;135;133;22;0;0;5;;0;11;4;4;0;;3;0;1;8;;;0;8;39;0;2;6;;0;0;1;18;1;;
576026;Zdechovice;478;283;278;5;3;0;24;;0;32;48;3;4;;8;0;0;32;;;1;11;65;1;1;11;;1;1;0;25;2;;
576042;Žáravice;110;77;75;0;0;0;5;;0;1;2;0;0;;7;0;0;5;;;0;2;42;0;0;0;;0;0;0;11;0;;
576051;Živanice;771;494;492;56;1;1;33;;0;29;61;4;5;;2;0;3;49;;;0;11;175;1;0;20;;4;3;1;33;0;;
572560;Banín;264;157;157;7;0;0;12;;0;5;23;1;3;;3;0;1;14;;;0;4;54;0;0;18;;0;0;3;8;1;;
572586;Bělá nad Svitavou;413;238;237;16;0;0;24;;2;9;20;3;1;;2;0;1;16;;;0;6;99;0;1;11;;0;1;1;23;1;;
505391;Bělá u Jevíčka;310;203;203;8;7;0;24;;0;8;34;1;1;;1;0;0;15;;;0;3;53;0;0;8;;4;0;2;33;1;;
577774;Benátky;286;204;200;28;0;3;24;;0;8;5;0;5;;6;0;1;20;;;0;12;49;0;0;25;;1;1;0;12;0;;
574309;Bezděčí u Trnávky;177;120;119;6;0;0;10;;1;6;8;0;4;;1;1;0;12;;;0;5;45;0;1;8;;0;0;0;11;0;;
572519;Biskupice;370;224;224;13;0;0;26;;0;31;40;2;2;;1;1;0;21;;;0;0;55;0;0;12;;0;0;2;17;1;;
577812;Bohuňov;134;101;100;6;0;0;6;;0;3;9;0;0;;2;0;0;7;;;0;0;28;0;0;22;;1;0;0;16;0;;
577821;Bohuňovice;93;52;52;3;0;0;5;;2;1;1;0;5;;0;0;0;7;;;0;1;10;0;0;5;;0;0;2;9;1;;
577839;Borová;804;544;542;67;15;0;48;;1;27;50;7;1;;12;0;2;64;;;1;11;135;0;1;72;;1;1;0;22;4;;
572632;Borušov;147;84;84;5;2;0;5;;0;5;24;1;1;;0;0;0;5;;;0;2;21;0;1;2;;0;0;3;6;1;;
577863;Brněnec;1 091;621;618;41;0;0;66;;2;15;77;9;18;;3;0;0;40;;;0;11;227;1;2;28;;1;2;3;72;0;;
577871;Březina;292;178;175;7;4;0;13;;0;6;32;1;0;;7;0;1;9;;;0;2;61;0;0;5;;0;1;0;24;2;;
572250;Březinky;109;79;79;0;0;0;13;;0;4;9;2;0;;2;0;0;11;;;0;1;20;0;0;6;;0;0;0;11;0;;
577898;Březiny;124;92;92;16;0;0;11;;0;5;11;2;2;;0;0;0;6;;;0;3;22;0;0;5;;0;1;0;8;0;;
505145;Březová nad Svitavou;1 289;686;679;66;2;0;92;;0;16;60;4;6;;12;0;1;73;;;1;29;188;0;3;25;;4;4;5;86;2;;
577910;Budislav;373;249;249;19;0;0;9;;0;37;19;1;3;;0;0;0;16;;;0;9;75;0;0;31;;1;0;0;28;1;;
577928;Bystré;1 248;851;844;153;2;0;78;;0;16;61;6;7;;7;0;3;78;;;0;39;170;0;0;174;;3;1;4;37;5;;
577936;Cerekvice nad Loučnou;651;414;411;42;0;4;27;;0;33;26;3;6;;9;1;2;43;;;0;14;127;0;2;30;;2;2;1;33;4;;
577944;Čistá;773;475;472;37;1;1;24;;1;32;46;4;10;;4;2;0;49;;;0;15;145;0;1;37;;1;0;1;57;4;;
572357;Desná;262;198;197;5;1;0;6;;0;48;7;1;2;;1;0;0;24;;;0;3;49;0;0;39;;2;0;0;8;1;;
577961;Dětřichov;271;136;136;8;0;0;7;;0;3;13;0;1;;4;0;0;17;;;0;4;54;0;0;10;;1;0;0;14;0;;
572683;Dětřichov u Moravské Třebové;168;99;99;5;0;0;10;;0;4;26;0;0;;2;0;0;9;;;0;1;27;0;0;4;;0;0;0;11;0;;
577987;Dlouhá Loučka;446;245;242;5;0;0;18;;0;1;38;2;2;;2;0;1;12;;;0;3;118;0;1;9;;2;0;1;27;0;;
577995;Dolní Újezd;1 586;1 128;1 114;115;1;2;64;;0;123;66;18;13;;9;1;0;100;;;0;42;251;1;0;205;;4;4;0;94;1;;
574325;Gruna;173;111;111;3;0;0;8;;0;1;17;2;5;;2;0;0;9;;;0;3;30;1;0;8;;0;0;0;22;0;;
572284;Hartinkov;50;41;40;4;0;0;0;;0;0;4;4;0;;0;0;0;5;;;0;0;13;1;0;1;;3;0;0;5;0;;
578037;Hartmanice;254;177;177;20;0;1;11;;1;6;8;2;1;;3;0;0;23;;;4;2;46;0;0;42;;0;1;0;5;1;;
578053;Horky;92;72;72;5;0;0;3;;0;14;2;0;1;;2;0;1;12;;;0;0;15;0;0;4;;2;0;0;11;0;;
572365;Horní Újezd;329;230;230;13;0;0;14;;0;40;5;6;5;;8;0;0;11;;;0;8;37;0;0;70;;0;0;0;13;0;;
572691;Hradec nad Svitavou;1 346;756;751;36;4;0;77;;0;21;90;4;20;;8;1;1;60;;;0;12;250;0;2;50;;4;2;5;102;2;;
572730;Chmelík;153;104;104;9;0;0;8;;1;1;11;1;1;;1;0;0;4;;;0;6;24;0;2;10;;1;0;0;24;0;;
578096;Chornice;717;387;385;29;1;0;34;;0;19;42;1;8;;6;0;0;56;;;1;3;88;1;2;28;;1;0;3;60;2;;
578100;Chotěnov;108;74;74;4;0;0;2;;0;21;7;0;0;;0;0;0;7;;;0;7;10;0;0;12;;0;0;0;4;0;;
578118;Chotovice;107;71;71;0;0;0;1;;0;6;3;0;0;;1;0;0;9;;;0;4;9;0;0;34;;0;0;0;4;0;;
578126;Chrastavec;177;120;120;5;0;0;21;;1;6;12;0;3;;1;0;0;14;;;0;0;30;1;1;7;;1;0;0;15;2;;
578134;Janov;760;412;410;41;0;0;34;;1;20;29;10;16;;9;0;1;43;;;0;14;118;0;1;39;;3;1;2;26;2;;
578142;Janůvky;46;34;34;0;0;0;2;;1;1;6;0;0;;0;0;0;0;;;1;0;13;0;0;0;;0;0;0;9;1;;
578151;Jaroměřice;986;545;543;37;0;1;64;;0;17;68;4;7;;1;0;2;39;;;0;16;188;0;2;41;;7;0;1;47;1;;
578169;Jarošov;138;112;112;6;1;0;9;;0;12;8;0;1;;0;0;0;13;;;0;9;26;0;0;17;;0;0;0;10;0;;
572713;Javorník;318;215;215;16;0;1;26;;0;4;27;2;2;;2;0;0;31;;;0;5;60;0;0;12;;1;0;1;24;1;;
578185;Jedlová;846;479;479;50;2;0;60;;0;18;35;7;9;;4;0;1;42;;;0;15;153;0;1;44;;1;1;1;33;2;;
578193;Jevíčko;2 321;1 412;1 402;147;7;1;118;;1;63;126;10;22;;5;1;2;130;;;0;41;411;0;3;110;;7;2;3;186;6;;
578207;Kamenec u Poličky;420;261;259;33;0;1;22;;0;7;13;5;1;;4;0;0;15;;;0;7;70;0;0;49;;1;0;1;28;2;;
578215;Kamenná Horka;257;157;155;5;0;0;9;;0;6;27;0;2;;0;0;0;4;;;0;0;78;4;1;2;;0;0;2;15;0;;
572748;Karle;333;165;164;9;0;0;13;;0;4;22;0;2;;0;0;0;11;;;0;3;53;0;0;8;;0;3;1;35;0;;
578231;Koclířov;559;333;330;14;0;0;26;;0;20;33;1;9;;12;0;1;26;;;1;5;109;0;1;35;;2;1;2;32;0;;
578258;Korouhev;638;424;421;61;0;0;24;;1;18;42;2;10;;6;0;0;45;;;0;14;117;1;0;39;;6;2;2;29;2;;
578266;Koruna;110;59;57;2;0;0;2;;1;1;7;1;1;;1;0;0;2;;;0;0;21;0;1;1;;0;0;2;14;0;;
578274;Křenov;323;175;175;10;0;0;14;;0;2;27;1;3;;4;0;0;10;;;0;4;66;1;0;5;;0;0;1;27;0;;
572594;Kukle;65;52;52;7;1;0;1;;0;6;0;1;1;;3;0;0;10;;;0;1;17;0;0;2;;0;0;0;2;0;;
578282;Kunčina;1 104;577;577;51;4;0;40;;0;19;57;1;4;;6;0;0;58;;;0;12;221;1;1;30;;2;3;0;65;2;;
578291;Květná;317;184;184;13;0;0;20;;0;7;12;1;3;;1;1;0;21;;;0;1;50;1;3;22;;0;1;0;27;0;;
578304;Lavičné;100;64;64;3;0;0;6;;0;0;13;0;1;;0;0;0;4;;;0;0;22;0;0;3;;0;0;0;12;0;;
578339;Linhartice;517;327;325;19;1;0;25;;0;4;42;5;4;;9;0;0;32;;;2;8;110;0;0;13;;0;1;2;48;0;;
578347;Litomyšl;8 061;5 328;5 299;893;4;4;313;;5;234;275;77;50;;71;3;6;579;;;10;411;1 312;8;8;515;;29;13;3;468;8;;
578355;Lubná;808;581;575;50;4;0;27;;0;46;46;4;2;;10;0;0;65;;;0;14;120;2;0;132;;3;0;1;49;0;;
578363;Makov;252;186;185;10;0;0;2;;2;19;10;3;2;;1;1;1;14;;;2;6;51;0;0;51;;0;0;2;8;0;;
578371;Malíkov;77;47;47;1;0;0;6;;0;1;12;0;0;;0;1;0;0;;;0;1;23;0;0;1;;0;0;0;1;0;;
578380;Městečko Trnávka;1 172;727;723;31;0;0;87;;0;14;115;9;2;;6;1;1;60;;;0;21;228;1;3;53;;2;1;4;83;1;;
578398;Mikuleč;193;124;124;1;1;0;8;;3;3;10;2;11;;1;0;0;9;;;0;2;41;0;0;5;;0;0;1;26;0;;
578401;Mladějov na Moravě;356;204;202;8;1;1;18;;0;13;31;1;1;;1;0;0;17;;;0;1;80;0;0;8;;0;0;1;19;1;;
578428;Morašice;583;409;406;32;1;0;13;;0;54;20;4;6;;4;1;0;46;;;0;14;127;0;0;40;;5;2;0;36;1;;
578444;Moravská Třebová;8 431;4 818;4 794;394;15;4;532;;5;144;560;48;51;;71;6;1;433;;;6;119;1 499;4;10;259;;18;8;19;574;14;;
578452;Nedvězí;184;138;138;13;0;0;13;;0;12;7;1;2;;0;0;0;11;;;0;2;47;0;1;24;;0;0;0;4;1;;
580694;Němčice;751;506;496;22;3;1;23;;0;62;43;1;5;;14;2;1;41;;;0;24;138;0;4;37;;1;2;0;69;3;;
572608;Nová Sídla;179;120;120;5;1;0;6;;0;12;5;2;2;;2;0;0;9;;;0;5;46;1;0;13;;1;0;0;10;0;;
572438;Nová Ves u Jarošova;54;36;36;5;0;0;2;;0;1;1;2;1;;0;0;0;2;;;0;0;10;0;0;6;;0;0;1;5;0;;
578479;Oldřiš;533;347;346;25;4;1;24;;2;18;20;0;3;;1;0;0;19;;;1;15;100;1;0;76;;3;0;2;31;0;;
578487;Opatov;926;491;487;26;7;0;47;;1;73;56;11;4;;1;0;0;33;;;0;10;135;0;0;29;;1;2;1;47;3;;
572721;Opatovec;544;341;341;33;0;0;38;;0;21;30;7;14;;4;0;2;23;;;0;17;86;0;0;18;;2;1;0;45;0;;
578509;Osík;821;593;587;78;1;0;43;;2;47;52;8;4;;6;2;2;44;;;1;32;144;0;1;61;;3;2;3;49;2;;
578550;Pohledy;258;150;149;6;0;0;9;;0;1;18;3;1;;2;0;0;9;;;0;3;67;0;0;8;;0;0;0;22;0;;
578576;Polička;7 156;4 643;4 611;1 056;2;4;352;;3;99;319;63;46;;74;4;2;436;;;3;168;1 167;1;3;379;;20;8;11;375;16;;
578584;Pomezí;974;553;551;73;2;1;42;;2;19;54;6;4;;6;2;0;44;;;0;15;164;0;0;45;;3;1;2;65;1;;
572373;Poříčí u Litomyšle;360;287;284;19;1;0;11;;0;81;12;4;1;;4;0;1;20;;;1;11;51;0;0;47;;0;0;0;19;1;;
578622;Příluka;133;103;101;4;0;1;7;;0;16;10;0;1;;0;0;0;12;;;0;3;24;0;0;16;;0;0;0;7;0;;
578631;Pustá Kamenice;269;180;180;13;1;2;22;;0;10;10;1;2;;7;0;0;15;;;0;9;53;0;0;25;;0;0;0;10;0;;
578649;Pustá Rybná;147;106;104;18;0;0;8;;0;8;5;2;0;;1;0;1;17;;;0;3;30;0;0;5;;2;1;0;1;2;;
578657;Radiměř;909;485;483;29;1;1;52;;0;23;60;4;7;;8;0;1;35;;;0;9;151;1;2;29;;0;3;7;58;2;;
574333;Radkov;99;63;61;2;0;0;8;;0;2;16;1;0;;0;0;0;4;;;0;2;22;0;0;0;;0;0;0;4;0;;
578673;Rohozná;535;332;331;17;1;0;33;;4;5;40;1;3;;5;0;0;32;;;0;7;120;0;0;18;;0;0;1;41;3;;
578681;Rozhraní;265;193;191;13;1;0;6;;0;10;22;2;1;;3;0;0;22;;;0;8;61;0;0;22;;0;1;1;15;3;;
578690;Rozstání;194;126;120;1;0;0;11;;0;7;31;0;0;;0;0;0;4;;;0;0;50;0;0;5;;0;0;0;11;0;;
578703;Rudná;135;79;79;1;0;0;12;;0;4;20;1;2;;1;0;0;2;;;0;2;21;0;1;0;;0;0;0;10;2;;
578711;Rychnov na Moravě;498;243;241;8;0;1;27;;0;14;18;2;3;;4;0;0;19;;;0;6;91;0;0;19;;0;1;0;28;0;;
572233;Řídký;60;43;43;8;0;0;4;;0;3;1;1;0;;0;0;0;6;;;0;3;8;0;0;6;;0;0;0;3;0;;
578720;Sádek;405;266;265;42;0;0;18;;0;9;11;3;2;;1;0;0;17;;;0;12;76;0;3;51;;0;0;0;20;0;;
578738;Sebranice;755;528;523;44;3;0;31;;0;41;24;5;5;;11;1;0;46;;;2;32;97;0;0;154;;4;0;0;22;1;;
578746;Sedliště;191;127;127;10;0;0;6;;0;17;8;2;3;;4;0;0;5;;;0;3;39;0;0;4;;0;0;4;22;0;;
578754;Sklené;192;94;94;3;0;0;8;;0;1;10;1;4;;0;0;0;7;;;0;0;30;0;0;7;;0;0;0;23;0;;
578762;Slatina;124;83;81;3;0;0;6;;1;6;10;1;1;;0;0;0;5;;;0;0;32;0;0;9;;1;0;0;5;1;;
580325;Sloupnice;1 367;863;859;47;0;0;55;;1;127;33;6;10;;14;1;0;69;;;1;25;263;1;2;107;;4;1;2;85;5;;
578789;Staré Město;787;452;451;30;3;0;34;;2;8;55;10;7;;7;0;0;44;;;0;11;157;0;1;8;;0;3;2;69;0;;
578801;Stašov;206;108;107;7;0;0;8;;0;1;4;1;2;;2;0;0;17;;;0;4;41;0;0;9;;0;0;0;11;0;;
578819;Strakov;191;127;126;8;1;0;8;;1;9;5;0;7;;0;1;0;18;;;0;9;38;0;0;11;;1;1;0;8;0;;
578835;Suchá Lhota;76;54;54;8;0;0;4;;0;11;0;0;0;;0;0;0;1;;;0;2;11;0;0;13;;0;1;0;3;0;;
577731;Svitavy;13 548;7 953;7 905;742;8;3;777;;6;185;737;98;139;;102;1;7;917;;;6;235;2 465;6;11;523;;34;35;35;821;12;;
578843;Svojanov;321;235;233;41;0;0;16;;0;6;10;3;3;;12;0;0;21;;;0;4;64;0;0;25;;2;0;1;24;1;;
578851;Široký Důl;328;201;200;25;0;0;8;;0;14;8;5;1;;5;0;0;14;;;0;17;45;1;0;44;;0;2;0;11;0;;
578860;Študlov;111;71;71;9;0;0;6;;0;2;15;0;0;;0;0;0;6;;;0;1;21;0;0;2;;0;3;0;6;0;;
578878;Telecí;325;201;199;12;0;0;30;;0;7;7;3;1;;6;0;0;22;;;0;7;62;0;0;25;;2;3;1;11;0;;
578886;Trpín;339;246;246;20;0;1;34;;0;6;23;4;7;;1;0;0;11;;;1;2;57;0;1;62;;1;0;2;13;0;;
578894;Trstěnice;406;276;275;13;0;1;18;;0;25;23;3;3;;2;0;0;28;;;0;18;73;0;0;35;;1;2;0;30;0;;
572616;Tržek;147;87;84;7;0;0;8;;0;11;7;1;2;;0;0;0;15;;;1;2;8;0;0;13;;0;1;0;7;1;;
578908;Třebařov;736;297;295;16;1;0;19;;0;9;37;3;4;;6;1;0;28;;;0;10;102;0;3;8;;0;2;1;45;0;;
578916;Újezdec;79;52;49;4;0;0;5;;0;5;3;0;2;;0;0;0;4;;;0;2;15;0;0;5;;0;0;0;4;0;;
572624;Útěchov;218;152;152;14;1;0;15;;0;2;17;4;1;;10;0;1;12;;;0;0;50;0;0;4;;1;0;0;19;1;;
578932;Vendolí;757;425;421;20;0;0;37;;0;52;45;1;10;;4;0;0;36;;;0;10;129;0;2;20;;5;2;1;46;1;;
578941;Vidlatá Seč;233;170;170;7;0;0;6;;0;19;14;2;1;;2;0;1;21;;;0;8;45;0;1;28;;0;0;0;15;0;;
578959;Víska u Jevíčka;136;70;70;0;0;0;11;;0;3;14;2;0;;0;0;0;5;;;1;0;23;0;0;1;;0;0;1;9;0;;
578967;Vítějeves;328;189;188;7;0;0;11;;0;2;24;1;1;;4;0;0;7;;;0;3;81;0;0;13;;0;0;1;31;2;;
581127;Vlčkov;78;60;60;2;0;0;1;;0;11;4;1;0;;0;0;0;5;;;0;3;17;0;0;6;;0;0;0;10;0;;
578975;Vranová Lhota;373;196;193;12;0;0;15;;0;7;29;0;3;;0;0;0;10;;;1;7;64;0;1;5;;1;0;5;33;0;;
572292;Vrážné;58;44;44;4;2;0;0;;0;5;2;1;0;;6;0;0;11;;;0;1;10;0;0;1;;0;0;0;1;0;;
578991;Vysoká;39;27;26;5;0;0;2;;0;1;1;1;0;;0;2;0;0;;;0;0;6;0;0;7;;0;0;0;1;0;;
572195;Želivsko;28;20;20;1;0;0;0;;0;1;4;0;2;;1;0;0;2;;;0;0;6;0;0;0;;1;0;0;2;0;;
547981;Albrechtice;368;214;214;9;2;0;11;;0;8;25;5;0;;3;0;0;16;;;0;6;92;0;0;2;;1;1;0;32;1;;
573426;Anenská Studánka;150;70;69;5;5;0;1;;0;2;11;0;0;;0;0;1;3;;;1;0;15;0;0;10;;0;0;0;14;1;;
553760;Běstovice;353;221;218;24;3;0;12;;0;17;7;2;1;;7;0;1;27;;;0;7;79;0;0;7;;0;0;0;24;0;;
548006;Bošín;81;43;43;5;0;0;2;;0;0;1;2;0;;3;0;0;4;;;0;1;16;0;0;4;;0;0;0;5;0;;
579947;Brandýs nad Orlicí;1 135;767;760;77;0;0;77;;0;42;68;8;21;;9;0;1;77;;;0;16;197;1;1;53;;5;1;3;98;5;;
579963;Bučina;194;138;138;11;0;1;9;;0;16;3;1;3;;0;0;0;11;;;2;9;39;0;0;16;;0;1;2;11;3;;
579971;Bystřec;904;626;625;67;1;1;32;;2;24;51;13;9;;13;1;0;47;;;1;18;169;1;1;85;;0;0;0;84;5;;
579980;Cotkytle;318;144;143;4;0;0;8;;0;10;12;2;2;;0;0;0;7;;;0;4;58;0;0;12;;0;0;1;23;0;;
579998;Čenkovice;160;102;101;12;0;0;6;;0;7;3;1;1;;0;0;1;18;;;0;1;32;1;0;11;;0;0;0;7;0;;
580015;Červená Voda;2 443;1 225;1 216;142;3;3;80;;1;39;159;10;8;;10;0;1;91;;;3;72;323;1;3;74;;5;0;7;175;6;;
580023;Česká Rybná;307;201;198;10;0;0;10;;0;2;15;4;2;;6;0;0;28;;;0;4;48;1;1;18;;1;1;1;44;2;;
580031;Česká Třebová;12 662;7 833;7 787;750;38;1;673;;11;198;420;122;81;;135;4;19;878;;;8;456;2 566;5;11;412;;48;36;12;878;25;;
580040;České Heřmanice;452;297;293;26;1;0;21;;0;68;17;3;1;;4;0;0;27;;;0;10;71;0;0;30;;0;1;0;13;0;;
580058;České Libchavy;477;311;309;31;0;1;20;;0;22;17;1;3;;2;1;0;26;;;0;17;96;0;0;14;;6;2;1;46;3;;
580066;České Petrovice;136;84;79;9;0;0;5;;0;5;7;0;1;;0;0;1;6;;;0;2;23;0;0;14;;1;0;2;3;0;;
580074;Damníkov;543;322;315;14;3;0;28;;0;15;49;0;5;;2;0;0;25;;;0;5;110;0;2;16;;2;0;0;38;1;;
548014;Dlouhá Třebová;1 032;678;669;47;1;0;45;;0;33;36;4;7;;14;1;0;67;;;1;33;221;0;1;38;;3;1;4;111;1;;
548031;Dlouhoňovice;637;398;395;46;0;1;18;;3;34;28;6;1;;3;1;0;48;;;0;11;120;2;1;30;;6;1;2;32;1;;
580091;Dobříkov;385;267;265;19;2;0;19;;0;15;10;6;1;;4;0;1;24;;;1;12;84;1;0;18;;2;0;1;39;6;;
580112;Dolní Čermná;1 056;724;718;69;1;0;43;;1;114;38;7;7;;11;1;1;53;;;1;47;154;0;0;107;;3;0;2;55;3;;
580121;Dolní Dobrouč;2 063;1 379;1 372;106;2;1;70;;3;74;60;16;7;;25;2;4;163;;;0;52;339;0;0;254;;5;2;8;175;4;;
580163;Dolní Morava;252;204;204;32;0;0;5;;0;8;12;0;1;;7;0;0;27;;;1;14;52;0;1;12;;0;0;1;30;1;;
580210;Džbánov;276;181;180;14;4;0;11;;0;8;7;3;3;;1;0;0;21;;;0;10;59;0;0;10;;2;0;0;24;3;;
580228;Hejnice;178;127;125;14;0;0;11;;1;2;5;6;2;;0;0;1;11;;;0;4;46;0;0;8;;0;0;0;14;0;;
548049;Helvíkovice;378;285;282;33;0;1;10;;0;14;22;1;4;;5;0;0;42;;;0;12;70;0;3;22;;1;1;1;39;1;;
580261;Hnátnice;679;453;451;49;0;2;30;;1;24;30;7;3;;10;0;0;64;;;0;7;128;0;0;44;;2;1;0;47;2;;
580279;Horní Čermná;826;585;581;47;1;1;19;;2;52;24;13;4;;6;0;4;75;;;0;20;173;0;1;59;;5;3;2;67;3;;
580295;Horní Heřmanice;398;243;240;15;0;0;31;;0;19;14;10;4;;1;0;0;10;;;0;10;70;0;0;32;;0;0;0;24;0;;
580333;Horní Třešňovec;503;349;347;54;0;0;8;;0;11;13;6;9;;7;1;0;41;;;0;12;114;0;0;30;;1;1;2;36;1;;
547972;Hrádek;82;44;43;3;0;0;1;;0;2;2;1;0;;0;0;0;5;;;2;0;14;0;0;2;;0;0;1;10;0;;
580341;Hrušová;293;201;201;20;0;1;14;;0;10;25;1;0;;3;0;0;20;;;0;7;67;0;0;4;;0;1;2;26;0;;
580350;Choceň;6 933;4 483;4 458;603;7;8;334;;13;175;234;58;26;;51;4;3;615;;;5;166;1 334;2;7;311;;17;4;11;449;21;;
580376;Jablonné nad Orlicí;2 317;1 558;1 550;181;1;1;102;;4;128;98;18;10;;20;2;2;173;;;0;76;430;1;1;113;;11;3;2;170;3;;
580392;Jamné nad Orlicí;544;377;373;40;1;1;16;;0;23;29;3;1;;2;0;0;46;;;1;10;110;0;0;41;;2;3;3;41;0;;
580406;Javorník;213;131;131;14;0;0;12;;1;13;7;6;1;;0;0;1;12;;;0;1;48;0;0;5;;0;0;0;10;0;;
580414;Jehnědí;260;188;188;14;1;0;9;;0;11;13;3;3;;1;0;0;21;;;0;6;65;0;0;11;;0;2;0;27;1;;
580422;Kameničná;258;177;175;24;0;2;12;;1;10;6;1;0;;4;0;0;23;;;0;3;61;0;3;7;;0;1;0;17;0;;
580431;Klášterec nad Orlicí;708;453;446;47;1;1;19;;1;30;33;3;6;;8;0;0;41;;;0;12;114;0;1;45;;3;1;1;77;2;;
580465;Koldín;293;204;204;36;1;0;9;;1;12;16;1;4;;2;0;0;33;;;0;6;57;1;0;8;;0;0;2;15;0;;
574449;Kosořín;136;88;88;13;0;0;12;;0;6;7;0;0;;3;0;0;13;;;0;2;20;0;1;4;;0;0;0;7;0;;
580481;Králíky;3 480;2 048;2 039;178;1;4;118;;2;89;221;38;18;;18;0;1;147;;;1;68;693;2;3;95;;20;6;2;300;14;;
580490;Krasíkov;250;144;144;10;0;0;12;;0;3;11;1;2;;2;0;0;9;;;0;2;54;0;0;9;;1;0;0;28;0;;
580503;Kunvald;806;537;534;57;0;0;45;;1;39;46;11;8;;8;0;2;87;;;0;37;83;0;0;62;;0;3;1;40;4;;
580511;Lanškroun;7 751;4 826;4 797;616;7;2;352;;6;150;293;122;54;;84;5;3;448;;;5;208;1 604;11;7;245;;21;9;10;517;18;;
571695;Leština;251;150;148;9;0;0;14;;0;6;11;1;1;;2;0;1;10;;;0;2;39;0;0;21;;0;0;5;25;1;;
580538;Letohrad;4 974;3 508;3 489;346;10;2;191;;2;228;187;36;30;;44;3;5;476;;;0;206;924;4;2;405;;13;9;8;346;12;;
580562;Libecina;138;90;89;6;0;0;3;;0;2;19;0;1;;0;0;0;5;;;0;0;31;1;1;13;;0;0;0;3;4;;
580147;Libchavy;1 322;917;913;141;2;0;51;;0;46;84;9;7;;9;0;0;114;;;1;30;254;0;1;58;;4;2;4;95;1;;
580571;Lichkov;410;234;232;14;1;0;15;;0;8;28;2;5;;3;0;0;14;;;0;4;78;0;0;6;;0;0;1;51;2;;
580589;Líšnice;600;414;406;65;0;0;21;;2;37;19;2;1;;3;0;0;44;;;2;19;105;0;0;41;;0;3;0;42;0;;
580619;Lubník;259;167;165;9;0;0;12;;0;3;21;7;0;;6;0;0;8;;;0;3;59;0;0;12;;0;0;2;23;0;;
580627;Lukavice;898;611;604;66;1;0;44;;1;33;27;5;3;;8;1;2;85;;;0;30;171;2;1;69;;5;0;1;47;2;;
580635;Luková;593;347;346;8;3;0;23;;1;12;33;3;12;;5;0;1;32;;;1;6;117;0;4;19;;0;3;2;61;0;;
580643;Mistrovice;456;313;313;27;0;1;15;;1;25;14;7;0;;7;0;0;26;;;0;7;76;1;1;59;;1;0;0;45;0;;
580651;Mladkov;442;289;288;11;1;0;19;;1;24;28;3;3;;4;0;0;33;;;0;4;79;0;0;19;;2;0;2;53;2;;
580660;Mostek;191;139;139;6;0;0;11;;1;8;7;1;0;;2;0;0;10;;;0;2;43;0;2;17;;0;1;0;27;1;;
580678;Nasavrky;108;65;65;4;0;0;5;;0;1;4;0;1;;0;0;0;9;;;0;6;27;0;1;5;;0;0;1;1;0;;
580686;Nekoř;747;521;520;32;1;0;30;;1;21;16;8;11;;4;1;8;59;;;1;18;138;0;0;115;;0;1;1;50;4;;
571920;Nové Hrady;260;160;159;18;0;0;5;;0;15;8;2;4;;5;1;0;26;;;0;4;40;0;0;14;;0;1;0;16;0;;
580716;Orlické Podhůří;529;362;359;40;1;0;21;;0;29;25;0;6;;0;0;1;28;;;0;21;76;0;3;49;;4;1;1;49;4;;
580724;Orličky;249;153;151;9;0;0;12;;3;10;13;1;0;;0;0;0;21;;;0;6;43;0;0;9;;0;0;0;24;0;;
580732;Ostrov;520;250;247;10;0;0;16;;0;21;12;2;1;;4;0;0;27;;;0;3;86;0;4;22;;1;0;1;36;1;;
580741;Oucmanice;180;124;123;6;0;0;6;;0;10;3;3;2;;0;1;0;16;;;1;17;36;0;0;10;;0;0;0;12;0;;
580759;Pastviny;284;194;194;21;0;0;5;;0;27;13;1;5;;4;0;0;13;;;0;4;42;0;0;44;;1;0;0;14;0;;
580767;Petrovice;202;151;150;1;0;0;6;;0;16;5;2;2;;1;0;0;10;;;0;6;55;0;0;33;;2;0;0;10;1;;
580775;Písečná;419;297;295;25;0;0;6;;0;44;6;2;2;;9;1;1;52;;;0;19;79;0;1;16;;1;0;1;30;0;;
580783;Plchovice;59;40;39;0;0;0;3;;0;0;3;0;0;;4;0;0;10;;;0;2;11;0;0;2;;0;0;0;4;0;;
580805;Podlesí;223;162;161;15;1;0;3;;0;13;0;2;2;;6;0;1;23;;;0;14;42;0;0;20;;0;2;0;17;0;;
580821;Přívrat;283;200;196;17;3;0;11;;0;18;8;3;0;;3;0;0;21;;;0;1;69;0;0;18;;0;0;1;23;0;;
580830;Pustina;61;42;42;2;0;0;2;;0;4;2;1;0;;0;0;0;6;;;0;1;9;0;0;6;;1;1;0;6;1;;
575542;Radhošť;140;109;109;3;0;1;6;;0;8;14;1;2;;0;0;0;13;;;0;0;27;0;0;17;;0;0;0;15;2;;
580848;Rudoltice;1 381;673;670;48;1;0;46;;1;27;63;8;8;;9;1;2;77;;;2;20;237;0;5;23;;0;5;0;85;2;;
547905;Rybník;637;395;388;25;6;0;37;;0;5;27;9;7;;7;0;3;50;;;0;8;138;0;0;19;;4;3;1;38;1;;
572209;Řepníky;313;187;185;14;0;0;16;;1;15;6;4;4;;3;1;0;22;;;0;5;50;0;0;17;;0;0;4;23;0;;
580872;Řetová;561;378;377;16;1;0;29;;0;23;20;4;5;;10;0;1;31;;;3;9;126;0;1;58;;1;2;0;36;1;;
580881;Řetůvka;227;162;160;16;1;0;16;;0;6;7;0;1;;1;0;0;22;;;0;5;44;0;0;20;;1;0;0;19;1;;
574392;Sázava;457;280;277;21;1;1;6;;0;11;10;5;1;;2;0;0;21;;;0;15;115;0;1;18;;0;5;0;44;0;;
580902;Seč;129;98;97;11;0;0;12;;0;6;2;0;1;;0;0;0;9;;;0;6;34;0;1;6;;2;0;3;3;1;;
555240;Semanín;466;271;270;18;4;0;25;;0;7;27;2;10;;2;0;0;31;;;1;11;90;2;0;6;;1;5;1;27;0;;
580929;Skořenice;332;194;194;11;0;1;7;;0;14;22;1;3;;1;1;0;17;;;0;17;57;0;0;10;;0;1;1;29;1;;
580945;Slatina;338;243;242;16;0;0;7;;1;14;36;2;2;;3;0;0;34;;;0;8;72;0;1;14;;2;1;3;26;0;;
547964;Sobkovice;202;146;145;10;0;1;2;;0;8;16;1;1;;2;0;0;11;;;0;5;38;0;0;26;;2;0;0;21;1;;
580961;Sopotnice;723;438;432;30;1;1;44;;1;18;36;4;2;;4;0;1;46;;;0;10;137;0;0;26;;1;4;3;62;1;;
580970;Sruby;466;293;291;46;0;0;21;;0;21;20;3;3;;8;0;0;33;;;0;7;73;0;0;20;;3;1;4;27;1;;
572306;Stradouň;164;87;87;14;0;0;1;;0;8;15;1;0;;0;0;0;3;;;0;0;27;0;0;1;;1;0;0;16;0;;
580988;Strážná;83;55;55;5;0;0;1;;0;0;13;1;0;;0;0;0;5;;;0;1;23;0;0;3;;0;0;0;3;0;;
580996;Studené;149;105;105;11;0;0;6;;0;12;3;1;0;;1;0;0;12;;;0;3;19;0;0;17;;1;0;0;19;0;;
581003;Sudislav nad Orlicí;105;62;62;9;0;0;5;;0;2;4;3;0;;2;0;0;16;;;0;4;13;0;0;1;;0;0;2;0;1;;
581011;Sudslava;152;109;107;7;0;0;6;;0;11;1;1;2;;4;0;0;21;;;2;0;23;0;1;7;;1;1;0;18;1;;
580708;Svatý Jiří;246;183;183;10;0;2;13;;0;22;8;2;0;;0;0;0;16;;;0;9;69;0;0;10;;0;2;0;20;0;;
581038;Šedivec;159;128;126;4;0;0;10;;0;6;11;1;2;;4;0;1;12;;;0;5;18;1;0;37;;0;0;1;13;0;;
581046;Tatenice;695;404;398;20;0;0;30;;0;12;41;6;6;;2;1;0;27;;;1;16;128;0;0;43;;7;0;0;58;0;;
581054;Těchonín;477;339;339;31;0;0;26;;2;32;35;3;2;;1;0;1;31;;;0;7;102;0;0;9;;2;1;1;53;0;;
581062;Tisová;462;333;330;18;1;0;13;;0;45;20;0;2;;7;0;0;33;;;0;13;91;0;0;43;;1;1;3;36;3;;
547921;Trpík;61;38;37;1;4;0;4;;0;2;1;2;0;;0;0;0;0;;;0;3;12;0;0;2;;0;0;0;6;0;;
581071;Třebovice;630;376;375;25;10;0;24;;0;14;39;1;3;;14;1;1;24;;;0;13;137;0;0;16;;1;0;4;47;1;;
575861;Týnišťko;134;80;79;7;0;1;4;;0;6;6;0;1;;0;0;0;2;;;1;3;22;0;1;0;;0;0;1;16;8;;
581089;Újezd u Chocně;273;133;133;15;0;0;11;;0;3;11;2;2;;3;0;0;19;;;0;9;31;0;0;4;;0;0;0;22;1;;
579891;Ústí nad Orlicí;11 357;7 098;7 055;841;15;6;578;;1;233;516;103;57;;132;3;7;845;;;7;389;2 091;1;7;465;;37;4;44;660;13;;
581101;Velká Skrovnice;230;139;139;11;0;0;14;;1;9;14;2;1;;3;0;0;14;;;0;13;26;0;1;18;;0;1;1;10;0;;
581119;Verměřovice;569;418;413;32;2;0;18;;1;21;26;4;3;;6;1;3;49;;;0;13;117;1;0;69;;2;1;1;43;0;;
572489;Vinary;104;70;68;4;0;0;6;;1;12;8;0;0;;0;0;0;1;;;0;0;26;0;0;3;;0;0;2;5;0;;
581143;Voděrady;286;213;211;17;2;0;13;;1;31;14;2;3;;2;0;0;23;;;0;7;47;0;1;13;;0;0;2;32;1;;
581151;Vraclav;596;400;397;37;2;0;17;;0;111;26;8;4;;0;0;1;37;;;1;13;81;0;0;5;;1;2;4;38;9;;
548022;Vračovice-Orlov;152;122;122;22;3;4;1;;0;17;5;2;0;;2;0;0;9;;;0;3;24;0;1;19;;1;0;0;9;0;;
581178;Výprachtice;773;530;526;18;0;0;94;;1;13;32;7;7;;4;1;0;45;;;0;17;167;0;1;41;;2;2;1;71;2;;
581186;Vysoké Mýto;9 691;6 043;6 001;713;9;29;408;;3;306;380;104;65;;94;3;8;710;;;8;267;1 691;3;12;353;;23;8;40;579;185;;
581194;Zádolí;75;52;52;3;0;0;2;;0;1;7;0;1;;1;0;0;8;;;0;1;14;0;0;7;;0;0;0;7;0;;
581208;Záchlumí;570;382;377;26;0;0;27;;1;11;17;8;9;;10;1;1;48;;;0;9;114;0;0;25;;2;1;0;67;0;;
581216;Zálší;194;126;124;17;0;0;5;;1;10;10;1;0;;2;0;0;15;;;2;3;33;0;0;8;;0;0;1;15;1;;
581224;Zámrsk;600;394;393;29;0;2;26;;0;44;42;1;2;;10;0;0;41;;;0;9;120;0;2;5;;3;2;3;36;16;;
581232;Zářecká Lhota;159;121;121;10;0;7;5;;0;14;8;0;1;;1;0;0;10;;;0;5;40;0;4;11;;0;0;0;5;0;;
581259;Žamberk;4 902;3 126;3 105;420;1;4;207;;2;156;156;40;22;;43;2;8;387;;;1;174;840;2;6;205;;17;8;4;396;4;;
581267;Žampach;244;122;120;13;0;2;5;;0;2;6;4;3;;2;0;0;20;;;0;1;42;0;0;4;;0;0;2;12;2;;
581275;Žichlínek;768;484;479;43;5;0;21;;0;20;41;6;8;;16;0;0;56;;;0;12;155;1;0;37;;2;0;1;55;0;;
546194;Bačkov;100;64;64;6;0;0;5;;0;3;8;2;0;;2;0;0;0;;;0;0;26;;1;2;0;3;0;0;6;0;;
548260;Bartoušov;127;84;83;11;0;0;12;;0;0;13;0;0;;2;0;0;4;;;0;1;18;;0;9;0;0;0;0;13;0;;
573566;Bělá;200;158;158;8;0;0;13;;0;11;38;2;2;;1;0;0;9;;;1;1;51;;0;1;0;0;1;0;19;0;;
548430;Bezděkov;198;146;145;22;0;0;19;;0;4;15;0;2;;0;1;0;14;;;1;5;46;;0;4;0;0;0;3;9;0;;
568457;Bojiště;224;134;134;25;0;0;7;;0;6;4;1;2;;4;0;0;8;;;0;4;49;;0;11;1;0;0;1;11;0;;
573558;Boňkov;64;36;35;2;0;0;6;;0;2;4;1;0;;1;0;0;7;;;0;0;6;;0;3;0;0;0;0;3;0;;
568465;Borek;108;63;63;3;0;0;5;;0;2;7;0;0;;0;0;0;9;;;0;0;28;;0;3;0;0;0;0;6;0;;
548278;Břevnice;130;90;90;11;0;0;4;;0;4;12;5;0;;1;0;0;7;;;1;2;23;;0;7;0;1;0;3;9;0;;
568490;Čachotín;153;104;103;4;0;0;5;;0;0;8;0;2;;0;0;0;9;;;0;5;39;;0;16;0;0;0;0;13;2;;
548375;Čečkovice;64;55;55;10;1;0;12;;1;0;7;0;0;;0;0;0;3;;;0;0;15;;0;3;0;0;1;0;2;0;;
568503;Česká Bělá;810;525;523;60;0;0;48;;1;23;46;7;3;;8;0;1;65;;;0;11;157;;2;39;0;12;1;2;37;0;;
568520;Číhošť;283;195;195;13;0;0;20;;0;9;27;3;0;;1;0;0;17;;;0;7;56;;0;13;0;0;0;2;27;0;;
568538;Dlouhá Ves;322;204;204;24;0;0;13;;0;11;31;4;4;;1;0;0;20;;;0;2;58;;0;9;0;0;3;1;21;2;;
568597;Dolní Krupá;328;180;179;14;0;1;20;;0;3;12;1;2;;4;0;0;17;;;0;7;61;;0;16;0;3;1;0;15;2;;
568601;Dolní Město;764;531;530;37;0;0;55;;0;21;87;7;5;;7;0;1;52;;;0;16;164;;0;40;0;5;1;1;30;1;;
548448;Dolní Sokolovec;74;49;49;9;0;0;3;;0;2;5;0;0;;2;0;0;3;;;0;0;17;;0;7;0;0;0;0;1;0;;
568619;Druhanov;120;88;88;1;0;0;4;;0;5;9;2;1;;2;0;0;11;;;0;5;35;;0;6;0;0;0;0;7;0;;
568635;Golčův Jeníkov;2 121;1 235;1 232;148;3;1;115;;4;54;118;15;12;;26;3;2;112;;;0;35;434;;6;50;0;5;1;2;84;2;;
568651;Habry;1 027;614;611;37;2;0;52;;0;39;61;9;6;;7;0;0;51;;;1;21;253;;1;25;0;3;1;1;40;1;;
568660;Havlíčkova Borová;761;499;495;42;2;0;56;;0;18;32;5;9;;6;0;0;65;;;1;13;131;;2;58;2;0;2;3;47;1;;
568414;Havlíčkův Brod;18 756;11 971;11 914;1 641;17;4;1 004;;12;341;1 088;213;63;;127;4;12;1 418;;;7;542;3 474;;16;744;3;113;22;20;989;40;;
568678;Herálec;927;600;596;45;2;0;49;;0;32;94;5;3;;9;1;3;53;;;0;26;203;;1;21;1;3;2;2;40;1;;
548596;Heřmanice;53;37;37;7;0;0;1;;0;3;1;1;0;;3;0;0;1;;;0;0;15;;1;1;0;1;0;0;2;0;;
568694;Hněvkovice;479;274;272;29;1;0;27;;0;5;30;1;1;;2;0;0;20;;;1;12;92;;1;18;0;0;0;0;32;0;;
568708;Horní Krupá;424;300;297;51;1;0;20;;2;12;9;2;0;;3;0;0;23;;;0;22;68;;1;60;0;1;3;1;18;0;;
548243;Horní Paseka;66;45;45;8;0;0;5;;0;2;2;0;0;;0;1;0;3;;;0;0;18;;0;2;0;0;0;0;4;0;;
568724;Hradec;202;118;116;13;0;0;5;;0;6;13;2;1;;0;0;0;4;;;0;13;41;;0;9;0;0;0;0;9;0;;
530646;Hurtova Lhota;201;110;110;12;0;0;22;;0;6;6;0;2;;1;1;0;10;;;0;0;28;;0;8;0;0;1;0;13;0;;
568759;Chotěboř;7 602;4 914;4 878;651;28;3;399;;6;149;432;69;29;;49;5;6;600;;;3;170;1 477;;12;276;0;34;7;13;448;12;;
568767;Chrtníč;102;60;60;3;0;0;5;;0;4;7;0;0;;0;0;0;6;;;0;1;22;;0;5;0;2;0;0;4;1;;
573574;Chřenovice;131;83;82;2;0;0;7;;0;1;15;1;2;;1;0;1;6;;;0;1;34;;0;8;0;0;0;0;3;0;;
568783;Jedlá;66;42;42;3;0;0;2;;0;6;8;1;0;;0;0;0;2;;;0;0;7;;0;8;0;0;0;0;5;0;;
568805;Jeřišno;233;156;155;11;0;0;12;;1;17;14;0;0;;1;0;0;14;;;1;3;55;;1;3;0;0;0;0;20;2;;
548413;Jilem;104;77;77;3;0;0;14;;0;8;9;0;0;;1;0;1;10;;;0;3;19;;1;2;0;0;0;0;6;0;;
546216;Jitkov;189;129;128;11;1;0;25;;0;9;13;0;0;;3;0;1;12;;;0;6;36;;0;5;0;0;0;0;6;0;;
568821;Kámen;328;228;228;13;1;1;13;;0;23;35;2;3;;0;1;0;17;;;0;6;68;;1;26;0;2;0;0;16;0;;
568848;Kamenná Lhota;203;106;106;18;1;0;7;;0;6;5;1;1;;0;0;0;6;;;0;7;39;;0;4;0;0;0;0;11;0;;
568856;Klokočov;131;102;102;9;0;0;7;;0;10;15;2;1;;3;0;0;19;;;0;9;20;;0;4;0;0;0;0;3;0;;
548286;Knyk;341;220;216;23;0;0;16;;0;15;13;6;1;;4;0;0;20;;;0;15;70;;1;15;1;0;0;1;11;4;;
548529;Kochánov;126;75;75;5;0;0;10;;0;2;3;1;1;;0;0;0;4;;;0;1;27;;0;16;0;1;0;0;4;0;;
568881;Kojetín;142;109;109;12;2;0;8;;0;5;7;4;1;;1;0;0;12;;;0;2;31;;1;18;0;0;0;0;5;0;;
548189;Kouty;168;118;117;6;0;0;7;;0;8;9;0;0;;6;0;0;13;;;0;4;37;;0;7;0;0;0;1;19;0;;
568899;Kozlov;191;136;136;9;0;0;14;;0;4;27;0;2;;0;0;0;11;;;0;3;33;;0;14;0;0;1;0;18;0;;
568902;Kožlí;667;433;426;44;3;0;39;;0;23;57;4;2;;3;0;0;39;;;2;14;116;;1;22;0;2;0;2;53;0;;
548618;Kraborovice;83;62;62;8;0;0;12;;0;3;3;0;0;;0;0;0;6;;;0;0;25;;0;2;0;1;1;0;1;0;;
568929;Krásná Hora;420;237;237;21;0;1;12;;0;15;19;3;1;;4;0;0;22;;;0;9;104;;0;8;0;1;0;2;14;1;;
568937;Krátká Ves;118;82;82;8;0;0;5;;1;0;4;0;0;;2;0;0;26;;;0;0;24;;0;5;0;0;0;0;7;0;;
568945;Krucemburk;1 270;820;813;63;2;1;59;;0;53;62;14;4;;13;0;0;56;;;0;33;253;;1;108;0;8;1;1;78;3;;
548570;Kunemil;99;65;64;0;0;0;6;;0;6;4;0;4;;8;0;0;0;;;0;1;26;;0;6;0;0;0;1;1;1;;
568953;Květinov;177;129;128;12;0;0;12;;1;7;16;2;0;;1;0;0;11;;;2;10;38;;0;4;0;0;0;0;11;1;;
548308;Kyjov;117;82;82;1;0;0;9;;0;3;8;0;0;;3;0;0;14;;;0;1;36;;0;4;0;0;0;0;3;0;;
568970;Kynice;68;47;47;1;0;0;1;;1;0;3;0;0;;0;0;0;1;;;0;0;22;;0;7;0;0;0;0;11;0;;
548481;Lány;45;35;35;5;0;0;4;;0;3;3;0;0;;1;0;0;4;;;0;0;5;;0;4;0;0;0;0;6;0;;
568988;Ledeč nad Sázavou;4 295;2 552;2 530;231;0;0;228;;4;118;245;39;22;;41;3;1;226;;;3;109;869;;1;175;0;22;2;0;181;10;;
568996;Leškovice;63;48;48;3;1;0;8;;0;3;1;1;0;;2;0;0;8;;;0;0;12;;0;9;0;0;0;0;0;0;;
569011;Leština u Světlé;481;306;300;24;0;0;22;;0;16;67;5;3;;4;0;0;22;;;0;8;102;;1;8;0;3;0;1;14;0;;
569020;Libice nad Doubravou;719;530;528;42;0;0;41;;0;97;48;4;1;;1;0;0;57;;;0;17;159;;2;21;0;0;0;0;37;1;;
569038;Lípa;888;607;605;70;0;1;62;;0;13;49;5;6;;3;0;1;60;;;3;19;209;;2;51;0;4;3;1;41;2;;
569046;Lipnice nad Sázavou;545;344;344;52;0;0;23;;0;12;37;4;2;;2;0;0;34;;;1;22;105;;0;7;0;4;0;1;35;3;;
569062;Lučice;499;311;311;48;0;0;35;;0;18;20;4;3;;0;0;3;16;;;0;12;88;;0;29;0;1;0;0;33;1;;
569071;Malčín;171;126;126;9;0;0;11;;0;6;12;0;1;;2;0;1;9;;;0;3;56;;0;9;0;2;0;0;5;0;;
569089;Maleč;562;361;358;27;0;1;56;;0;15;46;3;5;;3;0;0;28;;;0;8;112;;0;18;0;2;2;1;30;1;;
548316;Michalovice;144;104;104;13;0;0;10;;0;6;5;3;2;;2;0;0;12;;;0;5;29;;0;11;0;2;0;0;4;0;;
569127;Modlíkov;143;101;101;24;0;0;7;;0;3;8;5;0;;2;0;0;5;;;0;0;32;;0;4;0;0;0;0;11;0;;
548197;Nejepín;56;40;40;2;0;0;3;;0;1;8;0;0;;0;0;0;4;;;0;0;11;;0;5;0;0;0;0;6;0;;
569160;Nová Ves u Chotěboře;447;308;306;9;3;0;30;;0;13;38;5;4;;3;0;0;35;;;0;6;97;;0;13;0;0;3;0;47;0;;
569151;Nová Ves u Leštiny;94;71;71;1;0;0;1;;0;5;10;0;1;;0;0;0;1;;;0;2;40;;0;4;0;0;0;0;6;0;;
555266;Nová Ves u Světlé;424;284;284;45;1;0;14;;0;13;26;2;5;;3;0;1;39;;;0;3;79;;1;21;0;0;1;1;28;1;;
569186;Okrouhlice;1 076;760;756;76;2;0;59;;0;93;55;9;6;;12;1;0;80;;;1;18;224;;1;47;1;9;1;1;60;0;;
548588;Okrouhlička;183;131;131;22;0;0;11;;0;7;12;0;2;;2;0;0;18;;;0;3;36;;0;7;0;1;0;1;9;0;;
569208;Olešenka;144;82;81;8;0;0;6;;1;1;5;0;1;;0;0;1;13;;;0;7;15;;1;17;0;0;0;0;5;0;;
569216;Olešná;266;160;160;12;1;0;12;;1;13;7;2;1;;3;0;0;8;;;0;5;61;;1;20;0;2;1;0;9;1;;
548359;Ostrov;123;85;85;6;0;0;2;;0;5;9;2;1;;1;0;0;5;;;0;3;22;;0;19;0;1;0;0;9;0;;
569224;Oudoleň;293;215;211;23;0;0;9;;0;9;22;3;1;;1;0;0;20;;;2;6;61;;1;31;0;2;0;0;19;1;;
569232;Ovesná Lhota;138;89;89;8;0;0;11;;0;0;12;0;0;;1;0;0;6;;;0;0;30;;0;1;0;0;1;0;19;0;;
569241;Pavlov;110;74;73;3;0;0;3;;0;4;10;0;1;;1;0;0;7;;;0;4;25;;0;10;0;0;0;0;5;0;;
548634;Podmoklany;113;84;84;3;0;0;7;;0;4;14;1;2;;1;0;0;1;;;0;0;29;;0;11;0;0;0;0;11;0;;
548251;Podmoky;102;82;82;6;0;0;5;;0;5;12;1;0;;0;0;0;8;;;0;1;33;;0;2;0;0;1;0;8;0;;
569291;Pohled;615;385;384;45;1;0;32;;0;15;33;8;6;;4;0;1;45;;;0;7;129;;0;23;0;7;2;0;24;2;;
573591;Pohleď;64;44;43;3;0;0;3;;0;0;6;0;0;;0;0;0;2;;;0;6;14;;0;4;0;1;1;0;3;0;;
569313;Prosíčka;108;65;63;5;0;0;2;;3;2;7;0;0;;1;0;0;9;;;0;5;13;;0;10;0;0;1;0;5;0;;
569321;Přibyslav;3 174;1 997;1 983;307;1;0;197;;3;63;129;31;22;;26;1;4;210;;;1;75;470;;4;274;1;6;1;2;148;7;;
569348;Příseka;334;204;204;14;1;0;19;;2;9;21;3;2;;5;1;0;31;;;0;8;64;;0;12;0;2;0;2;8;0;;
569364;Radostín;120;87;87;18;0;0;6;;1;9;6;1;0;;0;0;0;9;;;0;5;19;;0;1;0;0;0;0;12;0;;
569399;Rozsochatec;416;310;310;22;0;0;37;;0;13;24;2;3;;3;2;2;35;;;0;4;103;;0;34;0;1;1;0;24;0;;
569402;Rušinov;154;130;129;4;0;0;16;;0;0;28;1;2;;0;0;0;12;;;0;2;51;;0;2;0;0;0;0;10;1;;
569411;Rybníček;59;37;37;0;0;0;8;;0;2;1;0;0;;1;0;0;2;;;0;0;16;;0;4;0;0;0;0;3;0;;
569429;Sázavka;263;188;188;15;0;0;20;;0;12;16;0;1;;3;0;0;19;;;0;4;61;;0;19;0;0;0;1;16;1;;
548421;Sedletín;235;176;176;4;0;0;13;;0;7;8;1;1;;0;0;0;18;;;0;0;67;;2;41;0;0;2;2;10;0;;
548324;Skorkov;67;58;58;1;0;0;3;;0;3;13;0;0;;0;0;0;3;;;0;2;7;;0;7;0;1;0;10;8;0;;
569461;Skryje;154;93;93;10;0;0;10;;0;3;22;0;0;;0;0;0;10;;;0;3;20;;0;3;0;0;0;0;12;0;;
569470;Skuhrov;221;149;147;19;0;0;6;;0;8;3;1;1;;0;0;0;13;;;0;7;60;;2;19;0;1;0;0;7;0;;
548553;Slavětín;71;60;58;5;0;0;5;;0;3;12;0;2;;1;0;0;5;;;0;3;12;;0;6;0;0;0;1;3;0;;
569488;Slavíkov;254;184;184;6;1;0;22;;0;13;19;0;3;;2;0;0;13;;;0;4;50;;1;18;1;2;1;0;25;3;;
548341;Slavníč;47;32;32;5;0;0;3;;0;1;2;0;0;;0;0;0;4;;;0;0;6;;0;1;0;0;0;0;10;0;;
548499;Sloupno;33;25;25;0;0;0;0;;0;1;3;0;0;;0;0;0;1;;;0;0;16;;0;1;0;0;0;0;3;0;;
573604;Služátky;130;90;90;11;0;0;6;;0;0;14;0;0;;0;0;0;16;;;0;1;22;;1;11;0;0;0;0;8;0;;
569518;Sobíňov;564;392;390;36;0;0;36;;2;28;56;10;4;;3;0;0;33;;;0;17;112;;0;26;0;0;1;1;25;0;;
569534;Stříbrné Hory;193;120;120;14;0;0;11;;0;5;14;2;1;;0;0;0;10;;;0;6;34;;1;10;0;1;0;0;11;0;;
569569;Světlá nad Sázavou;5 874;3 570;3 555;310;1;4;278;;1;143;377;36;47;;38;1;11;381;;;2;117;1 216;;7;195;2;20;8;5;346;9;;
569585;Šlapanov;656;359;355;38;0;0;17;;0;19;45;7;3;;5;0;0;43;;;0;10;112;;0;20;0;2;3;1;30;0;;
569593;Štoky;1 473;987;984;88;3;0;66;;1;41;115;19;17;;11;2;1;106;;;2;31;320;;3;38;0;3;3;0;112;2;;
569615;Tis;301;152;151;15;0;1;10;;0;6;6;3;2;;1;0;0;7;;;0;5;71;;1;11;0;0;3;0;9;0;;
569623;Trpišovice;125;67;67;4;0;0;7;;0;2;4;0;0;;0;0;0;8;;;0;2;26;;0;4;0;0;1;2;7;0;;
569640;Uhelná Příbram;430;298;297;22;3;0;23;;0;18;28;4;2;;3;1;1;25;;;1;5;126;;0;19;0;0;0;0;16;0;;
548537;Úhořilka;38;30;30;6;0;0;5;;0;1;2;2;1;;1;0;0;4;;;0;2;4;;0;2;0;0;0;0;0;0;;
569658;Úsobí;581;382;381;38;3;0;26;;1;10;42;5;4;;5;0;2;36;;;0;20;112;;0;36;0;0;2;6;33;0;;
569674;Vepříkov;287;198;198;8;0;0;8;;0;50;21;0;0;;1;0;0;21;;;0;5;51;;0;19;0;0;0;0;14;0;;
569682;Veselý Žďár;449;308;307;40;0;0;26;;0;21;30;4;5;;2;0;0;27;;;0;8;97;;0;16;0;0;0;2;28;1;;
569691;Věž;689;473;469;47;0;1;52;;0;15;49;8;8;;7;0;0;46;;;0;18;140;;0;33;1;1;1;0;39;3;;
569704;Věžnice;337;221;216;23;0;0;12;;0;15;27;5;1;;1;0;0;8;;;0;3;32;;0;68;0;1;0;0;20;0;;
569712;Vilémov;815;510;509;39;0;0;22;;0;31;46;5;4;;6;1;3;29;;;0;22;212;;3;46;0;2;0;0;38;0;;
569721;Vilémovice;190;151;151;18;0;0;12;;0;7;18;2;1;;3;0;0;12;;;0;2;57;;0;8;0;0;0;0;11;0;;
573582;Víska;150;108;108;7;0;0;10;;0;9;11;1;1;;1;0;0;10;;;0;3;35;;1;13;0;0;0;0;6;0;;
569739;Vlkanov;41;28;28;1;0;0;5;;0;2;0;1;2;;0;0;0;2;;;0;2;7;;0;1;0;0;0;0;5;0;;
530654;Vysoká;174;128;128;9;0;0;4;;0;1;15;7;5;;1;0;0;22;;;0;3;41;;0;7;0;1;1;0;11;0;;
548626;Zvěstovice;55;41;41;2;0;0;5;;0;1;4;0;0;;0;0;0;5;;;0;0;20;;0;2;0;0;0;0;2;0;;
530662;Ždírec;120;74;74;15;0;0;1;;0;1;2;1;3;;0;0;0;11;;;0;2;20;;0;11;0;0;0;0;7;0;;
569780;Ždírec nad Doubravou;2 448;1 600;1 594;182;2;0;108;;4;166;160;22;18;;11;1;0;110;;;0;39;517;;3;76;0;8;2;3;154;8;;
569801;Žižkovo Pole;303;212;210;24;0;0;22;;1;4;13;1;0;;1;0;1;25;;;0;3;60;;0;37;0;0;2;0;15;1;;
586854;Arnolec;133;96;96;13;0;0;9;;0;2;9;0;1;;1;0;0;5;;;0;0;37;;0;9;2;0;2;0;6;0;;
586862;Batelov;1 925;1 244;1 238;88;0;0;83;;3;23;127;11;18;;8;0;0;137;;;0;37;397;;8;129;1;21;6;2;135;4;;
586889;Bílý Kámen;211;156;156;18;0;0;16;;0;4;12;1;0;;5;0;0;22;;;0;10;34;;0;7;0;5;0;0;22;0;;
586897;Bítovčice;347;209;209;17;0;0;14;;0;16;14;2;4;;6;0;0;10;;;1;2;49;;1;33;0;1;2;0;37;0;;
586901;Bohuslavice;113;78;77;12;0;0;3;;0;2;4;2;2;;0;0;0;14;;;0;11;6;;0;12;0;0;0;1;8;0;;
587184;Borovná;65;46;45;5;0;0;0;;0;4;2;0;0;;0;0;0;6;;;0;0;15;;0;6;0;0;0;0;7;0;;
586927;Boršov;124;90;90;4;0;0;4;;0;3;7;0;0;;1;0;0;5;;;0;8;21;;0;14;0;0;1;0;21;1;;
586943;Brtnice;3 028;1 944;1 937;186;1;1;188;;3;70;235;17;9;;22;1;1;174;;;2;53;549;;7;206;1;9;3;4;192;3;;
590371;Brtnička;92;65;64;1;1;0;8;;0;4;6;0;0;;0;0;0;7;;;0;1;25;;1;6;0;0;2;0;2;0;;
586951;Brzkov;218;157;156;23;0;0;5;;0;1;11;3;0;;1;0;0;9;;;0;4;50;;0;36;0;0;0;0;12;1;;
586978;Cejle;394;250;250;24;0;0;13;;0;8;16;9;2;;3;0;0;28;;;0;8;87;;1;9;0;1;0;1;38;2;;
586986;Cerekvička-Rosice;135;96;96;16;0;0;5;;0;6;11;1;0;;1;0;0;5;;;0;5;23;;0;3;0;0;1;0;19;0;;
587001;Černíč;102;60;60;1;0;0;4;;0;6;4;0;0;;0;0;1;4;;;0;1;13;;1;17;0;0;2;0;6;0;;
587117;Čížov;224;153;153;31;3;0;14;;0;4;9;3;1;;1;0;0;15;;;0;10;44;;0;3;0;2;0;1;12;0;;
587010;Dlouhá Brtnice;290;183;180;15;1;0;6;;0;17;22;3;1;;6;0;0;12;;;0;2;57;;1;16;0;1;1;0;19;0;;
587028;Dobronín;1 504;841;835;58;1;0;38;;0;24;74;19;13;;16;1;0;90;;;1;17;288;;4;56;2;4;6;3;118;2;;
587036;Dobroutov;211;135;134;19;0;0;5;;0;5;7;1;2;;0;0;0;21;;;1;4;32;;0;23;0;0;0;0;12;2;;
587044;Dolní Cerekev;1 025;652;650;48;1;0;40;;0;34;60;10;6;;11;0;0;76;;;0;22;226;;2;34;0;7;4;4;62;3;;
587061;Dolní Vilímeč;77;56;56;2;0;0;1;;0;3;3;0;0;;0;0;0;4;;;0;2;22;;0;11;0;0;0;2;4;2;;
587079;Doupě;81;57;57;1;0;0;5;;0;4;3;1;1;;0;0;0;6;;;0;3;11;;0;6;0;0;1;0;15;0;;
587087;Dudín;148;110;110;5;0;0;18;;0;4;8;0;0;;0;0;0;8;;;1;4;36;;2;7;1;2;0;0;11;3;;
587095;Dušejov;367;238;237;15;0;0;14;;0;11;15;1;6;;4;0;0;39;;;0;6;67;;0;26;0;1;4;0;23;5;;
506729;Dvorce;166;117;117;12;0;0;6;;0;2;17;0;1;;1;0;0;12;;;0;4;32;;0;4;0;0;0;0;25;1;;
587109;Dyjice;115;81;81;12;0;0;3;;0;9;13;1;0;;0;0;0;8;;;0;2;16;;0;10;0;1;1;0;4;1;;
587125;Hladov;152;98;98;11;0;0;6;;0;4;10;1;0;;3;0;0;14;;;0;3;30;;0;9;0;0;0;0;7;0;;
587141;Hodice;617;397;393;43;0;0;18;;0;18;28;1;3;;4;0;0;49;;;0;11;116;;0;52;0;5;3;0;32;10;;
587150;Hojkov;126;105;105;13;0;0;12;;0;3;8;2;1;;1;0;0;15;;;0;3;37;;0;3;0;3;0;0;4;0;;
587168;Horní Dubenky;493;298;294;18;0;0;36;;1;10;51;4;6;;6;0;1;36;;;0;7;78;;2;9;0;3;3;3;20;0;;
587206;Horní Myslová;65;45;45;2;0;0;3;;0;4;2;0;0;;0;0;0;12;;;0;5;9;;0;3;0;0;0;0;3;2;;
587192;Hostětice;110;68;68;10;0;0;5;;0;3;9;2;0;;0;0;0;4;;;0;2;19;;0;4;0;0;0;1;8;1;;
590681;Hrutov;70;49;49;5;0;0;12;;0;6;4;0;0;;0;0;0;4;;;0;3;6;;0;6;0;0;0;0;3;0;;
587222;Hubenov;122;92;89;13;0;0;6;;0;3;12;0;0;;2;0;0;7;;;0;9;24;;1;4;0;3;0;1;4;0;;
550281;Hybrálec;365;257;253;29;1;0;12;;0;14;10;8;6;;2;0;0;29;;;0;16;83;;0;12;0;0;2;0;27;2;;
587249;Jamné;424;284;283;19;1;0;19;;0;7;47;4;4;;2;0;0;38;;;0;15;61;;1;36;0;2;2;0;24;1;;
587265;Jersín;151;106;106;8;0;0;11;;0;6;7;0;0;;1;0;0;7;;;0;2;29;;0;7;0;2;0;0;25;1;;
587273;Jezdovice;202;125;124;5;0;0;18;;0;6;12;0;0;;2;0;0;11;;;0;4;33;;0;18;0;1;0;1;13;0;;
587281;Ježená;105;68;68;6;0;0;0;;0;1;10;2;0;;1;0;0;5;;;0;3;29;;0;0;0;1;0;0;10;0;;
586846;Jihlava;40 184;24 352;24 132;2 870;26;19;1 968;;17;730;1 851;465;142;;506;18;24;2 623;;;21;1 293;6 819;;47;1 355;8;195;51;57;2 943;84;;
587290;Jihlávka;178;104;103;8;0;0;14;;0;2;9;0;0;;2;0;0;3;;;0;1;39;;1;8;0;1;0;0;15;0;;
587303;Jindřichovice;83;62;62;16;0;0;5;;0;1;12;0;0;;2;0;0;2;;;0;1;8;;1;10;0;0;0;0;4;0;;
587320;Kalhov;105;65;64;6;0;0;11;;0;1;9;0;1;;2;0;0;7;;;0;1;14;;0;7;0;1;0;0;4;0;;
587338;Kaliště;138;97;97;8;0;0;9;;1;1;9;0;1;;3;0;0;13;;;0;1;34;;0;3;0;0;0;0;10;4;;
587346;Kamenice;1 515;1 024;1 019;54;4;0;93;;1;41;98;5;11;;17;0;0;100;;;1;38;265;;4;155;0;13;2;1;114;2;;
587362;Kamenná;158;100;100;5;0;0;11;;1;1;16;2;0;;0;0;0;6;;;0;1;32;;0;4;0;0;0;1;20;0;;
587371;Klatovec;63;50;50;5;0;0;4;;0;5;10;0;1;;0;0;0;1;;;0;3;13;;1;3;0;0;0;0;4;0;;
590843;Kněžice;1 116;657;651;71;0;1;50;;0;38;59;6;5;;4;3;0;36;;;0;7;180;;1;104;0;6;0;1;77;2;;
587389;Knínice;153;106;106;13;0;0;14;;0;2;17;0;0;;0;1;0;17;;;0;4;16;;0;13;0;0;0;0;9;0;;
587401;Kostelec;700;404;403;24;0;0;26;;1;8;43;9;2;;7;0;0;41;;;0;17;149;;0;16;0;5;3;0;45;7;;
587419;Kostelní Myslová;49;35;35;1;0;2;2;;0;2;3;0;0;;0;0;0;15;;;0;4;1;;0;3;0;0;0;1;1;0;;
587427;Kozlov;374;269;269;42;0;0;29;;1;8;23;0;2;;3;1;0;14;;;0;4;71;;4;28;0;2;2;1;29;5;;
587435;Krahulčí;497;299;297;31;0;0;9;;0;24;28;2;5;;5;0;0;27;;;0;9;106;;0;13;0;1;0;0;35;2;;
587443;Krasonice;168;109;109;1;0;0;9;;0;4;20;0;1;;2;0;0;17;;;0;10;20;;0;20;0;0;1;0;4;0;;
587451;Lhotka;75;58;58;8;0;0;9;;0;2;1;1;0;;0;0;0;3;;;0;1;16;;0;8;0;2;0;1;6;0;;
587478;Luka nad Jihlavou;2 229;1 453;1 430;133;1;0;139;;2;25;106;33;20;;14;1;3;132;;;3;56;335;;2;194;0;14;6;2;194;15;;
587486;Malý Beranov;504;355;352;44;1;1;32;;0;8;20;5;4;;8;0;0;30;;;0;24;87;;1;27;0;4;2;0;50;4;;
587494;Markvartice;165;122;122;11;0;0;11;;0;2;8;0;2;;0;0;0;6;;;0;2;48;;0;16;1;0;2;0;13;0;;
587508;Měšín;197;132;132;19;0;0;8;;1;1;11;2;1;;1;0;0;5;;;0;6;43;;1;5;0;7;0;2;19;0;;
587524;Milíčov;113;75;74;7;0;0;15;;1;3;7;0;1;;3;0;0;11;;;1;0;10;;0;8;0;0;1;0;6;0;;
587532;Mirošov;148;87;84;6;0;0;4;;0;3;15;1;0;;6;0;0;9;;;0;1;17;;0;9;0;0;0;0;13;0;;
587541;Mrákotín;726;423;420;30;0;3;23;;0;14;50;2;4;;1;2;0;35;;;0;11;133;;0;59;0;1;1;2;47;2;;
587559;Mysletice;104;72;71;4;2;0;1;;0;3;13;1;1;;0;0;1;12;;;0;4;12;;0;7;0;1;0;1;8;0;;
587567;Mysliboř;160;99;99;8;0;0;5;;1;9;12;1;4;;1;0;0;9;;;0;3;12;;0;28;0;0;0;0;6;0;;
587575;Nadějov;152;105;105;2;0;0;9;;0;0;8;0;1;;1;0;0;7;;;1;0;39;;0;28;0;0;0;1;6;2;;
587583;Nevcehle;187;104;103;9;0;0;13;;0;9;9;3;1;;0;0;0;8;;;0;1;24;;0;11;0;1;0;0;14;0;;
587591;Nová Říše;676;455;454;29;0;1;35;;0;26;42;2;11;;4;0;0;66;;;0;8;90;;1;80;0;2;1;0;55;1;;
587613;Olšany;54;38;38;8;0;0;0;;0;0;2;1;0;;0;0;0;1;;;0;1;4;;1;19;0;0;0;0;1;0;;
587214;Olší;56;46;46;2;0;0;8;;0;2;0;0;0;;1;0;0;17;;;0;2;4;;0;6;0;0;0;2;2;0;;
587621;Opatov;170;112;112;13;0;0;12;;0;9;7;2;4;;2;0;1;17;;;0;2;19;;1;12;0;1;0;0;10;0;;
587630;Ořechov;58;39;39;1;0;0;6;;0;3;2;0;0;;0;0;0;8;;;0;1;9;;0;4;0;0;0;1;4;0;;
587648;Otín;73;48;48;0;0;0;4;;3;4;5;0;0;;3;0;0;3;;;1;0;6;;0;6;0;0;0;0;11;2;;
587656;Panenská Rozsíčka;111;84;84;13;0;0;7;;0;3;2;3;1;;0;0;0;3;;;0;4;19;;0;16;0;0;0;0;10;3;;
587672;Panské Dubenky;99;64;64;0;0;0;12;;0;3;16;1;1;;0;0;0;3;;;0;2;14;;0;1;0;2;0;0;9;0;;
587681;Pavlov;356;224;223;33;0;1;29;;0;5;25;3;0;;3;0;0;13;;;0;8;50;;0;20;0;2;1;0;29;1;;
587702;Plandry;159;112;110;21;0;0;8;;0;4;10;2;3;;1;0;0;11;;;0;4;13;;5;6;0;1;0;1;19;1;;
587711;Polná;4 054;2 598;2 586;241;6;0;225;;3;89;225;41;16;;35;3;7;271;;;6;104;730;;7;209;0;15;3;5;327;18;;
587745;Puklice;672;392;391;37;1;0;38;;0;9;35;12;6;;6;2;1;25;;;0;6;111;;0;28;0;2;2;5;61;4;;
587761;Radkov;207;128;127;7;0;0;2;;2;3;6;3;2;;1;4;1;27;;;0;2;30;;0;23;0;1;1;0;12;0;;
587176;Rančířov;314;221;221;24;0;0;11;;1;8;6;1;5;;3;1;0;35;;;1;23;66;;2;7;0;4;0;1;21;1;;
587788;Rantířov;352;249;248;34;0;0;23;;0;8;11;4;1;;4;1;0;20;;;0;31;62;;0;12;0;1;0;1;33;2;;
587796;Rohozná;313;238;237;20;0;0;24;;0;6;43;10;2;;1;0;0;20;;;0;6;70;;0;8;0;0;1;1;25;0;;
587800;Rozseč;149;94;92;12;0;0;5;;0;4;13;1;1;;0;0;0;4;;;0;8;7;;1;21;0;0;0;0;13;2;;
587818;Růžená;279;194;194;16;0;2;15;;0;14;5;1;1;;0;0;0;21;;;0;3;60;;0;40;0;3;0;0;13;0;;
587826;Rybné;93;63;63;7;0;0;10;;0;3;3;1;0;;1;0;0;1;;;0;5;14;;0;8;0;0;0;1;9;0;;
587834;Řásná;198;140;137;17;0;0;8;;0;10;4;5;2;;0;0;0;23;;;0;5;44;;0;10;0;1;0;0;8;0;;
587851;Řídelov;77;56;56;5;0;0;1;;0;5;9;0;0;;0;5;0;8;;;0;1;7;;0;4;0;1;0;0;10;0;;
587877;Sedlatice;47;35;35;0;0;0;4;;0;1;4;0;1;;0;0;0;3;;;0;1;2;;0;15;0;0;1;0;3;0;;
587885;Sedlejov;246;172;172;11;0;0;14;;0;17;19;1;0;;1;0;0;23;;;1;7;37;;0;31;0;0;0;0;10;0;;
550299;Smrčná;311;190;189;24;2;0;9;;0;12;19;0;2;;3;0;0;28;;;0;1;70;;1;5;0;1;0;2;7;3;;
587915;Stáj;138;93;93;7;1;0;7;;0;3;9;2;0;;3;0;0;7;;;1;1;17;;0;29;0;0;0;0;6;0;;
587923;Stará Říše;503;294;294;32;0;0;24;;1;18;33;1;2;;1;0;0;26;;;0;2;57;;0;61;0;2;0;0;33;1;;
587931;Stonařov;830;515;512;49;0;1;36;;2;15;56;3;7;;25;0;1;39;;;2;10;155;;0;38;0;6;1;0;66;0;;
587940;Strachoňovice;66;40;40;3;0;0;2;;0;1;6;0;0;;3;0;0;5;;;0;1;7;;0;8;0;0;0;0;4;0;;
587958;Střítež;330;218;217;13;0;0;23;;1;9;20;3;1;;0;0;0;11;;;0;10;85;;1;8;1;3;0;0;26;2;;
587982;Suchá;208;123;122;3;0;1;15;;0;3;12;3;1;;1;0;0;14;;;0;2;45;;0;4;0;2;2;0;14;0;;
587991;Svojkovice;44;30;29;2;0;0;2;;0;2;5;3;1;;0;1;0;4;;;0;0;2;;0;2;0;0;0;0;5;0;;
588008;Šimanov;170;107;106;2;0;0;14;;0;3;16;0;1;;3;1;0;13;;;0;1;30;;0;3;0;1;0;0;18;0;;
547255;Švábov;61;53;53;1;0;0;2;;0;3;6;2;0;;1;0;0;5;;;0;2;16;;0;8;0;0;0;0;7;0;;
588024;Telč;4 514;2 790;2 784;342;0;1;183;;3;181;232;56;16;;18;3;1;323;;;3;145;640;;2;344;0;10;8;3;254;16;;
588032;Třešť;4 704;3 015;2 999;272;4;3;227;;3;109;259;33;20;;33;1;4;280;;;0;96;772;;11;532;0;14;6;8;301;11;;
588041;Třeštice;112;90;89;5;0;0;9;;0;5;17;3;0;;3;0;0;7;;;0;1;15;;1;15;0;1;0;0;7;0;;
588067;Urbanov;107;87;87;9;0;0;9;;0;7;2;3;2;;2;0;0;10;;;0;6;8;;0;24;0;0;1;0;4;0;;
588075;Ústí;180;117;116;8;0;0;8;;0;6;15;1;0;;2;0;1;7;;;0;5;49;;0;2;0;5;0;0;7;0;;
588083;Vanov;72;52;52;6;0;0;5;;0;2;6;0;0;;0;0;0;8;;;0;1;12;;0;6;0;0;0;1;3;2;;
588091;Vanůvek;30;26;25;5;0;0;2;;0;2;3;2;0;;2;0;0;2;;;0;1;2;;1;0;0;0;0;0;3;0;;
588105;Vápovice;33;22;22;2;0;0;4;;0;1;2;0;0;;0;0;0;0;;;0;0;2;;0;9;0;0;0;0;2;0;;
588113;Velký Beranov;1 060;756;751;88;2;1;41;;1;24;53;18;8;;15;1;3;94;;;0;42;234;;1;53;0;5;0;3;55;9;;
588121;Větrný Jeníkov;487;333;332;57;0;0;23;;0;10;34;6;2;;1;0;2;35;;;0;9;95;;1;13;0;0;1;0;42;1;;
588130;Věžnice;132;91;89;10;0;0;8;;0;5;14;3;0;;0;0;0;8;;;1;1;19;;0;9;0;0;0;0;11;0;;
588148;Věžnička;102;70;69;3;0;0;5;;0;4;2;2;3;;2;0;0;16;;;0;3;15;;0;7;0;2;0;0;5;0;;
588156;Vílanec;267;173;173;15;1;0;4;;0;9;13;0;2;;1;0;0;22;;;0;7;49;;0;9;0;4;1;0;36;0;;
588164;Volevčice;52;41;41;4;1;0;3;;0;5;1;0;1;;0;0;0;2;;;0;0;17;;0;2;0;0;0;0;4;1;;
588172;Vyskytná nad Jihlavou;692;459;456;49;0;0;34;;0;16;36;4;6;;10;0;5;57;;;0;26;147;;0;15;0;0;0;0;45;6;;
588181;Vysoké Studnice;327;242;242;15;0;0;19;;0;11;20;3;11;;10;1;0;30;;;1;6;66;;2;26;0;0;2;1;18;0;;
588199;Vystrčenovice;93;61;61;12;0;0;5;;0;4;3;1;1;;0;0;0;1;;;0;5;11;;0;15;0;0;0;0;3;0;;
588202;Záborná;201;141;140;9;0;0;9;;0;7;19;4;4;;1;0;1;9;;;1;1;28;;0;28;1;2;0;0;15;1;;
587231;Zadní Vydří;42;27;27;1;1;0;3;;0;0;1;0;0;;0;0;0;2;;;0;2;4;;0;12;0;1;0;0;0;0;;
588211;Zbilidy;160;131;130;11;0;0;16;;1;2;18;1;1;;7;2;0;11;;;1;2;30;;1;8;0;3;0;0;15;0;;
588229;Zbinohy;61;39;38;0;2;0;2;;0;1;7;0;0;;0;0;0;3;;;0;2;10;;0;0;0;0;0;0;11;0;;
588245;Zdeňkov;49;32;32;0;0;0;0;;0;2;8;0;0;;0;0;0;0;;;0;0;5;;0;13;0;0;0;0;3;1;;
588253;Zhoř;347;243;242;15;0;0;15;;1;14;19;5;2;;5;0;0;34;;;0;5;56;;1;49;1;1;0;0;15;4;;
588261;Zvolenovice;74;58;57;11;0;0;3;;0;6;2;1;0;;0;0;0;13;;;0;2;5;;0;11;0;0;0;0;3;0;;
588270;Žatec;95;65;65;8;0;0;2;;0;1;6;0;0;;0;0;0;9;;;0;0;16;;0;18;0;0;0;0;4;1;;
588288;Ždírec;371;234;234;32;1;2;11;;1;3;22;2;4;;2;1;0;29;;;0;7;59;;2;22;1;4;2;2;25;0;;
509388;Arneštovice;68;54;54;3;0;0;14;;0;6;2;0;0;;0;0;0;3;;;0;3;14;;0;0;0;0;0;0;9;0;;
561118;Bácovice;63;37;37;0;0;0;5;;0;3;2;0;0;;1;0;0;1;;;0;1;18;;0;4;0;0;0;0;2;0;;
561126;Bělá;45;29;27;2;0;0;5;;0;1;0;0;0;;0;0;0;4;;;0;0;2;;0;6;0;0;0;1;6;0;;
547549;Bohdalín;150;89;89;11;0;0;17;;0;5;13;0;0;;0;0;0;5;;;1;2;31;;1;1;0;0;0;0;2;0;;
561240;Bořetice;57;43;43;6;0;0;11;;0;4;5;0;1;;0;1;0;0;;;0;0;7;;0;2;0;0;0;1;5;0;;
509418;Bořetín;88;59;59;3;0;0;8;;0;0;4;1;0;;0;0;0;17;;;0;3;6;;0;2;0;0;0;0;15;0;;
547581;Božejov;510;330;328;37;0;0;60;;1;10;36;6;4;;2;0;1;35;;;0;7;73;;2;25;0;0;0;1;28;0;;
547603;Bratřice;129;78;78;5;0;0;5;;0;11;9;0;0;;0;0;0;6;;;0;0;36;;0;3;0;0;0;0;3;0;;
547638;Budíkov;251;163;161;11;0;0;27;;0;4;26;4;0;;2;0;0;17;;;0;0;47;;1;7;0;0;1;0;11;3;;
561312;Buřenice;178;121;119;6;0;0;17;;0;17;17;0;0;;0;0;0;9;;;0;6;31;;0;6;0;1;0;0;9;0;;
561801;Bystrá;91;52;52;2;1;0;3;;1;2;4;2;0;;0;0;0;2;;;0;5;17;;0;8;0;0;0;1;4;0;;
547662;Cetoraz;275;189;186;30;0;0;7;;1;20;22;1;2;;7;0;0;20;;;0;2;56;;0;3;0;0;0;1;14;0;;
547689;Čáslavsko;92;70;70;8;0;0;13;;0;2;7;1;2;;1;0;0;6;;;0;0;18;;0;8;0;0;0;0;4;0;;
547719;Častrov;468;294;293;24;0;0;37;;0;22;37;2;1;;2;0;0;20;;;0;12;67;;1;41;0;1;0;0;26;0;;
547735;Čejov;446;308;305;27;0;0;34;;0;9;59;3;0;;1;0;0;30;;;1;12;79;;0;19;0;4;0;0;25;2;;
529826;Čelistná;78;56;56;3;0;0;5;;0;2;7;0;2;;0;0;0;3;;;0;4;16;;1;10;0;0;0;0;3;0;;
561142;Černov;90;67;67;4;0;0;11;;0;3;4;0;0;;2;0;0;7;;;1;2;18;;0;6;0;2;0;1;5;1;;
547760;Černovice;1 411;825;813;60;3;2;113;;1;45;95;11;3;;13;1;0;94;;;0;26;228;;1;51;0;3;1;1;56;5;;
547778;Červená Řečice;817;489;485;67;1;0;67;;0;28;34;4;5;;5;0;1;36;;;0;18;128;;6;38;0;3;2;0;41;1;;
598704;Čížkov;110;77;77;5;0;0;5;;0;8;5;0;0;;1;1;0;8;;;0;1;27;;0;4;0;0;0;1;11;0;;
561924;Dehtáře;87;62;62;3;1;0;7;;0;3;7;0;1;;2;0;0;6;;;0;6;15;;0;8;0;0;0;0;3;0;;
561932;Dobrá Voda;165;118;118;15;1;0;10;;0;9;19;2;1;;3;0;0;12;;;0;2;19;;0;10;0;1;0;0;14;0;;
561762;Dobrá Voda u Pacova;75;56;56;13;0;0;10;;0;7;2;1;0;;0;0;0;2;;;0;6;9;;1;3;0;0;0;0;2;0;;
551546;Dubovice;63;48;48;1;0;0;2;;0;3;6;0;0;;0;0;0;5;;;0;6;11;;0;4;0;0;0;0;10;0;;
529869;Důl;52;39;39;0;0;0;1;;0;9;8;1;0;;0;0;0;4;;;0;0;11;;0;1;0;0;0;0;4;0;;
561754;Eš;53;36;36;5;0;0;2;;0;8;3;0;0;;0;0;1;5;;;1;0;8;;0;0;0;0;0;1;2;0;;
547883;Hojanovice;86;63;63;6;0;0;8;;0;5;10;1;0;;0;0;0;10;;;0;0;11;;0;6;0;1;0;1;4;0;;
561096;Hojovice;70;59;59;8;0;0;9;;0;1;1;1;0;;0;0;0;3;;;0;0;18;;0;9;0;1;0;0;8;0;;
547913;Horní Cerekev;1 495;945;935;124;4;0;77;;0;35;77;11;12;;16;4;0;104;;;3;38;246;;7;85;0;4;5;1;79;3;;
551589;Horní Rápotice;128;101;101;3;0;0;12;;0;4;7;1;0;;1;0;0;14;;;0;1;23;;0;14;0;2;0;0;19;0;;
547930;Horní Ves;234;148;144;4;0;0;14;;0;6;17;4;0;;4;0;0;16;;;0;3;50;;0;9;1;2;0;1;13;0;;
547948;Hořepník;518;304;297;18;0;1;39;;0;17;39;2;2;;2;0;0;41;;;0;11;80;;0;10;0;3;0;3;27;2;;
547956;Hořice;170;124;124;9;0;1;7;;0;6;25;0;0;;1;0;0;9;;;0;5;33;;0;22;0;1;0;1;4;0;;
547999;Humpolec;8 810;5 292;5 258;610;14;2;551;;6;125;537;65;40;;77;3;7;577;;;6;216;1 508;;5;321;2;20;13;11;534;8;;
561339;Chýstovice;37;31;31;0;0;0;11;;0;0;2;1;0;;0;0;0;1;;;0;1;7;;0;5;0;0;0;0;3;0;;
561321;Chyšná;84;32;32;1;1;0;1;;0;6;2;0;0;;0;0;0;1;;;0;0;11;;0;4;0;0;1;0;4;0;;
561461;Jankov;31;27;27;1;0;0;2;;0;5;0;0;2;;0;0;0;6;;;0;2;5;;0;1;0;0;0;0;2;1;;
548073;Ježov;53;43;43;3;0;0;5;;0;0;2;0;0;;0;0;0;7;;;0;7;12;;1;2;0;0;0;0;4;0;;
548081;Jiřice;708;472;470;38;0;1;51;;0;36;59;5;4;;10;0;2;43;;;0;6;140;;4;30;1;1;0;1;38;0;;
548090;Kaliště;287;185;180;17;0;1;21;;2;6;20;1;3;;1;0;0;18;;;0;2;47;;1;14;0;6;0;1;19;0;;
548103;Kámen;219;133;132;22;0;0;11;;0;25;6;1;0;;3;0;0;7;;;0;3;31;;1;10;0;1;0;0;9;2;;
548111;Kamenice nad Lipou;3 124;1 804;1 797;174;1;1;238;;1;52;217;17;16;;27;0;2;245;;;2;107;453;;3;79;0;6;2;0;152;2;;
548120;Kejžlice;291;188;188;25;0;0;24;;0;10;15;2;4;;8;0;1;17;;;0;4;46;;0;13;0;1;0;0;18;0;;
548146;Koberovice;137;91;89;3;0;0;15;;0;7;9;1;1;;1;0;0;4;;;1;0;39;;0;5;0;0;0;0;3;0;;
598712;Kojčice;260;198;198;21;0;0;19;;0;6;15;2;0;;1;0;0;22;;;0;16;55;;0;32;0;2;1;0;5;1;;
548162;Komorovice;140;105;105;2;0;0;9;;0;3;15;2;0;;2;0;1;18;;;0;4;26;;0;13;0;0;0;0;10;0;;
548171;Košetice;574;347;346;36;1;0;48;;0;48;14;3;0;;7;0;0;19;;;0;12;105;;1;17;0;3;0;2;29;1;;
561371;Krasíkovice;96;79;79;6;0;0;7;;0;6;4;0;0;;1;0;0;5;;;0;0;21;;0;11;0;0;0;2;16;0;;
548201;Křeč;196;119;118;8;0;0;15;;1;6;9;1;1;;1;0;0;9;;;0;4;42;;0;8;0;0;0;0;13;0;;
548219;Křelovice;276;177;176;15;0;0;34;;0;7;16;3;0;;1;0;0;22;;;0;7;50;;1;6;0;0;0;0;13;1;;
548227;Křešín;116;63;63;14;0;0;8;;0;4;7;1;0;;2;0;0;5;;;0;0;12;;0;5;0;0;0;0;5;0;;
548235;Leskovice;85;55;55;8;0;0;11;;0;3;7;0;1;;0;0;0;7;;;0;6;8;;1;0;0;0;0;0;3;0;;
562041;Lesná;57;48;48;4;0;0;1;;0;12;2;2;0;;0;0;0;3;;;0;2;15;;0;7;0;0;0;0;0;0;;
561282;Lhota-Vlasenice;74;57;55;7;0;0;12;;0;1;1;1;0;;0;0;0;10;;;0;2;11;;0;4;0;0;0;0;6;0;;
598721;Libkova Voda;207;143;141;24;1;0;19;;1;7;7;3;0;;1;0;0;13;;;0;6;38;;0;9;0;0;3;0;9;0;;
561100;Lidmaň;259;109;107;13;0;0;10;;1;8;11;2;2;;6;0;0;16;;;0;1;22;;0;10;0;0;0;1;4;0;;
561266;Litohošť;52;37;37;2;0;0;3;;0;6;0;1;0;;0;0;0;5;;;0;0;12;;0;3;0;0;0;1;4;0;;
548332;Lukavec;851;557;554;35;0;0;70;;0;47;80;5;4;;1;0;1;54;;;1;23;133;;0;70;0;1;1;1;24;3;;
561347;Martinice u Onšova;49;42;42;1;0;0;6;;0;4;2;0;0;;0;0;0;8;;;0;1;11;;0;2;0;0;0;1;6;0;;
548367;Mezilesí;104;74;74;11;0;0;8;;0;12;5;0;0;;0;0;0;4;;;0;7;18;;0;5;0;0;0;0;4;0;;
529834;Mezná;114;83;83;10;0;0;16;;0;3;10;0;3;;2;0;0;9;;;0;5;16;;0;4;0;0;0;0;5;0;;
548383;Mladé Bříště;202;150;149;9;0;0;18;;0;9;16;5;0;;1;0;0;22;;;0;8;33;;0;16;0;0;0;1;10;1;;
548391;Mnich;334;223;222;12;2;0;13;;0;7;52;4;1;;4;0;0;28;;;0;13;64;;0;4;0;2;0;1;14;1;;
548405;Moraveč;168;103;102;2;0;0;7;;0;10;9;3;2;;2;0;0;18;;;0;11;23;;1;5;0;0;0;2;6;1;;
561819;Mysletín;95;78;78;14;0;0;8;;0;3;6;1;1;;4;0;0;13;;;0;7;18;;0;0;0;1;0;0;2;0;;
561177;Nová Buková;85;76;76;14;0;0;9;;0;8;3;1;1;;2;0;0;4;;;0;0;24;;0;0;0;0;0;0;10;0;;
548456;Nová Cerekev;933;616;613;46;2;0;79;;0;73;51;1;3;;7;0;2;34;;;0;20;185;;2;61;1;0;0;0;45;1;;
548464;Nový Rychnov;809;522;518;51;2;0;67;;1;20;38;8;4;;11;0;1;72;;;0;22;123;;0;33;1;3;1;1;55;4;;
548472;Obrataň;656;378;378;33;0;0;41;;0;29;28;7;9;;3;0;0;44;;;0;16;105;;1;19;0;1;1;0;40;1;;
561967;Olešná;465;330;330;52;0;0;25;;2;2;18;0;1;;4;0;0;38;;;0;11;113;;2;33;1;2;1;0;25;0;;
537691;Ondřejov;128;100;100;8;0;0;26;;0;3;8;1;1;;2;0;0;9;;;0;7;22;;0;11;0;0;0;1;1;0;;
548502;Onšov;194;126;123;8;0;0;22;;0;2;19;4;0;;0;0;1;7;;;0;7;35;;0;8;1;1;0;0;6;2;;
548511;Pacov;3 917;2 419;2 401;240;3;0;223;;2;457;202;28;7;;38;0;2;251;;;0;79;595;;5;116;0;13;5;4;126;5;;
561916;Pavlov;101;69;69;12;0;0;10;;0;4;4;0;4;;0;0;0;1;;;0;2;27;;0;2;0;0;0;0;3;0;;
547492;Pelhřimov;12 875;8 425;8 370;1 124;13;2;1 112;;6;317;591;95;37;;151;5;3;931;;;4;425;2 265;;18;620;0;42;19;10;571;9;;
548545;Píšť;61;45;44;5;0;0;8;;0;5;3;0;0;;0;0;0;1;;;0;0;17;;2;3;0;0;0;0;0;0;;
548561;Počátky;2 128;1 321;1 312;100;1;1;159;;1;66;129;19;12;;12;2;0;120;;;1;43;386;;4;82;1;9;4;10;147;3;;
561436;Polesí;70;60;60;1;0;0;8;;0;2;4;2;1;;0;0;0;7;;;0;2;18;;2;3;0;0;0;0;10;0;;
548600;Pošná;192;126;126;6;3;0;24;;0;28;8;2;0;;0;0;0;11;;;0;0;28;;1;11;0;0;0;0;4;0;;
537829;Proseč;70;57;57;3;0;0;11;;0;0;12;2;0;;2;0;1;1;;;0;0;17;;0;1;0;0;0;0;7;0;;
561941;Proseč pod Křemešníkem;70;54;51;14;0;0;2;;0;8;0;0;0;;1;0;0;4;;;0;3;9;;0;5;0;0;0;0;5;0;;
598755;Putimov;227;164;164;16;0;0;23;;0;5;11;2;2;;7;0;0;19;;;0;15;40;;1;11;0;3;0;0;9;0;;
561789;Rodinov;175;114;114;6;0;0;9;;0;6;9;1;2;;1;0;0;17;;;0;3;36;;0;7;0;0;0;0;17;0;;
561274;Rovná;49;38;38;3;1;0;1;;0;1;5;0;0;;1;0;0;2;;;0;3;8;;0;3;0;0;0;0;10;0;;
562009;Rynárec;478;349;346;35;0;0;26;;1;29;19;14;5;;3;0;1;40;;;0;25;99;;0;24;0;1;1;0;19;4;;
548715;Řečice;114;84;84;1;0;0;3;;0;1;12;0;1;;9;0;0;9;;;0;12;21;;1;7;0;1;0;1;4;1;;
548731;Salačova Lhota;105;76;76;5;0;0;6;;0;21;6;2;0;;2;0;0;4;;;0;1;19;;0;8;0;0;0;0;1;1;;
548740;Samšín;133;102;102;2;0;1;9;;0;23;8;1;0;;0;0;0;6;;;0;2;35;;0;7;0;0;0;0;8;0;;
548766;Sedlice;129;98;98;12;0;0;9;;0;9;2;2;0;;3;0;0;12;;;0;6;31;;0;6;0;0;0;0;6;0;;
548774;Senožaty;572;378;375;27;0;0;36;;0;25;26;7;0;;8;0;0;35;;;1;19;128;;0;37;0;0;1;0;25;0;;
561843;Staré Bříště;49;41;40;0;0;0;2;;0;0;2;0;0;;3;0;0;7;;;0;2;15;;0;3;0;3;0;0;2;1;;
561452;Stojčín;87;61;61;0;0;1;9;;0;5;6;3;3;;1;0;0;4;;;0;0;14;;0;0;0;1;1;0;12;1;;
537594;Střítež;90;58;57;4;0;0;8;;0;2;7;1;0;;0;0;0;2;;;0;2;16;;0;9;0;0;0;0;6;0;;
561487;Střítež pod Křemešníkem;52;41;41;3;0;0;12;;0;0;2;0;0;;1;0;0;4;;;0;1;8;;0;4;0;0;0;0;5;1;;
598763;Svépravice;100;72;72;5;0;0;10;;0;2;9;0;2;;0;0;0;10;;;0;0;27;;1;3;0;0;0;0;3;0;;
598771;Syrov;41;32;32;0;0;0;2;;0;0;1;0;0;;0;1;0;1;;;0;0;13;;0;0;0;0;0;0;14;0;;
561355;Těchobuz;67;50;50;1;0;0;8;;0;19;1;0;5;;0;0;0;1;;;0;1;10;;1;1;0;0;1;0;1;0;;
548936;Těmice;352;230;229;25;0;0;31;;0;11;23;0;2;;3;0;1;12;;;0;11;83;;1;7;0;0;0;0;19;0;;
537608;Ústrašín;187;152;150;25;0;0;9;;0;4;19;0;4;;1;0;0;8;;;0;3;52;;1;8;0;0;0;0;16;0;;
548987;Útěchovice;55;38;38;3;0;0;7;;0;1;6;0;0;;0;0;0;2;;;0;1;13;;0;2;0;0;0;0;3;0;;
562033;Útěchovice pod Stražištěm;83;66;66;1;0;0;7;;0;9;13;0;0;;1;0;0;3;;;0;1;17;;1;6;0;3;0;0;4;0;;
537730;Útěchovičky;61;51;50;2;0;0;9;;0;11;2;0;0;;2;0;0;0;;;0;1;13;;1;6;0;1;0;0;2;0;;
549002;Včelnička;176;121;121;8;0;0;10;;2;3;15;1;0;;4;0;1;10;;;0;5;48;;0;2;0;2;0;0;10;0;;
549011;Velká Chyška;231;165;164;3;0;0;15;;1;38;23;2;1;;0;0;0;10;;;0;6;49;;2;5;0;0;0;0;8;1;;
549045;Velký Rybník;152;92;92;18;0;0;6;;0;7;11;1;1;;0;0;0;9;;;0;4;23;;0;2;0;0;1;0;8;1;;
549053;Veselá;194;127;126;13;0;0;9;;0;1;19;0;1;;2;0;0;18;;;0;0;30;;1;19;0;0;1;0;12;0;;
549061;Věžná;105;83;83;5;0;0;17;;1;5;6;1;0;;2;1;0;7;;;0;2;26;;0;10;0;0;0;0;0;0;;
549126;Vojslavice;95;66;66;1;0;0;6;;0;1;8;1;0;;0;0;0;8;;;0;1;20;;0;11;0;0;0;0;9;0;;
599239;Vokov;133;101;100;15;1;0;5;;0;2;3;1;0;;2;0;0;14;;;0;3;28;;1;5;0;3;0;1;15;1;;
549134;Vyklantice;134;84;83;3;0;0;8;;0;3;17;0;1;;3;0;0;6;;;0;3;35;;0;2;0;0;0;0;2;0;;
549142;Vyskytná;558;381;376;45;0;0;59;;0;19;23;1;3;;1;1;0;42;;;0;7;111;;1;14;0;6;2;3;36;2;;
561771;Vysoká Lhota;21;19;19;4;0;0;1;;0;1;2;0;0;;1;0;0;1;;;0;1;2;;0;6;0;0;0;0;0;0;;
561797;Vystrkov;222;175;175;35;0;0;22;;0;4;19;2;1;;2;0;1;15;;;0;8;36;;1;11;0;1;2;0;15;0;;
549177;Zachotín;198;138;137;32;0;0;10;;1;4;8;1;0;;0;1;0;14;;;0;15;28;;0;11;0;1;0;0;11;0;;
561975;Zajíčkov;190;141;139;13;0;0;7;;1;9;17;3;0;;1;0;0;10;;;0;8;47;;0;9;0;0;0;1;12;1;;
561363;Zhořec;88;59;59;3;0;0;9;;0;9;13;0;1;;0;0;0;2;;;0;0;12;;0;3;0;0;0;0;7;0;;
598666;Zlátenka;38;25;25;3;0;0;4;;0;2;0;0;0;;0;0;0;0;;;0;2;2;;1;3;0;0;0;0;8;0;;
549215;Želiv;968;614;613;77;0;0;56;;1;35;56;8;5;;11;1;1;74;;;0;43;142;;1;50;0;3;0;0;48;1;;
561908;Žirov;59;38;38;2;0;0;9;;0;0;3;2;0;;0;0;0;0;;;0;3;16;;1;1;0;0;0;0;1;0;;
549231;Žirovnice;2 295;1 406;1 398;158;4;2;172;;4;45;154;15;11;;15;0;3;137;;;0;35;395;;4;55;0;7;2;0;176;4;;
590274;Babice;167;126;126;9;0;0;11;;0;8;9;0;0;;3;0;0;16;;;0;1;40;;0;19;0;1;0;0;7;2;;
590282;Bačice;165;104;104;1;1;0;5;;0;6;23;0;1;;0;0;0;5;;;1;2;33;;1;7;0;0;0;0;14;4;;
544833;Bačkovice;88;53;52;1;0;0;9;;0;1;7;0;1;;0;0;0;3;;;0;3;18;;0;5;0;0;0;0;4;0;;
590304;Benetice;150;117;117;3;0;0;15;;0;4;6;0;1;;0;0;0;11;;;0;2;41;;0;23;0;0;0;0;10;1;;
590312;Biskupice-Pulkov;222;118;118;7;0;0;7;;1;8;13;2;1;;1;0;0;6;;;2;2;48;;0;14;0;0;0;0;6;0;;
590321;Blatnice;303;177;177;7;0;0;16;;0;2;25;1;1;;1;0;0;9;;;0;1;66;;0;26;0;0;2;0;20;0;;
550400;Bohušice;124;76;76;6;0;0;4;;0;4;9;0;1;;0;0;0;2;;;0;9;20;;0;10;0;0;0;0;11;0;;
590347;Bochovice;137;104;102;2;1;0;8;;0;4;2;1;0;;3;0;0;9;;;0;8;42;;0;10;0;0;1;0;10;1;;
590363;Bransouze;200;149;148;10;3;0;23;;0;7;16;1;1;;1;0;0;12;;;0;5;48;;0;15;0;3;0;0;3;0;;
590380;Březník;559;407;407;19;1;0;28;;0;9;36;3;6;;8;1;0;27;;;1;6;159;;2;28;0;0;0;2;66;5;;
590401;Budišov;980;595;591;47;0;0;82;;2;18;71;7;5;;6;1;0;51;;;0;7;151;;3;70;1;3;1;2;59;4;;
590410;Budkov;285;183;182;8;0;0;8;;0;14;15;4;6;;0;0;0;20;;;0;3;41;;0;43;0;0;0;0;20;0;;
590428;Cidlina;73;59;59;2;0;0;1;;0;1;11;0;1;;0;0;0;2;;;0;0;21;;0;11;0;1;0;0;8;0;;
590436;Čáslavice;443;316;313;17;0;0;23;;2;12;59;0;4;;5;0;2;31;;;1;10;84;;0;20;0;2;0;2;39;0;;
553964;Častohostice;159;99;99;4;0;0;4;;0;8;24;0;0;;1;0;0;16;;;0;1;27;;0;3;0;0;1;0;9;1;;
590444;Čechočovice;232;157;156;4;0;0;5;;0;7;23;1;3;;4;1;0;15;;;0;2;51;;0;6;0;0;0;0;32;2;;
590452;Čechtín;249;204;204;6;0;0;30;;0;7;18;0;2;;0;0;0;22;;;0;1;74;;0;25;0;1;0;1;17;0;;
590461;Červená Lhota;151;111;110;7;0;1;10;;0;4;3;0;1;;1;0;0;9;;;0;3;39;;1;23;0;0;1;0;7;0;;
590479;Číhalín;159;129;129;11;0;0;16;;0;11;17;1;0;;0;0;0;13;;;0;2;23;;0;21;0;0;0;1;12;1;;
590487;Číchov;201;129;129;9;0;0;19;;0;1;14;0;4;;1;1;0;11;;;0;1;45;;0;10;0;1;1;0;11;0;;
590495;Čikov;180;120;116;13;0;1;4;;0;2;23;1;4;;1;0;0;14;;;0;5;30;;0;4;0;0;0;1;10;3;;
590509;Číměř;163;119;119;1;0;0;8;;0;9;13;1;0;;0;0;0;4;;;0;7;52;;0;14;0;1;0;1;8;0;;
590517;Dalešice;496;297;294;17;0;0;14;;0;7;56;3;0;;4;1;0;17;;;0;5;59;;0;62;0;1;0;0;48;0;;
590525;Dědice;105;76;76;3;0;0;2;;0;7;16;1;0;;0;0;0;8;;;0;2;18;;1;9;0;0;0;0;9;0;;
590533;Dešov;358;204;204;7;0;0;14;;1;25;13;2;0;;2;0;1;15;;;0;13;58;;0;29;1;2;1;1;19;0;;
587664;Dolní Lažany;123;92;92;7;0;0;5;;0;5;22;3;0;;0;0;0;3;;;0;0;37;;0;7;0;0;1;0;2;0;;
590550;Dolní Vilémovice;323;209;209;10;0;0;20;;0;4;37;1;0;;2;0;0;23;;;0;2;58;;0;28;0;3;1;0;19;1;;
590568;Domamil;242;161;161;1;0;0;9;;0;14;13;0;1;;1;0;0;10;;;0;3;61;;0;40;0;0;1;0;7;0;;
590576;Dukovany;682;466;458;44;0;0;24;;3;12;64;3;4;;5;0;0;42;;;1;9;164;;0;29;0;1;0;1;50;2;;
590584;Hartvíkovice;452;275;270;16;0;0;19;;0;5;38;1;2;;3;0;0;22;;;0;9;95;;0;29;0;0;1;0;29;1;;
590592;Heraltice;309;205;205;11;0;0;30;;0;7;18;1;1;;4;0;2;16;;;0;9;58;;2;14;1;5;0;0;26;0;;
590614;Hluboké;174;97;93;8;0;0;4;;0;4;9;0;0;;0;0;1;14;;;0;1;29;;1;14;0;1;0;0;6;1;;
590622;Hodov;267;180;180;17;0;0;16;;0;7;5;1;1;;0;0;0;15;;;0;5;67;;1;29;0;2;0;1;13;0;;
590631;Horní Heřmanice;105;77;77;6;0;0;10;;0;2;7;2;0;;1;0;0;2;;;0;2;27;;1;7;0;1;0;0;8;1;;
550612;Horní Smrčné;46;40;40;5;0;0;4;;0;1;2;0;2;;1;0;0;4;;;0;3;4;;0;9;0;0;0;0;5;0;;
590649;Horní Újezd;220;155;154;14;0;0;25;;1;9;15;0;2;;2;0;0;21;;;0;8;26;;0;17;0;1;1;0;11;1;;
590657;Horní Vilémovice;66;48;47;2;0;0;7;;0;1;4;1;0;;0;0;0;7;;;0;0;15;;1;4;0;0;0;0;5;0;;
590665;Hornice;68;47;46;8;0;0;3;;0;7;7;0;0;;0;0;0;4;;;0;1;6;;0;7;0;0;0;0;3;0;;
590673;Hrotovice;1 432;858;851;67;2;0;106;;1;28;113;7;4;;6;0;0;55;;;2;23;233;;0;104;0;4;2;1;74;19;;
550639;Hroznatín;86;56;56;5;0;0;3;;0;2;3;0;0;;0;0;0;8;;;0;1;21;;1;5;0;0;0;0;7;0;;
590690;Hvězdoňovice;75;44;44;0;0;0;4;;0;6;7;0;0;;0;0;0;6;;;0;0;16;;0;1;0;0;0;0;4;0;;
590703;Chlístov;230;161;160;11;0;0;11;;1;5;13;0;3;;4;0;0;19;;;1;2;59;;0;13;0;3;0;0;13;2;;
590711;Chlum;124;90;90;3;0;0;6;;1;2;12;1;0;;0;0;1;17;;;0;6;16;;0;16;0;1;0;0;8;0;;
550477;Chotěbudice;88;49;49;6;0;0;7;;0;2;0;2;0;;0;0;0;4;;;0;0;10;;0;13;0;0;0;0;5;0;;
590746;Jakubov u Moravských Budějovic;503;318;316;12;0;0;19;;0;23;34;1;2;;4;0;0;22;;;0;4;111;;0;42;0;3;1;0;38;0;;
590754;Jaroměřice nad Rokytnou;3 355;2 016;2 002;129;2;2;184;;1;51;252;9;17;;17;2;5;151;;;2;42;628;;6;228;0;11;4;5;251;3;;
590762;Jasenice;165;116;116;4;0;0;20;;0;5;9;0;1;;1;0;0;6;;;0;9;22;;0;19;0;0;4;0;15;1;;
590789;Jemnice;3 317;1 958;1 951;196;0;1;181;;1;101;212;18;18;;17;1;2;175;;;0;78;550;;4;207;1;5;1;2;176;4;;
590797;Jinošov;186;123;122;15;0;0;13;;1;10;16;2;0;;2;1;0;4;;;0;3;23;;0;13;0;0;0;1;17;1;;
550591;Jiratice;56;47;47;4;0;0;6;;0;1;3;1;0;;0;1;0;2;;;0;1;11;;0;16;0;0;0;0;1;0;;
590801;Kamenná;182;131;129;10;0;0;13;;0;1;9;6;1;;0;0;0;9;;;1;8;41;;0;9;0;1;0;0;19;1;;
590819;Kdousov;97;62;61;4;0;0;5;;0;9;4;0;0;;2;0;0;5;;;0;3;19;;0;3;0;0;0;0;7;0;;
590827;Kladeruby nad Oslavou;159;107;107;1;0;0;15;;0;3;15;2;2;;0;0;0;0;;;0;2;44;;0;12;0;0;0;0;11;0;;
590835;Klučov;143;110;109;9;0;0;11;;0;3;15;0;2;;0;0;0;9;;;0;4;23;;1;10;0;0;0;1;20;1;;
590851;Kojatice;225;133;131;12;0;0;26;;1;7;20;0;0;;0;1;0;1;;;0;3;22;;0;26;0;0;0;1;11;0;;
510645;Kojatín;71;51;51;5;0;0;6;;1;0;3;0;0;;0;0;0;4;;;0;3;23;;0;4;0;0;0;0;2;0;;
590860;Kojetice;353;236;236;32;0;0;19;;1;13;23;1;2;;0;0;0;25;;;0;4;79;;0;13;0;1;0;1;21;1;;
590878;Komárovice;101;58;58;1;0;0;5;;0;2;10;0;0;;0;0;0;10;;;0;0;19;;0;1;0;0;1;0;9;0;;
590886;Koněšín;405;246;244;20;0;0;13;;0;14;23;1;2;;7;0;0;15;;;1;2;98;;0;25;1;1;0;0;20;1;;
590894;Kostníky;158;96;96;4;0;0;8;;0;7;9;2;3;;1;0;0;10;;;0;3;29;;0;14;0;1;0;0;5;0;;
590908;Kouty;312;215;215;10;0;0;35;;0;12;15;2;1;;1;0;1;23;;;0;7;57;;0;25;0;0;1;1;24;0;;
590916;Kozlany;113;60;60;10;0;0;5;;1;5;2;0;0;;1;0;1;4;;;0;0;11;;0;18;0;0;0;0;2;0;;
545309;Kožichovice;318;219;217;11;0;0;14;;0;13;28;0;0;;2;0;0;15;;;0;4;78;;0;18;1;0;1;0;32;0;;
550710;Krahulov;231;165;164;15;1;0;19;;1;5;24;0;0;;0;1;0;14;;;0;4;50;;0;12;0;1;0;0;17;0;;
590941;Kralice nad Oslavou;785;481;478;52;0;0;28;;0;20;50;3;2;;5;0;0;52;;;0;13;140;;0;36;0;5;1;0;51;20;;
590959;Kramolín;111;76;75;7;0;0;6;;0;3;3;0;1;;4;0;0;4;;;0;4;29;;0;6;0;0;1;0;7;0;;
590967;Krhov;160;97;97;2;0;0;5;;0;3;13;0;4;;0;0;0;4;;;0;2;33;;2;16;0;0;1;0;9;3;;
590975;Krokočín;170;104;104;3;0;0;12;;0;3;15;1;0;;3;0;0;14;;;1;3;22;;1;17;0;0;0;0;8;1;;
550302;Kuroslepy;133;93;93;5;0;0;5;;0;4;7;1;1;;0;0;0;6;;;0;3;40;;0;6;0;0;0;0;15;0;;
510556;Láz;235;161;161;11;0;0;22;;0;13;12;1;1;;0;0;0;9;;;0;4;48;;1;18;0;0;0;0;19;2;;
590983;Lesná;77;57;57;0;0;0;7;;0;4;9;0;2;;0;0;0;8;;;0;0;17;;0;4;1;0;0;0;5;0;;
590991;Lesní Jakubov;478;457;453;61;0;1;15;;0;5;42;4;20;;2;3;2;63;;;2;10;103;;14;23;0;2;6;19;55;1;;
591009;Lesonice;395;230;230;11;0;0;14;;0;14;29;1;2;;1;0;0;17;;;0;7;79;;0;24;0;0;4;0;27;0;;
573485;Lesůňky;74;60;60;0;0;0;5;;0;3;9;0;0;;1;0;0;0;;;0;0;26;;0;3;0;0;1;0;8;4;;
591025;Lhánice;134;95;95;7;0;0;4;;3;3;10;2;3;;2;0;2;3;;;0;1;29;;0;18;0;0;0;0;8;0;;
544876;Lhotice;130;81;81;1;0;0;8;;0;13;5;0;0;;1;0;0;14;;;0;1;26;;0;6;0;0;0;0;6;0;;
591041;Lipník;298;202;199;18;0;0;12;;0;5;39;0;1;;3;0;0;17;;;0;0;59;;1;23;0;0;0;0;21;0;;
550507;Litohoř;421;232;231;18;2;0;10;;0;10;28;2;3;;2;0;0;23;;;0;4;85;;0;21;0;4;0;1;18;0;;
591068;Litovany;119;83;82;6;0;0;7;;0;1;8;0;0;;1;0;1;2;;;0;4;33;;0;13;0;0;0;2;4;0;;
587605;Lomy;106;76;76;9;0;0;7;;0;6;10;0;0;;0;0;0;1;;;0;1;14;;0;16;0;0;0;0;12;0;;
591092;Loukovice;93;60;60;3;0;0;5;;0;2;11;0;0;;0;0;0;5;;;0;2;17;;0;7;0;0;0;0;7;1;;
544957;Lovčovice;52;48;47;0;0;0;6;;0;3;11;0;0;;0;0;0;0;;;0;0;6;;0;8;0;0;0;0;13;0;;
550566;Lukov;313;228;228;11;0;0;20;;0;7;39;1;1;;6;0;0;21;;;0;4;57;;0;39;0;1;0;1;19;1;;
591114;Markvartice;205;141;140;21;0;0;10;;0;7;14;1;1;;1;1;0;11;;;0;5;38;;0;11;0;5;0;0;14;0;;
550388;Martínkov;205;164;161;2;0;0;13;;0;5;24;4;1;;2;0;0;11;;;0;3;46;;0;39;0;0;0;2;9;0;;
591122;Mastník;194;130;130;22;1;0;9;;0;3;18;0;0;;1;0;0;14;;;0;4;36;;0;11;0;0;0;0;10;1;;
545031;Menhartice;111;74;73;2;0;0;4;;0;10;3;0;2;;0;0;0;4;;;0;3;20;;0;13;0;0;1;0;11;0;;
591149;Meziříčko;75;30;30;3;0;0;4;;0;0;9;1;0;;0;1;0;2;;;0;0;6;;0;3;0;0;0;0;1;0;;
591157;Mikulovice;181;131;130;7;0;0;8;;0;4;10;2;2;;0;0;0;12;;;0;3;56;;1;10;0;0;0;0;14;1;;
591165;Mladoňovice;325;185;184;20;0;0;10;;1;21;14;0;0;;1;0;0;12;;;0;7;54;;0;37;0;3;0;1;2;1;;
591173;Mohelno;1 119;681;675;68;0;0;53;;1;28;79;4;7;;12;3;2;43;;;0;18;216;;2;58;0;4;0;2;73;2;;
591181;Moravské Budějovice;6 106;3 746;3 731;426;4;1;349;;4;200;388;26;32;;50;0;4;395;;;2;145;984;;4;300;4;14;8;8;377;6;;
591190;Myslibořice;570;310;309;25;1;0;17;;2;13;31;3;3;;0;0;0;23;;;2;7;112;;0;26;0;5;0;0;38;1;;
550779;Naloučany;132;95;95;3;1;0;12;;0;6;8;1;3;;2;1;0;3;;;0;4;30;;0;7;0;3;1;1;9;0;;
591211;Náměšť nad Oslavou;4 026;2 558;2 540;203;2;0;212;;7;93;312;33;15;;29;1;3;206;;;3;68;811;;8;176;0;9;5;2;331;11;;
591220;Nárameč;280;171;169;21;0;0;19;;0;5;17;3;3;;0;0;0;8;;;1;4;52;;1;19;0;0;1;0;15;0;;
591238;Nimpšov;59;39;39;0;0;0;2;;0;1;16;0;0;;3;0;0;0;;;0;0;9;;0;4;0;0;2;0;2;0;;
591246;Nová Ves;183;139;139;5;0;0;9;;0;9;12;1;1;;0;0;4;10;;;0;5;42;;0;18;0;1;1;0;20;1;;
591254;Nové Syrovice;766;403;402;21;1;0;33;;1;20;54;6;3;;5;1;0;27;;;1;8;136;;4;34;0;0;2;2;41;2;;
591262;Nový Telečkov;92;65;65;4;0;0;3;;0;4;11;0;1;;0;1;0;7;;;0;0;14;;0;10;0;0;0;1;9;0;;
510980;Ocmanice;263;170;169;15;0;0;13;;0;7;18;2;1;;0;1;0;12;;;0;0;69;;0;12;0;0;0;0;19;0;;
591289;Odunec;74;56;56;7;0;0;5;;0;1;7;0;0;;1;0;0;6;;;0;1;11;;0;10;1;0;0;0;5;1;;
591297;Okarec;98;70;70;7;0;0;5;;0;3;14;0;0;;1;0;0;5;;;0;2;17;;0;0;0;0;0;0;16;0;;
546933;Okřešice;140;102;101;7;0;0;3;;0;7;7;0;0;;2;0;0;3;;;3;1;36;;0;20;0;4;0;0;8;0;;
591301;Okříšky;1 701;1 116;1 103;143;0;0;142;;4;34;122;9;12;;18;1;0;75;;;1;26;310;;6;85;0;13;3;1;97;1;;
591319;Opatov;633;395;393;24;0;0;26;;0;25;59;2;7;;12;1;0;35;;;2;2;120;;1;26;0;0;2;1;47;1;;
591327;Oponešice;145;89;89;6;0;0;11;;1;10;6;0;1;;1;0;0;1;;;0;2;20;;0;19;0;0;0;0;11;0;;
591335;Ostašov;116;82;82;7;0;0;11;;0;1;11;1;0;;0;0;0;10;;;1;4;19;;0;5;0;0;3;0;9;0;;
550469;Pálovice;134;84;83;8;0;0;8;;0;5;10;0;0;;0;0;0;6;;;0;0;8;;0;11;0;2;0;0;25;0;;
591360;Petrovice;347;228;227;13;0;0;22;;1;12;24;5;2;;6;0;0;13;;;0;12;75;;0;12;0;0;1;0;26;3;;
591378;Petrůvky;94;80;80;8;0;0;1;;0;3;14;0;0;;8;0;0;6;;;0;2;21;;1;10;0;0;0;0;6;0;;
550370;Pokojovice;83;69;69;2;0;0;8;;0;3;9;0;1;;3;0;1;3;;;0;3;18;;0;11;0;0;0;0;7;0;;
591394;Police;285;205;205;16;0;0;13;;0;61;24;1;1;;1;0;0;16;;;0;5;45;;0;8;0;0;1;1;12;0;;
591408;Popůvky;71;52;52;3;0;0;2;;0;1;15;0;1;;1;0;0;6;;;0;0;12;;0;7;0;0;0;0;4;0;;
591416;Pozďatín;130;87;87;3;0;0;6;;0;4;16;0;5;;1;0;0;6;;;0;5;22;;1;11;0;1;0;2;3;1;;
591424;Přeckov;56;47;47;2;0;0;5;;0;2;1;0;0;;1;0;0;3;;;0;4;5;;0;22;0;0;0;0;2;0;;
591432;Předín;575;350;348;18;1;0;24;;0;19;45;4;0;;7;0;1;40;;;0;9;107;;1;32;0;0;1;0;38;1;;
591441;Přešovice;121;77;77;1;0;0;7;;0;0;11;1;4;;0;0;0;8;;;0;0;33;;0;4;0;0;1;0;7;0;;
591459;Přibyslavice;639;429;428;19;0;0;32;;0;20;62;3;4;;4;0;0;31;;;0;10;105;;3;71;0;1;0;2;57;4;;
544752;Příštpo;229;135;134;8;0;0;9;;0;4;20;0;2;;0;0;0;7;;;0;2;44;;1;13;0;0;0;1;23;0;;
591491;Pucov;133;72;72;2;1;0;6;;0;1;6;0;0;;3;0;0;3;;;0;0;31;;0;5;0;0;0;0;14;0;;
591505;Pyšel;381;260;260;7;0;0;23;;0;6;30;3;5;;3;1;0;14;;;0;10;70;;1;52;0;2;0;0;23;10;;
511307;Rácovice;91;72;72;8;0;0;4;;0;2;5;0;1;;1;0;0;9;;;0;0;13;;1;19;0;0;0;0;7;2;;
591521;Račice;63;50;50;1;0;0;5;;0;6;6;0;0;;0;0;0;2;;;0;3;19;;0;2;0;0;0;0;6;0;;
550493;Radkovice u Budče;119;66;63;0;0;0;5;;0;1;7;0;0;;1;0;0;6;;;0;0;14;;1;13;0;0;1;1;13;0;;
591548;Radkovice u Hrotovic;258;185;185;11;0;0;14;;0;10;22;1;5;;3;1;0;6;;;0;2;63;;1;38;0;0;1;0;7;0;;
591556;Radonín;62;37;37;0;0;0;6;;1;3;6;0;0;;1;0;0;2;;;0;0;6;;0;7;0;0;1;0;4;0;;
591564;Radošov;142;112;112;3;0;0;12;;0;7;9;5;1;;1;0;0;10;;;0;5;34;;0;16;0;0;0;0;9;0;;
545040;Radotice;119;74;73;2;0;0;6;;1;9;2;2;0;;1;0;0;1;;;0;2;28;;0;12;0;0;0;0;7;0;;
591581;Rapotice;431;305;303;28;0;0;33;;0;16;36;4;2;;5;2;0;16;;;0;11;74;;0;38;0;0;1;0;33;4;;
591602;Rohy;102;65;65;3;0;0;9;;0;5;7;3;0;;1;0;0;6;;;0;2;22;;0;3;0;1;0;0;2;1;;
591611;Rokytnice nad Rokytnou;695;490;489;32;0;0;35;;0;14;57;4;2;;4;0;0;52;;;0;11;134;;3;104;1;1;0;1;32;2;;
591629;Rouchovany;958;653;651;44;1;1;155;;0;11;45;7;5;;9;1;2;50;;;1;10;169;;1;51;1;0;1;0;83;3;;
591637;Rudíkov;563;382;381;32;2;2;27;;0;12;39;7;5;;8;0;0;43;;;0;12;132;;0;37;0;1;0;0;20;2;;
591645;Římov;344;234;233;13;0;0;17;;0;3;23;0;2;;9;0;0;25;;;0;5;68;;0;22;0;0;0;0;45;1;;
511081;Sedlec;206;129;129;9;0;0;11;;0;1;20;1;1;;4;0;0;4;;;1;0;30;;4;17;0;0;0;0;24;2;;
591688;Slavětice;198;133;133;8;0;0;6;;0;2;26;0;0;;0;0;0;4;;;0;3;29;;1;26;0;1;2;0;25;0;;
591700;Slavičky;209;144;143;4;0;0;8;;0;9;14;0;2;;1;0;0;15;;;0;1;52;;1;20;0;1;1;2;12;0;;
545180;Slavíkovice;187;109;108;7;0;0;5;;1;15;21;1;2;;1;0;1;8;;;0;3;22;;1;4;0;0;0;0;16;0;;
591726;Smrk;218;132;132;19;0;0;19;;0;3;24;2;0;;2;1;0;3;;;0;4;27;;0;9;0;0;0;1;18;0;;
591742;Stařeč;1 305;880;875;105;0;0;47;;1;50;69;3;11;;8;0;0;82;;;1;48;258;;5;66;0;5;2;1;110;3;;
587460;Stropešín;108;64;64;3;0;0;5;;0;0;11;0;0;;1;0;0;5;;;0;2;24;;0;2;0;0;0;0;10;1;;
554871;Střítež;415;279;278;27;1;0;21;;3;9;21;4;0;;13;0;0;27;;;0;5;96;;1;20;0;1;0;0;29;0;;
591769;Studenec;460;281;280;11;0;0;25;;0;6;62;1;3;;4;1;0;21;;;0;3;70;;3;32;0;1;0;0;35;2;;
591777;Studnice;122;68;68;1;0;0;12;;0;4;11;1;1;;0;0;0;10;;;0;2;9;;0;7;0;0;0;1;9;0;;
591785;Sudice;295;182;182;17;0;0;20;;1;2;37;0;5;;3;0;1;4;;;1;7;27;;2;21;0;3;3;3;25;0;;
591793;Svatoslav;205;124;123;14;0;0;4;;0;9;9;0;0;;2;1;0;14;;;0;3;48;;0;12;0;1;2;0;3;1;;
591807;Šebkovice;376;228;227;10;0;0;17;;0;9;28;2;2;;4;0;0;28;;;1;4;87;;0;12;0;2;0;1;18;2;;
591815;Štěměchy;244;167;167;16;0;0;25;;0;6;28;2;0;;1;1;0;13;;;0;5;27;;0;20;0;0;0;1;22;0;;
591823;Štěpkov;85;61;61;2;0;0;6;;0;1;6;2;0;;0;0;0;3;;;0;0;22;;1;13;0;0;0;0;5;0;;
591840;Trnava;556;369;367;29;0;0;31;;1;17;24;3;0;;7;2;2;27;;;0;18;109;;1;56;0;0;0;1;37;2;;
591858;Třebelovice;345;240;240;11;1;0;24;;0;12;16;4;1;;0;0;1;17;;;0;2;76;;1;49;0;1;2;1;21;0;;
591866;Třebenice;370;220;220;18;0;0;17;;0;8;27;1;1;;0;1;0;23;;;0;4;78;;1;18;0;0;0;0;22;1;;
590266;Třebíč;29 347;18 564;18 482;1 910;14;6;1 491;;13;754;1 629;235;139;;315;9;12;2 081;;;11;798;5 371;;41;1 149;7;129;31;14;2 281;42;;
550311;Třesov;71;51;51;0;0;0;4;;0;4;1;0;0;;0;1;0;2;;;0;0;26;;0;9;0;0;0;0;4;0;;
587699;Valdíkov;88;54;53;2;0;0;9;;0;7;3;0;0;;2;0;1;3;;;0;1;13;;0;6;0;0;0;0;6;0;;
591874;Valeč;594;410;409;34;0;0;33;;1;7;39;6;8;;4;0;0;30;;;0;4;131;;1;60;0;1;2;0;46;2;;
588342;Vícenice;146;92;91;8;0;0;10;;0;6;13;0;1;;0;0;0;8;;;0;0;35;;0;5;0;0;0;1;4;0;;
511242;Vícenice u Náměště nad Oslavou;313;216;211;10;0;2;11;;0;6;26;1;0;;1;0;0;13;;;0;3;93;;0;14;0;5;0;3;23;0;;
591904;Vladislav;972;650;649;32;0;0;51;;1;46;106;5;7;;15;2;0;50;;;2;9;195;;5;34;0;2;4;3;79;1;;
591912;Vlčatín;110;81;81;8;0;0;10;;0;2;6;0;2;;0;0;0;10;;;0;2;16;;0;17;0;0;0;1;7;0;;
591939;Výčapy;665;431;431;30;1;0;27;;0;24;18;3;3;;2;0;0;52;;;0;12;152;;1;61;2;2;3;0;35;3;;
591947;Zahrádka;107;72;71;2;0;0;4;;0;0;9;2;1;;0;0;0;4;;;0;1;29;;0;9;0;0;0;0;10;0;;
591955;Zárubice;97;76;75;7;0;0;8;;0;5;8;1;0;;0;0;0;3;;;0;3;28;;2;6;0;0;1;0;3;0;;
591963;Zašovice;102;77;77;3;0;0;5;;1;1;9;1;2;;0;0;0;7;;;0;7;24;;0;6;0;4;0;0;7;0;;
591980;Zvěrkovice;197;137;136;8;0;0;9;;0;5;21;3;2;;1;0;0;10;;;0;2;39;;0;20;1;0;1;1;12;1;;
591998;Želetava;1 241;738;730;44;1;0;64;;1;37;101;12;8;;6;0;0;93;;;0;24;156;;0;112;0;1;0;0;66;4;;
595217;Baliny;102;71;71;8;0;0;6;;0;3;8;2;1;;0;0;0;8;;;0;6;12;;0;8;0;0;0;1;5;3;;
595241;Blažkov;229;162;161;7;0;0;15;;0;9;26;2;3;;4;1;1;13;;;0;3;36;;0;16;0;0;0;0;25;0;;
595250;Blízkov;272;191;191;5;0;0;14;;0;4;19;3;1;;3;0;0;21;;;0;11;42;;0;50;0;1;0;0;14;3;;
595268;Bobrová;706;430;425;53;1;0;66;;0;12;36;4;5;;4;0;0;28;;;0;20;112;;1;46;0;4;0;0;31;2;;
595276;Bobrůvka;209;151;151;16;0;0;8;;0;12;10;0;0;;1;0;0;6;;;0;6;39;;0;39;0;2;0;0;11;1;;
595284;Bohdalec;244;148;147;7;0;0;15;;0;8;18;0;0;;2;0;0;8;;;0;4;32;;1;36;0;2;0;1;13;0;;
595292;Bohdalov;913;576;572;55;0;0;53;;1;17;46;8;7;;16;0;1;44;;;0;13;177;;1;51;0;3;3;0;70;6;;
595306;Bohuňov;205;134;134;8;0;0;15;;0;3;16;0;0;;2;0;0;4;;;0;2;45;;0;28;0;1;0;0;8;2;;
595322;Borovnice;154;83;83;6;0;0;8;;0;6;2;0;1;;1;0;0;5;;;0;1;37;;0;6;0;1;0;2;7;0;;
595641;Bory;634;375;374;5;1;0;34;;0;16;24;4;6;;0;0;0;38;;;0;17;118;;1;65;0;3;1;0;30;11;;
595349;Březejc;113;68;68;4;0;0;7;;0;0;10;1;0;;0;0;0;9;;;0;1;21;;0;12;0;0;0;0;3;0;;
595357;Březí;154;108;106;8;0;0;9;;0;2;9;1;1;;3;0;0;9;;;0;2;30;;0;20;0;0;0;0;8;4;;
595365;Březí nad Oslavou;204;145;143;8;0;0;15;;0;9;5;4;0;;1;0;0;19;;;0;11;45;;0;15;0;0;1;0;8;2;;
595381;Březské;157;89;89;8;0;0;11;;0;0;14;0;3;;2;0;0;8;;;0;2;13;;0;15;0;0;1;0;10;2;;
595390;Budeč;156;115;114;11;0;0;7;;0;6;6;1;2;;0;0;0;10;;;0;10;31;;0;25;0;0;0;0;3;2;;
595403;Bukov;157;101;100;7;0;0;7;;0;5;11;1;0;;0;0;0;12;;;0;1;38;;0;13;0;0;0;0;5;0;;
595411;Bystřice nad Pernštejnem;6 746;3 994;3 967;289;1;6;572;;8;120;372;28;31;;49;6;6;329;;;1;113;1 157;;10;363;0;28;3;5;430;40;;
595420;Býšovec;131;97;97;7;0;0;6;;0;1;9;0;2;;0;1;0;9;;;0;2;35;;0;11;0;0;0;1;13;0;;
588016;Cikháj;86;51;51;1;0;0;5;;0;4;16;0;0;;2;0;0;5;;;0;0;10;;0;2;0;0;0;0;6;0;;
595438;Černá;236;140;140;10;0;0;7;;0;7;15;0;2;;0;0;0;8;;;0;4;49;;0;18;0;0;0;0;16;4;;
595454;Dalečín;557;341;340;17;1;0;32;;1;20;29;1;2;;0;0;0;31;;;0;25;112;;0;41;0;2;0;0;24;2;;
595462;Daňkovice;149;113;113;15;0;0;8;;0;17;10;2;4;;0;0;0;12;;;1;5;26;;0;7;0;0;0;0;5;1;;
595471;Dlouhé;189;138;138;9;0;0;8;;0;4;7;1;1;;0;0;0;15;;;0;7;36;;0;42;0;0;0;0;8;0;;
595489;Dobrá Voda;278;178;178;10;0;0;18;;3;0;23;0;3;;0;1;0;26;;;0;9;41;;2;35;1;0;0;0;4;2;;
595501;Dolní Heřmanice;407;236;234;24;0;0;21;;1;7;30;5;3;;2;0;0;15;;;1;22;56;;1;18;0;2;0;1;16;9;;
595519;Dolní Libochová;124;86;86;4;0;0;17;;0;1;11;1;1;;0;0;0;1;;;1;4;23;;0;18;0;2;1;0;0;1;;
595535;Dolní Rožínka;516;302;299;16;0;1;51;;0;3;31;3;3;;4;0;0;20;;;1;3;93;;2;29;0;0;0;0;32;7;;
595578;Fryšava pod Žákovou horou;296;211;210;35;0;1;12;;1;4;24;4;0;;2;0;0;11;;;1;4;60;;0;17;0;1;0;1;32;0;;
595586;Hamry nad Sázavou;1 217;850;846;135;0;0;98;;0;57;77;6;5;;11;0;0;83;;;0;23;222;;1;43;0;11;3;1;64;6;;
595594;Herálec;1 080;745;736;58;1;0;84;;4;17;80;4;7;;8;1;1;57;;;3;10;229;;0;79;1;2;1;2;82;5;;
595608;Heřmanov;173;130;128;11;0;0;24;;0;5;7;0;0;;1;0;0;10;;;0;6;30;;0;24;0;0;0;0;8;2;;
595624;Hodíškov;117;78;78;8;0;0;7;;0;3;5;2;0;;1;1;0;8;;;0;2;20;;0;12;0;0;0;0;8;1;;
595659;Horní Libochová;163;90;89;3;0;0;4;;0;1;13;2;3;;1;2;0;2;;;0;4;35;;0;7;0;0;0;0;11;1;;
595675;Horní Radslavice;77;53;53;5;0;0;4;;0;1;2;2;0;;1;0;1;5;;;0;2;24;;0;1;1;0;0;0;4;0;;
595683;Horní Rožínka;72;61;61;3;0;0;5;;1;0;10;0;1;;8;0;0;3;;;0;3;11;;0;12;0;0;0;1;3;0;;
595713;Chlumek;138;90;89;7;1;0;10;;0;3;19;2;1;;1;0;0;5;;;0;1;17;;0;12;0;2;0;1;4;3;;
595721;Chlumětín;171;111;111;5;0;0;12;;0;5;18;2;2;;0;1;0;15;;;0;6;32;;0;5;0;0;0;0;8;0;;
595705;Chlum-Korouhvice;36;20;20;2;0;0;1;;0;4;0;0;0;;0;0;0;3;;;0;2;7;;0;0;0;0;0;0;1;0;;
595730;Jabloňov;276;159;158;15;0;0;18;;0;8;14;1;2;;1;0;0;12;;;0;11;28;;4;30;0;0;0;2;9;3;;
595756;Jámy;450;328;325;11;0;0;30;;0;19;40;3;2;;1;0;0;37;;;0;5;69;;0;82;0;1;0;0;23;2;;
595748;Javorek;88;61;61;9;0;3;2;;0;0;6;2;0;;2;0;0;8;;;0;3;20;;0;4;0;0;0;0;2;0;;
595772;Jimramov;972;631;625;53;0;0;77;;4;33;73;5;5;;11;1;0;62;;;3;21;161;;1;72;1;2;0;2;35;3;;
595802;Jívoví;225;167;167;8;1;0;19;;1;2;20;0;3;;0;0;0;11;;;2;8;32;;0;42;0;3;0;0;11;4;;
595811;Kadolec;143;76;76;3;0;0;9;;0;2;13;3;1;;0;0;0;4;;;0;1;19;;0;9;0;0;1;1;4;6;;
595829;Kadov;143;104;104;13;0;0;13;;0;7;5;2;0;;0;0;0;17;;;0;4;28;;0;7;0;0;0;1;6;1;;
595845;Karlov;76;62;62;6;0;0;10;;0;2;5;0;0;;0;0;0;10;;;0;1;19;;0;4;0;0;1;0;4;0;;
595853;Kněževes;127;90;90;9;0;0;0;;0;2;11;1;0;;2;2;0;3;;;0;1;16;;0;33;0;0;0;0;10;0;;
595861;Koroužné;204;129;128;11;0;0;11;;0;3;15;2;2;;0;1;0;12;;;0;4;27;;0;22;0;1;0;0;17;0;;
595870;Kotlasy;98;62;62;0;0;1;6;;0;3;5;4;0;;3;0;0;7;;;0;0;15;;0;9;0;1;0;0;7;1;;
595888;Kozlov;163;87;87;0;0;0;15;;0;1;9;0;2;;3;0;0;7;;;1;7;24;;0;11;1;0;0;0;2;4;;
595896;Krásné;81;55;55;0;0;0;9;;0;5;1;1;2;;0;1;0;7;;;0;4;17;;0;5;0;1;0;0;2;0;;
595900;Krásněves;215;156;156;5;0;0;12;;0;3;9;1;4;;3;0;0;7;;;0;6;39;;0;48;0;0;1;0;18;0;;
587842;Křídla;269;187;186;13;1;0;21;;0;14;12;0;0;;2;0;0;8;;;0;7;54;;0;45;0;0;0;1;8;0;;
595918;Křižánky;354;245;244;51;0;0;21;;0;12;23;5;0;;1;1;0;27;;;0;16;62;;0;9;0;0;0;0;16;0;;
595926;Křižanov;1 497;866;858;77;0;0;61;;2;36;71;11;17;;5;0;0;80;;;6;22;229;;4;129;0;5;1;5;88;9;;
595951;Křoví;480;306;304;24;0;0;28;;2;8;47;6;3;;11;0;0;24;;;0;8;64;;3;29;0;2;2;0;41;2;;
595969;Kuklík;155;102;102;3;0;0;10;;0;2;13;1;2;;4;0;0;12;;;0;1;46;;0;5;0;0;0;1;2;0;;
595977;Kundratice;161;101;100;7;0;0;11;;0;1;11;0;3;;3;0;0;3;;;0;2;33;;2;16;0;0;0;1;6;1;;
596001;Kyjov;37;28;28;0;0;0;10;;0;1;6;0;0;;0;0;0;3;;;0;2;2;;0;4;0;0;0;0;0;0;;
596019;Lavičky;425;270;268;18;0;0;9;;1;5;12;3;2;;2;0;0;22;;;0;11;65;;2;85;0;1;2;0;25;3;;
596035;Lhotka;162;124;124;21;0;0;21;;0;3;10;1;4;;3;0;0;6;;;0;3;26;;5;12;0;0;0;0;8;1;;
596051;Lísek;289;184;182;9;0;0;35;;0;5;10;0;0;;3;0;1;12;;;0;3;41;;0;46;1;1;0;0;15;0;;
596060;Líšná;55;36;35;3;0;0;8;;0;2;8;0;3;;0;0;0;1;;;0;0;5;;0;2;0;0;0;0;2;1;;
596086;Malá Losenice;225;161;160;12;0;0;11;;0;13;5;1;1;;0;0;0;9;;;0;4;47;;1;39;0;2;1;0;12;2;;
596094;Martinice;349;253;252;33;0;0;31;;1;6;18;1;0;;0;1;0;18;;;0;16;74;;0;35;0;3;0;1;14;0;;
596108;Matějov;181;122;122;12;0;0;12;;1;2;6;1;0;;0;0;0;8;;;0;13;40;;0;17;0;0;0;0;9;1;;
596116;Měřín;1 571;1 051;1 043;61;3;0;83;;2;22;91;12;8;;12;0;2;119;;;0;34;325;;2;157;0;5;2;10;80;13;;
587516;Meziříčko;152;101;101;10;1;0;13;;0;2;4;0;1;;1;0;0;12;;;0;0;18;;0;24;0;0;0;0;15;0;;
549835;Milasín;38;26;24;0;0;0;4;;0;1;2;0;0;;0;0;0;3;;;0;0;8;;0;3;0;0;0;0;1;2;;
587770;Milešín;74;49;49;1;0;0;12;;0;1;6;0;0;;0;0;0;3;;;0;0;7;;0;10;0;0;0;0;9;0;;
596132;Mirošov;115;78;78;9;0;0;4;;1;4;7;0;0;;3;1;0;7;;;0;3;13;;0;9;0;3;0;0;14;0;;
596141;Moravec;537;323;322;22;2;0;33;;0;8;25;3;3;;6;1;0;26;;;0;11;85;;0;63;0;0;0;1;32;1;;
596159;Moravecké Pavlovice;41;31;31;1;0;0;5;;0;1;1;0;0;;1;0;0;5;;;0;2;6;;0;2;0;0;0;2;5;0;;
596183;Netín;273;189;188;18;0;1;19;;1;5;15;2;3;;1;0;0;18;;;0;20;36;;1;32;0;1;0;1;14;0;;
596205;Nížkov;764;517;514;40;3;0;53;;1;14;63;6;6;;1;1;1;36;;;0;17;123;;3;106;1;2;2;0;33;2;;
596213;Nová Ves;141;103;103;6;0;0;12;;0;1;18;1;1;;3;0;0;1;;;0;1;32;;0;18;0;0;1;0;8;0;;
596221;Nová Ves u Nového Města na Moravě;502;369;366;30;0;0;30;;0;3;4;1;1;;4;0;0;26;;;0;11;81;;0;161;0;0;0;0;12;2;;
587974;Nové Dvory;270;180;180;13;0;0;14;;1;16;17;3;2;;4;0;0;16;;;0;5;46;;0;28;0;3;0;0;11;1;;
596230;Nové Město na Moravě;8 117;5 148;5 106;556;5;2;776;;4;179;357;50;19;;59;2;5;525;;;4;201;1 311;;2;582;0;25;3;14;384;41;;
596248;Nové Sady;175;119;118;13;0;1;2;;0;8;13;1;2;;1;0;0;13;;;0;2;35;;2;12;0;1;0;0;9;3;;
596256;Nové Veselí;1 042;762;751;84;0;0;60;;0;29;66;11;4;;16;0;0;82;;;2;55;194;;1;90;0;2;2;0;40;13;;
596264;Nový Jimramov;58;45;45;2;0;0;2;;0;4;5;0;0;;1;0;0;4;;;0;0;13;;0;11;0;0;1;0;1;1;;
596272;Nyklovice;128;81;81;6;0;0;16;;0;0;4;4;3;;0;0;0;7;;;0;2;5;;0;23;0;0;1;0;10;0;;
596281;Obyčtov;335;226;226;16;0;0;15;;0;8;27;2;1;;2;0;0;16;;;0;7;62;;0;57;0;0;0;0;12;1;;
596329;Ořechov;266;178;177;8;0;0;23;;0;3;23;1;5;;2;0;1;16;;;0;3;48;;0;24;0;1;0;1;15;3;;
596337;Oslavice;552;383;380;32;1;0;40;;0;11;21;1;3;;7;0;3;32;;;0;29;94;;0;69;0;0;3;1;23;10;;
511412;Oslavička;90;67;66;1;0;0;11;;0;2;5;0;0;;1;0;0;3;;;0;0;25;;0;14;0;0;0;0;4;0;;
596345;Osová Bítýška;708;456;452;25;0;0;38;;1;8;38;5;3;;8;6;0;38;;;1;9;148;;0;76;1;2;0;0;40;5;;
596353;Osové;58;42;42;6;0;0;0;;0;0;1;1;0;;0;0;0;0;;;0;7;20;;0;5;0;0;0;0;2;0;;
596361;Ostrov nad Oslavou;764;508;506;54;0;2;40;;0;16;44;3;3;;5;0;0;56;;;1;13;151;;2;68;0;4;1;3;39;1;;
596370;Otín;238;163;163;8;0;0;18;;1;6;9;0;1;;0;0;0;12;;;0;7;53;;3;31;0;0;0;1;13;0;;
596388;Pavlínov;187;150;148;3;0;0;10;;0;1;14;0;1;;0;0;0;13;;;0;4;49;;1;40;0;0;1;0;10;1;;
596396;Pavlov;270;189;189;6;0;0;8;;0;7;24;1;0;;0;0;0;21;;;0;5;66;;0;41;0;0;0;0;8;2;;
596418;Petráveč;190;120;120;12;0;0;11;;0;6;12;0;0;;1;0;0;16;;;0;6;24;;0;14;0;0;0;0;18;0;;
549916;Pikárec;278;189;187;9;0;0;12;;1;6;32;1;3;;0;1;1;8;;;0;6;32;;0;59;0;2;0;0;12;2;;
596434;Písečné;157;116;116;10;1;0;10;;0;5;2;0;0;;1;0;0;15;;;0;11;35;;2;17;0;0;1;0;4;2;;
596442;Počítky;175;106;105;3;1;0;11;;0;4;10;1;0;;2;0;0;9;;;0;4;41;;0;7;0;0;0;0;8;4;;
596451;Poděšín;197;144;140;14;0;0;11;;0;5;11;0;5;;5;0;0;10;;;0;1;30;;0;29;0;1;0;0;17;1;;
596469;Podolí;77;45;45;0;0;0;3;;0;7;6;0;2;;1;0;0;3;;;1;0;19;;0;2;0;0;0;0;1;0;;
596477;Pokojov;127;66;66;2;1;0;5;;0;1;4;1;0;;3;0;0;7;;;2;1;20;;0;10;0;0;0;0;9;0;;
596485;Polnička;653;432;430;84;0;0;58;;1;10;47;5;3;;6;1;0;45;;;0;9;94;;1;23;2;4;0;0;34;3;;
596493;Prosetín;316;196;194;15;1;0;17;;0;14;14;4;3;;2;0;0;18;;;0;5;42;;0;35;0;0;2;1;21;0;;
596507;Račice;41;32;32;7;0;0;3;;0;1;4;0;0;;0;0;0;5;;;0;1;5;;0;4;0;0;0;0;2;0;;
588059;Račín;99;68;68;6;0;0;2;;0;4;5;0;0;;1;0;0;2;;;0;6;24;;1;9;0;0;0;0;3;5;;
596515;Radenice;126;78;78;3;0;0;6;;0;5;8;1;0;;0;0;0;9;;;1;3;24;;2;11;0;0;0;0;5;0;;
596523;Radešín;101;72;71;8;0;0;11;;0;1;8;5;0;;1;0;0;5;;;0;0;12;;0;11;0;1;1;0;7;0;;
596531;Radešínská Svratka;473;310;310;16;0;0;30;;0;5;26;2;0;;4;1;1;51;;;0;13;65;;3;65;0;0;0;3;23;2;;
549924;Radkov;144;100;100;9;0;0;14;;0;1;10;3;0;;0;0;0;2;;;1;2;37;;0;13;0;0;0;0;8;0;;
596540;Radňoves;80;59;58;1;0;0;13;;0;1;6;0;0;;1;0;0;5;;;0;1;12;;0;16;0;0;0;0;2;0;;
596558;Radňovice;250;196;192;12;0;0;9;;0;3;10;1;2;;1;0;0;24;;;0;10;50;;3;52;0;0;0;0;15;0;;
596566;Radostín;136;94;94;16;0;0;11;;0;3;10;0;0;;3;0;0;4;;;0;4;35;;0;2;0;0;0;0;5;1;;
596574;Radostín nad Oslavou;710;499;498;19;0;0;41;;0;15;36;2;3;;4;1;0;26;;;1;18;124;;0;168;0;2;0;0;34;4;;
587737;Rodkov;73;44;44;4;0;0;5;;0;4;6;0;4;;0;0;0;5;;;0;0;6;;0;7;0;0;0;0;3;0;;
549941;Rosička;38;31;31;0;0;0;8;;2;2;1;0;0;;0;0;0;0;;;0;3;8;;0;7;0;0;0;0;0;0;;
596604;Rousměrov;94;61;61;5;0;0;6;;0;2;9;0;0;;0;0;0;1;;;0;3;15;;0;11;0;0;0;1;7;1;;
596612;Rovečné;526;322;321;39;0;0;28;;0;11;39;3;0;;2;0;0;35;;;0;8;107;;0;17;0;2;0;0;29;1;;
596639;Rozseč;81;56;55;2;0;0;6;;0;0;8;0;0;;0;0;0;5;;;0;2;20;;0;6;0;0;2;0;3;1;;
596647;Rozsochy;567;370;370;18;3;1;36;;0;18;30;5;1;;2;1;0;22;;;0;9;151;;0;41;0;1;1;0;29;1;;
596655;Rožná;634;425;425;25;2;0;67;;2;14;40;3;5;;6;0;1;33;;;0;10;140;;1;41;0;3;1;0;30;1;;
596663;Ruda;312;183;181;9;0;0;13;;0;6;13;2;1;;3;0;1;15;;;0;14;36;;0;56;0;0;0;0;10;2;;
596671;Rudolec;171;98;97;4;0;0;8;;0;5;8;1;1;;4;1;0;6;;;0;2;30;;0;16;0;0;0;0;8;3;;
596680;Řečice;374;262;262;24;1;0;14;;0;15;21;1;3;;2;0;0;20;;;0;4;75;;1;63;0;0;0;0;17;1;;
596701;Sázava;525;372;370;42;1;0;47;;0;12;16;9;2;;4;0;0;28;;;2;16;98;;0;64;0;0;0;0;28;1;;
588237;Sazomín;173;121;120;3;1;0;11;;0;2;11;1;0;;1;0;0;14;;;1;1;41;;0;22;1;0;1;0;9;0;;
596710;Sejřek;137;102;102;10;1;0;7;;0;11;4;4;2;;2;0;1;2;;;0;4;23;;0;15;0;0;0;0;16;0;;
596728;Sirákov;187;134;134;18;0;0;13;;2;4;13;1;1;;2;0;0;2;;;0;4;37;;1;17;0;3;2;0;14;0;;
596736;Sklené;93;75;75;9;0;0;4;;0;4;21;0;0;;1;0;1;3;;;0;2;16;;0;9;0;0;0;0;2;3;;
596744;Sklené nad Oslavou;195;113;111;13;0;1;14;;0;5;10;0;1;;0;0;0;12;;;0;2;24;;0;5;0;0;0;0;13;11;;
596752;Skorotice;111;59;59;11;0;0;4;;0;2;12;1;1;;1;0;0;2;;;0;0;8;;0;3;0;0;0;3;10;1;;
596761;Skřinářov;126;87;85;19;0;0;13;;0;1;1;1;0;;1;0;0;16;;;0;1;20;;0;7;0;0;0;0;4;1;;
596787;Sněžné;616;397;393;63;0;0;35;;1;18;38;1;2;;3;0;1;36;;;1;27;106;;0;29;0;1;0;2;29;0;;
596795;Spělkov;38;33;33;1;0;1;5;;0;1;5;0;1;;2;0;0;1;;;0;0;7;;0;0;0;0;0;0;9;0;;
596809;Strachujov;123;94;93;3;1;0;15;;0;4;13;4;2;;0;0;1;4;;;0;7;26;;0;7;1;0;0;2;3;0;;
596817;Stránecká Zhoř;479;323;322;15;0;0;17;;0;5;16;2;3;;9;1;0;38;;;1;20;101;;1;51;0;1;0;1;32;8;;
596825;Strážek;734;439;436;20;0;0;53;;1;8;56;0;2;;4;1;0;29;;;0;11;134;;1;78;0;3;0;3;31;1;;
549886;Střítež;89;63;63;3;0;0;7;;0;3;11;1;0;;3;2;0;5;;;0;1;16;;0;8;0;0;0;0;3;0;;
596833;Sulkovec;153;102;100;7;0;2;8;;1;3;4;3;1;;0;0;0;9;;;0;1;38;;0;21;0;0;0;0;2;0;;
596841;Světnov;366;232;231;12;0;1;23;;0;5;24;3;1;;4;0;0;11;;;0;2;86;;1;18;0;5;1;1;30;3;;
596850;Sviny;86;63;63;13;0;0;3;;0;1;9;0;0;;0;0;0;2;;;0;3;13;;0;10;0;0;0;0;8;1;;
596868;Svratka;1 195;796;785;124;1;1;78;;1;35;66;4;5;;4;0;1;71;;;1;17;212;;1;83;0;1;2;0;74;3;;
596876;Škrdlovice;581;412;409;39;1;2;32;;0;16;39;6;3;;4;0;0;28;;;0;17;135;;0;31;0;0;1;2;48;5;;
596884;Štěpánov nad Svratkou;565;343;343;33;1;1;58;;0;7;53;1;6;;0;1;2;21;;;0;2;100;;1;27;0;3;1;0;24;1;;
591831;Tasov;523;342;339;27;1;1;35;;1;16;27;10;7;;4;1;0;33;;;1;37;74;;0;32;0;1;1;1;24;5;;
587753;Tři Studně;122;101;101;16;0;0;9;;0;11;2;0;2;;0;0;0;10;;;0;3;22;;0;17;0;1;0;0;8;0;;
549959;Ubušínek;84;60;58;4;0;1;10;;0;9;4;0;1;;0;0;0;7;;;0;5;6;;0;8;0;0;0;0;3;0;;
596906;Uhřínov;249;188;186;12;1;0;14;;1;7;9;1;2;;2;2;0;13;;;0;9;46;;0;49;0;0;0;0;16;2;;
596914;Ujčov;379;234;234;20;0;0;22;;1;10;32;3;2;;0;0;1;20;;;0;10;53;;0;47;0;0;1;1;10;1;;
596922;Újezd;207;142;141;15;0;1;12;;1;7;11;0;1;;4;0;0;14;;;0;4;23;;0;37;0;3;0;0;8;0;;
596931;Unčín;167;111;111;9;0;0;14;;0;3;10;1;3;;2;1;0;8;;;0;4;26;;0;9;0;1;0;0;19;1;;
596949;Vatín;269;187;187;17;0;0;15;;1;3;27;5;1;;0;0;0;16;;;0;9;62;;0;23;0;1;0;1;4;2;;
596957;Věcov;566;406;401;30;0;0;64;;0;11;42;1;1;;3;0;0;41;;;1;21;88;;0;63;1;2;1;0;23;8;;
596965;Věchnov;277;188;187;9;0;0;23;;0;4;16;1;2;;6;0;1;15;;;0;9;59;;0;23;0;1;0;4;14;0;;
596973;Velká Bíteš;4 021;2 533;2 520;273;3;1;243;;3;148;256;31;20;;38;2;3;254;;;3;103;552;;1;309;1;25;7;1;227;16;;
596981;Velká Losenice;895;572;569;44;1;0;50;;0;15;36;9;2;;4;0;0;44;;;0;19;140;;1;130;0;4;3;2;64;1;;
596990;Velké Janovice;97;70;70;1;1;0;5;;0;5;4;0;3;;0;0;0;10;;;0;5;13;;0;18;0;0;0;0;3;2;;
597007;Velké Meziříčí;9 294;5 854;5 818;527;4;6;583;;5;128;473;74;37;;72;18;1;658;;;8;457;1 569;;14;542;4;31;35;5;475;92;;
587893;Velké Tresné;94;58;58;3;0;0;11;;0;2;5;1;0;;0;0;0;6;;;0;3;20;;0;1;0;0;0;0;6;0;;
597015;Vepřová;328;247;247;10;3;0;26;;0;14;17;1;1;;6;0;0;13;;;0;2;81;;0;59;0;0;0;1;9;4;;
597031;Věstín;135;96;96;17;0;0;6;;0;2;11;3;0;;0;0;0;7;;;0;3;22;;0;5;0;0;0;0;18;2;;
597040;Věžná;180;131;131;5;0;0;11;;0;3;17;2;0;;2;0;0;12;;;0;1;42;;0;29;0;0;0;1;6;0;;
597058;Vídeň;345;243;241;18;0;0;18;;1;19;10;1;1;;0;1;0;25;;;1;14;53;;0;59;0;1;0;0;17;2;;
597066;Vidonín;133;85;83;1;0;0;15;;0;2;8;0;1;;0;0;0;4;;;0;2;26;;0;16;0;0;0;0;7;1;;
597074;Vír;590;380;376;23;1;0;30;;1;4;36;6;1;;5;0;1;58;;;0;8;140;;0;10;0;1;0;11;39;1;;
587869;Vlachovice;131;108;107;4;0;0;8;;0;11;12;1;0;;0;0;0;9;;;0;5;33;;0;14;0;0;0;0;9;1;;
597082;Vlkov;209;142;141;6;0;0;19;;0;2;17;2;0;;7;0;0;9;;;0;2;31;;0;29;0;4;0;0;12;1;;
597091;Vojnův Městec;616;410;408;29;0;0;50;;1;21;48;2;4;;4;0;2;32;;;0;6;128;;2;25;0;1;0;2;51;0;;
588334;Vysoké;138;95;95;7;0;0;9;;0;6;14;0;1;;0;0;0;8;;;0;5;22;;0;15;0;2;1;0;4;1;;
597112;Záblatí;165;123;123;4;0;0;10;;0;2;16;1;0;;4;0;0;7;;;0;6;48;;0;19;0;0;0;0;5;1;;
597121;Zadní Zhořec;104;80;79;1;0;0;5;;0;4;17;0;0;;0;0;0;3;;;0;1;19;;0;21;0;2;0;0;6;0;;
597139;Znětínek;164;113;113;3;0;0;6;;0;6;8;0;0;;1;1;0;6;;;0;4;30;;0;37;0;0;0;0;10;1;;
597147;Zubří;374;289;288;20;0;0;30;;3;10;22;0;2;;1;1;0;19;;;0;17;85;;0;56;0;2;0;0;19;1;;
597155;Zvole;525;374;370;30;0;0;41;;0;8;43;0;5;;6;1;0;21;;;0;12;109;;2;63;0;1;0;1;25;2;;
597163;Ždánice;179;130;129;10;0;0;9;;0;2;3;0;0;;1;0;0;20;;;0;1;46;;0;11;0;0;0;0;26;0;;
595209;Žďár nad Sázavou;17 614;11 004;10 937;1 253;5;5;1 094;;7;460;889;120;54;;156;5;6;1 146;;;2;455;3 248;;15;934;4;74;20;13;856;116;;
581291;Adamov;3 668;2 157;2 138;208;3;5;222;;0;76;241;37;18;;28;1;7;208;;;5;63;565;5;14;117;2;10;3;6;278;15;;1
581313;Bedřichov;205;155;153;16;0;2;10;;0;3;4;0;3;;8;0;0;13;;;0;6;51;0;1;17;0;0;1;0;18;0;;0
581330;Benešov;538;382;382;28;0;0;43;;0;9;45;4;5;;6;0;0;24;;;0;11;92;0;0;74;0;2;0;1;36;2;;0
581283;Blansko;16 486;10 446;10 367;1 251;5;4;1 055;;3;258;1 184;158;67;;146;7;22;1 082;;;11;330;2 733;8;20;748;5;60;19;17;1 141;28;;5
581356;Borotín;332;204;203;17;0;0;16;;0;19;29;3;0;;3;0;0;9;;;0;4;50;0;0;13;0;1;0;0;39;0;;0
581364;Bořitov;1 057;703;700;61;0;0;63;;0;23;82;5;8;;16;0;1;51;;;2;19;219;1;0;92;0;2;1;0;53;0;;1
581372;Boskovice;9 371;5 843;5 812;676;9;9;619;;4;124;514;129;40;;88;3;15;594;;;4;204;1 510;2;8;551;1;29;15;2;641;19;;2
581381;Brťov-Jeneč;282;186;182;12;0;0;18;;0;2;31;1;5;;1;1;0;8;;;0;3;58;0;1;23;0;3;2;0;13;0;;0
581445;Bukovina;305;214;213;21;0;0;21;;0;21;24;1;6;;6;0;0;20;;;0;7;47;0;1;17;0;1;0;0;20;0;;0
581453;Bukovinka;431;327;327;37;0;2;17;;0;31;19;2;1;;7;0;1;36;;;0;16;102;0;1;24;0;2;4;0;23;2;;0
581461;Býkovice;189;146;143;10;1;0;10;;0;4;16;1;1;;11;1;0;4;;;0;16;29;0;0;21;0;0;0;0;16;2;;0
581470;Cetkovice;616;353;350;23;1;0;34;;0;6;27;5;8;;4;0;1;25;;;0;4;86;0;0;81;0;4;3;1;37;0;;0
554162;Crhov;135;90;90;3;0;0;12;;0;1;11;1;0;;0;0;0;11;;;0;8;28;0;0;11;0;0;0;0;4;0;;0
581496;Černá Hora;1 659;1 047;1 039;143;0;4;85;;0;42;74;14;2;;21;0;4;116;;;0;33;318;2;3;61;0;11;1;2;99;3;;1
581500;Černovice;295;184;184;2;0;0;13;;0;3;18;1;1;;1;0;0;14;;;0;3;73;0;0;32;0;0;0;1;20;2;;0
581518;Deštná;197;132;132;4;0;1;17;;0;2;19;1;5;;0;0;0;3;;;1;2;53;0;0;7;0;1;0;0;16;0;;0
581526;Dlouhá Lhota;101;64;63;7;0;0;10;;0;1;7;0;1;;3;0;0;3;;;0;2;17;0;1;6;0;0;0;0;5;0;;0
581542;Doubravice nad Svitavou;1 112;718;716;78;2;0;73;;0;32;100;10;5;;11;0;1;58;;;1;13;193;1;3;46;0;2;4;1;78;4;;0
581551;Drnovice;973;657;652;77;0;0;47;;0;15;36;4;5;;13;0;0;63;;;0;49;188;0;4;55;1;1;2;0;92;0;;0
581569;Habrůvka;320;214;212;26;0;0;20;;0;22;15;2;1;;5;0;0;20;;;0;11;35;0;0;16;0;0;0;2;36;1;;0
581593;Hodonín;128;100;100;9;0;0;7;;0;5;2;1;2;;2;0;0;6;;;0;2;40;0;0;16;0;0;1;0;7;0;;0
581615;Holštejn;136;105;101;19;0;0;4;;0;3;12;0;2;;3;2;0;6;;;0;2;18;0;1;12;0;0;0;0;17;0;;0
581631;Horní Poříčí;226;156;155;16;0;0;11;;0;6;7;0;1;;4;0;1;6;;;1;2;48;0;2;28;0;0;1;1;18;2;;0
513695;Horní Smržov;110;75;75;9;0;0;3;;0;2;1;1;0;;5;0;0;6;;;0;1;23;0;0;13;0;2;0;0;9;0;;0
581534;Chrudichromy;159;115;112;5;0;0;1;;0;5;14;1;2;;0;0;0;13;;;0;5;32;0;2;12;0;0;0;0;20;0;;0
581666;Jabloňany;322;211;211;22;0;0;15;;0;11;15;1;1;;2;0;1;18;;;0;12;66;0;1;26;0;0;2;0;17;1;;0
581682;Jedovnice;2 246;1 521;1 514;163;2;0;126;;2;85;167;22;8;;22;1;0;117;;;1;35;387;0;2;161;0;13;3;3;183;11;;0
581721;Kněževes;141;100;100;5;0;0;6;;0;3;3;2;2;;0;0;0;6;;;0;0;33;0;1;32;0;0;0;1;6;0;;0
581739;Knínice;707;460;454;37;0;0;58;;2;17;29;7;4;;7;0;0;39;;;0;3;152;0;0;54;0;0;0;1;42;0;;2
581755;Kořenec;275;185;185;8;1;0;25;;0;9;14;4;0;;2;0;0;14;;;0;4;50;0;0;35;0;0;0;0;19;0;;0
581763;Kotvrdovice;738;518;516;19;1;0;38;;0;22;56;3;7;;14;0;0;39;;;0;8;160;0;0;89;0;4;1;1;51;3;;0
581771;Kozárov;96;83;82;5;0;1;5;;0;1;0;1;0;;2;0;0;12;;;0;1;28;0;0;19;0;0;0;0;7;0;;0
581780;Krasová;295;214;214;34;0;0;33;;0;6;25;4;1;;2;0;0;16;;;1;3;49;0;0;13;0;0;0;1;26;0;;0
581798;Krhov;128;92;91;9;1;0;7;;0;2;14;2;0;;1;0;0;5;;;0;3;30;0;1;4;0;0;0;4;8;0;;0
581801;Křetín;408;263;258;2;0;0;21;;1;4;32;1;1;;0;0;0;13;;;1;1;94;1;0;50;0;3;1;1;31;0;;0
581810;Křtěnov;178;105;105;10;0;0;3;;0;7;10;1;1;;1;0;0;5;;;0;1;30;0;0;22;0;0;0;1;13;0;;0
581828;Křtiny;683;511;511;39;0;4;48;;0;106;42;0;1;;5;0;0;32;;;0;16;119;0;0;34;0;3;2;1;58;0;;1
581836;Kulířov;149;97;95;10;0;0;10;;0;7;13;0;0;;2;1;0;6;;;0;1;15;0;1;18;0;0;0;0;10;1;;0
581844;Kunčina Ves;52;43;43;0;0;0;2;;0;0;6;2;0;;0;0;0;7;;;0;1;11;0;0;8;0;0;0;0;6;0;;0
581852;Kunice;127;88;88;5;0;0;10;;0;3;3;5;1;;2;0;0;7;;;0;0;24;0;0;20;0;0;0;0;6;2;;0
581861;Kuničky;220;159;155;4;0;0;17;;0;5;20;1;1;;2;1;0;14;;;0;1;36;0;1;13;0;1;0;1;37;0;;0
581879;Kunštát;2 185;1 387;1 383;177;1;0;133;;0;37;88;18;7;;23;1;5;129;;;2;56;343;1;1;216;2;3;2;1;130;5;;2
581887;Lazinov;135;101;99;16;0;0;8;;0;3;11;1;0;;2;0;1;14;;;0;5;26;0;0;4;0;0;0;0;8;0;;0
581909;Lažany;336;228;227;16;0;0;13;;1;19;13;3;5;;7;0;0;26;;;0;12;64;0;2;19;0;1;1;0;24;1;;0
581917;Letovice;5 408;3 484;3 463;349;2;2;324;;2;94;345;43;24;;50;4;6;310;;;5;163;957;2;9;333;0;23;3;1;404;7;;1
581925;Lhota Rapotina;338;223;222;32;1;0;26;;0;6;19;1;1;;6;0;0;14;;;0;0;67;0;0;24;0;3;0;0;22;0;;0
581933;Lhota u Lysic;113;89;89;5;0;0;15;;0;4;8;0;0;;0;0;0;7;;;0;0;22;0;0;13;0;0;0;0;15;0;;0
581941;Lhota u Olešnice;39;31;31;2;0;0;3;;0;0;1;0;0;;0;0;0;3;;;0;3;9;0;0;10;0;0;0;0;0;0;;0
581950;Lipovec;929;550;545;38;0;0;61;;0;12;57;5;2;;11;0;0;35;;;0;6;103;4;2;111;0;5;2;0;90;1;;0
581968;Lipůvka;1 050;725;725;129;1;0;59;;0;34;28;10;1;;11;0;0;68;;;0;35;193;1;0;53;0;3;11;1;86;1;;0
553875;Louka;65;41;39;1;0;0;0;;0;4;5;0;0;;0;0;0;9;;;0;0;7;0;0;6;0;0;0;0;7;0;;0
581992;Lubě;87;65;65;11;0;0;1;;0;6;3;1;2;;0;0;0;7;;;0;2;12;0;0;17;0;0;0;0;3;0;;0
531006;Ludíkov;257;179;174;14;0;0;12;;0;2;15;1;0;;4;0;0;7;;;0;5;36;0;0;56;0;3;0;0;19;0;;0
582018;Lysice;1 497;1 022;1 018;120;2;1;100;;1;29;53;16;4;;21;0;3;101;;;0;41;317;2;4;104;0;8;2;2;85;1;;1
582026;Makov;39;29;29;1;0;0;0;;0;0;5;0;0;;1;0;0;7;;;0;0;3;0;0;10;0;0;0;0;2;0;;0
582034;Malá Lhota;122;75;74;4;0;0;4;;0;3;2;1;2;;0;0;0;5;;;1;2;29;1;0;7;0;0;0;0;13;0;;0
582042;Malá Roudka;169;108;107;1;0;0;9;;0;15;12;1;1;;0;0;0;7;;;0;3;32;0;0;15;0;0;0;0;11;0;;0
582069;Míchov;125;95;95;11;0;0;11;;0;1;4;0;0;;3;2;1;6;;;0;1;27;1;0;7;0;3;0;0;17;0;;0
582077;Milonice;142;86;86;10;0;0;13;;0;7;9;0;0;;0;0;0;10;;;0;5;23;0;0;0;0;0;0;1;8;0;;0
582085;Němčice;362;244;240;10;1;0;25;;1;7;66;3;0;;4;0;0;11;;;0;3;59;0;0;29;1;2;0;0;15;2;;1
582107;Nýrov;173;116;114;5;0;0;13;;0;3;9;2;0;;0;0;0;12;;;0;16;22;0;1;23;0;1;0;0;6;1;;0
582115;Obora;259;166;165;11;0;0;12;;0;8;16;3;4;;7;0;0;14;;;0;0;42;0;0;12;0;1;0;0;35;0;;0
582131;Okrouhlá;481;336;336;23;0;0;42;;0;11;18;4;6;;6;0;0;25;;;0;4;90;0;0;64;0;6;1;0;36;0;;0
582158;Olešnice;1 387;883;881;83;0;1;62;;0;22;90;3;8;;17;2;2;71;;;1;29;211;0;0;194;0;2;1;1;79;2;;0
582166;Olomučany;825;571;569;42;0;0;47;;0;27;62;4;5;;14;2;1;30;;;4;12;178;1;2;37;0;2;1;3;92;2;;1
582182;Ostrov u Macochy;900;559;554;56;1;0;64;;0;11;80;9;3;;11;1;3;47;;;0;10;135;1;0;57;0;1;3;1;59;1;;0
582191;Pamětice;196;135;134;3;0;0;7;;0;9;6;0;2;;0;0;0;14;;;0;4;37;0;0;40;0;1;0;0;11;0;;0
582204;Petrov;110;79;79;2;0;0;4;;0;1;4;0;0;;1;0;0;13;;;0;3;30;0;1;12;0;0;0;0;6;1;;1
582212;Petrovice;520;307;305;28;0;0;33;;0;5;26;5;2;;2;0;0;48;;;0;7;92;0;2;25;0;0;2;0;26;2;;0
582221;Prostřední Poříčí;231;146;145;2;0;0;10;;0;1;10;0;0;;2;0;0;6;;;0;5;45;0;0;35;0;1;0;0;28;0;;0
582239;Rájec-Jestřebí;2 927;1 899;1 880;228;2;0;196;;2;40;176;21;34;;32;2;2;161;;;2;31;474;0;7;187;1;10;4;8;259;1;;0
582247;Ráječko;1 042;711;708;67;0;0;74;;1;19;82;9;2;;13;1;0;67;;;3;22;205;1;5;39;0;3;4;1;89;1;;0
513709;Roubanina;112;80;80;5;0;0;13;;0;3;11;1;0;;1;0;0;7;;;0;0;17;2;0;10;0;1;0;0;9;0;;0
582271;Rozseč nad Kunštátem;413;308;306;13;4;0;38;;0;14;8;3;0;;2;1;0;29;;;0;2;77;0;0;94;0;0;3;0;16;2;;0
582280;Rozsíčka;118;90;90;3;0;0;4;;0;6;10;2;3;;0;0;0;5;;;0;2;32;0;0;16;0;0;0;0;7;0;;0
582298;Rudice;733;527;523;36;0;0;61;;0;26;51;5;3;;4;0;1;31;;;0;8;153;0;5;42;3;5;2;2;83;2;;0
582310;Sebranice;496;307;307;31;0;0;35;;0;10;32;3;1;;4;1;0;19;;;0;4;94;0;2;27;0;4;0;1;39;0;;0
582328;Senetářov;448;290;286;12;0;0;20;;0;10;28;0;3;;5;0;0;26;;;2;5;68;0;0;69;0;2;0;0;35;1;;0
582336;Skalice nad Svitavou;493;316;312;14;0;0;29;;1;8;25;12;2;;6;0;1;30;;;0;9;103;1;0;31;0;4;1;0;33;2;;0
582344;Skrchov;88;62;60;4;0;0;6;;0;1;6;2;0;;0;0;0;0;;;0;5;19;0;0;8;0;0;0;0;9;0;;0
582352;Sloup;769;519;513;63;0;0;37;;0;14;51;10;1;;12;0;0;59;;;0;12;122;1;0;81;0;3;0;0;44;3;;0
556963;Spešov;495;311;306;44;1;0;29;;0;8;37;6;2;;9;0;0;30;;;0;4;66;0;3;17;1;2;4;0;43;0;;0
582620;Stvolová;132;89;87;10;0;1;11;;0;2;12;0;3;;2;0;0;5;;;0;0;29;0;0;6;0;0;0;0;6;0;;0
582395;Sudice;362;220;219;11;1;0;21;;0;15;26;3;1;;0;0;1;20;;;0;5;64;0;0;10;0;2;1;0;38;0;;0
582409;Suchý;369;250;250;16;0;1;29;;0;5;23;0;2;;0;0;0;12;;;0;5;116;0;1;15;0;1;0;1;22;1;;0
582417;Sulíkov;225;154;152;9;0;1;5;;0;2;2;1;3;;6;0;0;21;;;0;2;36;0;0;50;0;0;0;0;14;0;;0
586064;Světlá;184;127;126;12;1;0;15;;0;13;9;5;1;;1;0;0;10;;;0;1;38;0;0;9;0;2;0;0;8;1;;0
582433;Svinošice;262;212;211;31;0;0;22;;1;11;9;6;0;;1;0;0;19;;;0;10;34;0;2;33;0;0;5;0;27;0;;0
582441;Svitávka;1 431;809;803;68;2;1;65;;1;27;80;7;3;;15;0;2;58;;;0;18;275;0;2;42;1;6;4;1;124;1;;0
582468;Šebetov;725;386;384;15;0;0;33;;0;24;33;4;8;;7;0;0;20;;;1;5;137;0;1;38;0;1;0;1;56;0;;0
582476;Šebrov-Kateřina;627;455;452;45;0;1;27;;0;12;49;12;9;;18;1;2;38;;;0;17;116;0;1;40;0;5;5;2;51;1;;0
582484;Šošůvka;551;367;366;31;0;0;46;;1;6;26;3;1;;11;0;0;22;;;0;10;88;1;1;78;0;1;0;0;37;2;;1
582492;Štěchov;141;101;98;4;0;0;9;;0;0;3;0;2;;2;0;0;17;;;2;1;26;0;0;24;1;0;1;0;6;0;;0
582506;Tasovice;57;44;44;2;0;0;7;;0;1;4;1;1;;0;0;0;7;;;0;1;8;0;0;7;0;0;0;0;4;1;;0
582531;Uhřice;260;174;172;13;0;0;19;;0;5;18;4;2;;0;0;0;12;;;0;2;55;0;0;22;1;1;0;1;17;0;;0
534692;Újezd u Boskovic;395;240;240;9;0;0;26;;1;8;27;1;1;;2;0;0;9;;;0;5;103;0;0;8;0;2;2;4;31;1;;0
582557;Újezd u Černé Hory;208;128;128;10;0;0;6;;0;7;6;2;1;;0;0;0;13;;;0;5;46;0;0;12;0;1;0;0;18;1;;0
582573;Úsobrno;345;226;226;10;0;0;29;;0;5;28;1;2;;2;0;0;16;;;0;1;90;0;0;18;0;0;0;0;24;0;;0
553883;Ústup;35;28;28;4;0;0;1;;0;0;3;0;0;;0;0;0;0;;;0;1;6;0;0;4;0;3;0;1;2;3;;0
582581;Valchov;361;261;260;7;0;0;36;;0;9;30;3;1;;2;0;0;29;;;0;5;66;0;0;47;0;0;0;0;23;2;;0
582590;Vanovice;443;241;241;16;0;1;29;;0;14;31;1;2;;7;0;0;20;;;0;1;67;0;0;26;0;3;0;0;23;0;;0
582603;Vavřinec;716;473;472;38;0;1;44;;0;15;50;9;5;;5;1;1;35;;;0;8;127;0;0;53;0;2;0;0;76;2;;0
582611;Vážany;175;121;121;12;0;0;7;;0;5;8;0;0;;1;0;0;7;;;0;1;37;0;0;25;0;0;0;1;17;0;;0
530824;Velenov;181;122;120;7;0;0;8;;0;0;10;2;0;;1;1;0;9;;;0;4;40;0;0;23;0;2;0;0;13;0;;0
582646;Velké Opatovice;3 068;1 700;1 691;108;2;1;155;;3;63;265;10;14;;22;3;1;123;;;0;27;503;1;7;151;1;12;5;3;207;4;;0
582654;Vilémovice;265;203;202;19;0;0;22;;0;4;32;2;0;;0;0;1;10;;;0;5;58;0;0;28;0;0;0;0;21;0;;0
582662;Vísky;196;135;135;7;0;0;17;;0;4;11;0;2;;2;0;0;19;;;0;2;35;0;0;29;0;0;0;0;7;0;;0
582671;Voděrady;420;260;258;25;0;0;35;;0;7;31;2;1;;8;0;1;13;;;1;9;79;1;0;22;0;0;0;2;19;2;;0
582689;Vranová;293;205;205;15;0;0;23;;0;9;16;1;0;;3;0;0;22;;;0;6;74;0;1;17;0;0;0;0;18;0;;0
582701;Vysočany;642;419;415;15;1;0;34;;0;8;51;3;7;;2;0;2;32;;;0;10;120;0;2;93;0;0;0;2;33;0;;0
586005;Závist;122;84;82;2;0;0;7;;0;13;7;1;1;;0;0;0;2;;;0;4;31;0;0;5;1;1;0;0;7;0;;0
582727;Zbraslavec;170;133;131;13;0;0;21;;0;5;8;1;1;;7;0;0;11;;;0;4;39;0;0;10;0;2;0;0;9;0;;0
582743;Žďár;330;199;195;11;0;0;32;;2;9;20;2;2;;4;0;0;14;;;0;5;52;0;2;13;1;1;0;0;24;1;;0
582751;Žďárná;613;392;391;20;1;0;37;;0;3;55;6;4;;2;0;0;25;;;0;5;148;0;2;46;0;2;0;1;32;2;;0
582760;Žernovník;181;127;127;8;0;0;15;;0;5;12;0;1;;4;0;1;15;;;0;3;33;0;1;15;0;1;0;0;12;1;;0
582778;Žerůtky;58;42;42;5;0;0;5;;0;3;3;0;0;;1;0;0;1;;;0;1;18;0;0;2;0;0;0;0;2;1;;0
582786;Brno;305 888;186 909;185 636;28 601;127;192;14 396;;109;6 661;10 269;4 467;774;;3 716;131;308;20 718;;;190;12 924;45 592;162;334;14 273;57;1 754;528;201;18 674;398;;80
582794;Babice nad Svitavou;925;660;655;109;1;2;43;;0;53;31;7;3;;10;0;0;93;;;0;39;129;0;3;69;0;2;1;1;58;1;;0
582808;Babice u Rosic;553;353;351;32;0;0;18;;1;27;30;5;1;;6;0;2;37;;;0;13;93;0;1;25;5;4;1;1;49;0;;0
581321;Běleč;160;131;130;13;0;0;25;;0;8;14;0;1;;0;0;0;11;;;1;1;30;0;0;14;0;0;0;0;12;0;;0
582824;Bílovice nad Svitavou;2 676;2 018;2 004;316;0;2;103;;0;257;78;28;6;;44;2;0;205;;;2;147;432;2;6;186;0;16;0;1;170;1;;0
582832;Biskoupky;145;86;85;6;0;0;11;;0;1;17;1;0;;1;0;0;5;;;0;7;22;0;0;4;0;0;0;2;7;1;;0
582841;Blažovice;924;725;724;64;0;0;54;;0;49;44;12;2;;7;3;1;53;;;1;34;133;0;1;193;1;2;0;0;70;0;;0
582859;Blučina;1 749;1 099;1 091;126;2;0;62;;2;42;52;15;11;;20;0;1;108;;;0;23;326;5;1;100;1;8;7;2;174;2;;1
595314;Borač;289;219;218;24;0;0;21;;0;18;15;6;0;;0;0;0;16;;;0;13;52;0;0;21;0;0;0;0;30;2;;0
595331;Borovník;81;61;61;4;0;0;5;;0;4;0;1;0;;2;0;0;4;;;0;2;23;0;0;16;0;0;0;0;0;0;;0
582875;Braníškov;147;96;96;17;0;0;4;;0;11;5;1;0;;2;1;0;4;;;0;2;21;0;0;11;0;0;0;0;17;0;;0
593834;Branišovice;482;302;301;23;0;0;15;;0;4;18;2;0;;5;0;0;19;;;0;69;104;1;1;19;0;0;1;0;20;0;;0
582883;Bratčice;542;367;367;37;0;0;37;;0;17;25;2;0;;4;1;0;20;;;0;17;119;0;2;20;0;4;1;2;59;0;;0
581402;Brumov;195;135;135;7;0;0;12;;0;3;20;1;0;;2;0;0;7;;;0;0;32;0;1;29;0;1;3;0;17;0;;0
581429;Březina;734;537;537;60;0;0;41;;0;118;34;4;0;;7;0;0;45;;;1;31;109;0;0;32;0;4;1;1;49;0;;0
582891;Březina;272;194;193;26;0;0;9;;0;12;16;6;0;;2;0;0;18;;;1;8;69;0;1;6;1;0;1;0;17;0;;0
581437;Bukovice;57;41;40;2;0;0;8;;0;3;5;3;0;;1;0;0;7;;;0;0;8;0;0;3;0;0;0;0;0;0;;0
550272;Cvrčovice;514;331;331;14;0;0;15;;0;18;36;4;3;;6;0;0;28;;;2;8;131;0;1;19;0;0;1;1;44;0;;0
582913;Čebín;1 408;907;900;97;1;0;54;;0;42;68;15;5;;19;2;1;73;;;1;27;215;1;6;102;0;8;6;3;154;0;;0
595446;Černvír;125;93;92;15;0;0;9;;0;6;9;0;0;;0;0;0;5;;;0;6;23;0;0;7;0;0;1;0;11;0;;0
582921;Česká;790;615;612;138;0;0;18;;3;26;24;8;0;;12;0;1;54;;;0;47;169;0;1;64;0;7;4;0;33;3;;0
582930;Čučice;350;223;222;16;0;0;5;;0;7;41;4;0;;5;0;0;12;;;0;3;86;0;0;14;0;0;2;1;25;0;;1
582948;Deblín;841;510;508;39;0;1;46;;0;7;74;5;3;;11;0;1;39;;;0;24;130;0;2;68;1;2;2;0;52;0;;1
582956;Dolní Kounice;1 962;1 182;1 172;136;3;1;92;;0;40;97;16;8;;23;0;1;99;;;1;38;343;2;1;64;1;10;6;1;185;3;;1
595527;Dolní Loučky;1 042;698;691;74;2;1;71;;1;36;66;10;3;;13;3;1;36;;;0;22;207;0;0;75;0;3;0;3;59;4;;1
582964;Domašov;499;342;341;41;1;0;22;;0;6;18;7;1;;3;0;2;37;;;0;15;100;1;1;41;0;3;3;0;36;2;;1
595551;Doubravník;694;470;470;61;0;3;54;;1;11;43;6;3;;7;0;1;34;;;1;8;93;0;0;73;0;5;0;1;62;3;;0
595560;Drahonín;92;72;72;7;1;0;8;;1;5;9;1;0;;0;0;0;10;;;1;0;19;0;0;3;0;0;0;0;7;0;;0
582972;Drásov;1 327;882;878;140;1;0;64;;0;33;52;5;7;;17;0;0;82;;;1;57;241;1;5;54;1;6;1;1;107;2;;0
582999;Hajany;365;260;260;27;0;0;37;;0;4;17;3;6;;7;1;0;9;;;0;16;84;0;2;10;0;5;1;1;30;0;;0
583014;Heroltice;188;121;121;12;0;0;5;;1;7;11;2;1;;5;0;0;9;;;0;2;44;2;2;3;0;1;0;0;13;1;;0
583022;Hlína;225;153;153;13;0;0;27;;0;0;15;3;0;;4;0;0;11;;;0;5;34;0;0;18;0;1;0;0;20;2;;0
581577;Hluboké Dvory;70;46;46;3;0;0;0;;0;10;6;0;0;;0;0;0;5;;;0;0;16;0;0;1;0;0;0;0;5;0;;0
583031;Holasice;859;558;551;56;1;0;46;;1;19;31;10;2;;13;0;2;57;;;0;23;151;1;1;28;1;6;3;0;95;3;;1
595667;Horní Loučky;258;171;169;10;0;0;10;;5;5;17;1;1;;2;2;0;19;;;0;1;42;0;0;35;0;2;0;0;17;0;;0
583057;Hostěnice;563;416;413;64;0;0;27;;0;28;18;7;2;;8;0;0;48;;;1;32;84;0;1;39;0;0;3;1;50;0;;0
583065;Hradčany;518;347;345;49;0;0;23;;0;18;25;5;1;;5;0;0;30;;;0;17;99;0;0;13;0;2;1;0;57;0;;0
583081;Hrušovany u Brna;2 713;1 661;1 659;142;3;4;123;;3;73;122;17;9;;32;2;1;162;;;2;122;483;4;3;121;0;14;18;1;193;4;;1
583090;Hvozdec;254;193;191;22;1;1;18;;0;8;18;1;0;;11;0;0;18;;;0;19;41;0;1;12;0;2;1;0;16;1;;0
583111;Chudčice;724;497;495;58;0;0;28;;0;23;38;5;3;;7;1;0;52;;;0;24;144;0;1;55;0;1;2;2;51;0;;0
584517;Ivaň;595;370;368;34;0;2;34;;0;21;19;5;1;;2;0;0;20;;;7;21;113;0;0;37;0;0;4;0;47;1;;0
583120;Ivančice;7 833;4 673;4 649;432;7;5;318;;3;106;562;43;29;;67;1;7;382;;;6;334;1 425;1;8;272;1;20;10;4;601;5;;0
583154;Javůrek;254;176;175;9;0;0;19;;0;5;18;4;3;;3;1;0;9;;;0;2;71;0;0;12;0;1;0;0;18;0;;0
583171;Jinačovice;543;405;403;69;0;1;21;;1;18;21;5;1;;14;0;1;32;;;1;44;101;2;0;26;0;2;1;0;42;0;;0
583189;Jiříkovice;753;559;555;45;0;0;26;;0;129;21;3;3;;9;0;0;34;;;0;27;105;0;1;102;1;0;2;0;45;2;;0
595837;Kaly;228;139;137;10;0;0;12;;0;5;13;1;0;;1;0;0;9;;;0;2;54;0;0;10;0;0;0;1;19;0;;0
583197;Kanice;679;503;500;76;0;0;20;;0;49;12;12;2;;5;0;1;61;;;3;37;104;0;1;54;1;6;0;0;55;1;;0
587907;Katov;177;136;132;24;0;0;21;;0;8;10;0;3;;1;0;0;10;;;0;1;33;0;0;14;0;0;0;0;6;0;;1
583201;Ketkovice;488;319;317;24;0;0;26;;1;8;56;2;3;;6;0;0;16;;;1;6;95;0;0;28;0;2;2;0;41;0;;0
583219;Kobylnice;831;619;617;92;0;0;23;;1;28;36;5;7;;16;1;1;53;;;0;68;150;0;2;59;0;4;0;0;69;2;;0
583227;Kovalovice;503;350;347;42;0;0;26;;0;33;18;0;3;;8;0;0;22;;;0;11;73;0;1;80;0;0;0;0;30;0;;0
583235;Kratochvilka;381;232;228;11;0;0;27;;0;1;29;0;4;;6;0;1;23;;;0;14;58;0;0;4;0;7;3;2;37;1;;0
595934;Křižínkov;167;113;113;16;0;0;11;;0;0;14;4;0;;1;0;0;12;;;0;1;25;0;1;14;0;2;1;0;10;1;;0
583243;Kupařovice;227;131;130;15;0;0;14;;0;10;22;1;0;;1;0;0;12;;;0;2;36;0;0;3;0;1;0;1;12;0;;0
583251;Kuřim;8 512;5 662;5 627;801;7;8;403;;8;447;397;92;30;;160;2;8;573;;;1;299;1 443;2;10;284;1;46;17;12;562;12;;2
595985;Kuřimská Nová Ves;104;84;84;3;0;0;7;;0;5;11;1;1;;2;1;0;2;;;0;0;23;0;0;23;0;1;0;0;4;0;;0
595993;Kuřimské Jestřabí;122;94;94;5;0;0;9;;1;6;8;0;1;;1;0;0;6;;;1;4;21;0;0;22;0;0;2;0;7;0;;0
583260;Lažánky;590;415;410;50;0;1;19;;0;21;29;8;1;;9;0;0;35;;;0;17;123;0;0;54;0;4;1;0;33;5;;0
583278;Ledce;178;110;107;12;0;0;7;;1;5;13;0;1;;2;0;0;10;;;0;6;32;0;0;6;0;0;0;1;11;0;;0
583286;Lelekovice;1 447;1 056;1 056;197;0;2;69;;0;47;54;19;2;;26;1;16;87;;;2;76;248;1;2;102;0;8;4;2;87;2;;2
583294;Lesní Hluboké;199;156;156;15;0;0;7;;1;11;7;5;2;;6;0;0;19;;;0;4;62;1;0;7;0;1;0;0;8;0;;0
583308;Litostrov;103;50;50;5;0;0;2;;0;0;4;0;0;;1;0;0;0;;;0;4;18;0;0;6;0;0;0;0;10;0;;0
594377;Loděnice;418;248;248;12;0;0;14;;1;6;30;2;1;;1;0;0;21;;;2;5;81;1;0;15;0;1;1;0;52;2;;0
581976;Lomnice;1 135;691;687;73;0;0;62;;1;36;58;12;7;;5;1;1;42;;;1;18;190;1;2;75;0;0;1;3;95;3;;0
583316;Lomnička;406;267;266;27;0;0;18;;0;34;13;3;2;;13;1;2;23;;;0;11;64;0;0;13;0;1;2;0;36;3;;0
596078;Lubné;45;37;36;4;0;0;5;;0;0;2;0;0;;0;0;0;1;;;0;4;7;0;1;10;0;0;0;0;1;1;;0
583324;Lukovany;496;323;322;19;0;0;13;;0;8;37;2;3;;5;0;2;42;;;2;5;77;0;0;55;0;0;3;0;48;0;;1
583332;Malešovice;470;280;280;24;0;0;20;;0;9;27;1;2;;2;0;1;13;;;0;8;110;0;0;13;0;0;1;1;44;4;;0
583341;Malhostovice;777;509;508;54;1;1;34;;0;20;43;11;7;;6;0;0;38;;;1;17;162;1;0;61;0;1;3;0;45;1;;1
583359;Maršov;396;258;255;16;0;0;22;;0;3;31;3;3;;4;0;0;29;;;0;4;88;0;0;12;0;1;0;0;39;0;;0
583367;Medlov;627;413;411;34;1;0;22;;0;21;41;7;5;;5;2;3;26;;;1;10;160;1;1;13;0;3;1;1;51;2;;0
583375;Mělčany;393;266;263;12;0;0;6;;0;12;32;2;6;;5;1;0;14;;;0;15;92;0;0;30;0;4;0;1;30;1;;0
583383;Měnín;1 485;884;875;105;3;0;55;;1;26;68;8;4;;16;1;0;70;;;0;34;281;0;1;75;0;3;3;0;118;2;;1
583391;Modřice;3 660;2 480;2 462;481;4;2;141;;3;109;150;41;12;;46;2;3;205;;;2;112;670;6;5;159;0;15;6;3;272;8;;5
583405;Mokrá-Horákov;2 210;1 499;1 487;165;1;1;162;;1;73;100;17;5;;37;0;5;121;;;1;48;434;1;2;129;0;15;3;4;158;1;;3
583413;Moravany;1 993;1 448;1 443;271;0;2;75;;0;56;57;19;8;;39;2;1;133;;;2;95;394;0;2;114;1;16;2;0;152;2;;0
583421;Moravské Bránice;792;521;520;50;0;0;54;;0;23;23;3;7;;6;0;0;40;;;0;17;195;2;0;35;0;1;1;3;59;1;;0
583430;Moravské Knínice;736;533;532;80;0;0;30;;2;24;25;9;1;;46;0;1;48;;;0;34;123;0;1;59;0;3;0;0;43;2;;1
583448;Moutnice;932;614;608;77;1;0;37;;0;9;26;4;0;;11;0;1;72;;;0;27;123;0;0;152;0;3;3;1;59;2;;0
583456;Nebovidy;566;436;432;64;0;0;23;;1;19;16;5;1;;7;1;0;38;;;1;28;146;0;0;34;0;1;2;0;45;0;;0
596175;Nedvědice;1 114;747;740;92;2;0;81;;0;33;81;8;9;;15;0;0;59;;;0;19;223;1;1;53;0;0;0;3;56;4;;0
583464;Nelepeč-Žernůvka;79;63;61;5;0;0;1;;0;2;5;1;0;;0;0;0;9;;;0;4;7;0;0;25;0;1;0;0;1;0;;0
583472;Němčičky;244;142;142;14;1;0;15;;0;4;18;1;1;;2;0;0;15;;;0;3;45;0;0;5;0;1;0;0;17;0;;0
583481;Neslovice;699;417;416;34;0;0;47;;1;14;38;3;4;;12;0;1;31;;;0;24;135;0;0;23;0;5;0;0;42;0;;2
583499;Nesvačilka;269;174;174;14;0;1;13;;0;4;7;1;3;;1;0;0;13;;;0;7;64;0;0;23;0;3;2;0;18;0;;0
596191;Níhov;172;136;136;12;0;0;14;;0;14;10;2;3;;0;0;0;13;;;0;9;25;0;0;32;0;0;0;0;2;0;;0
584720;Nosislav;1 088;728;724;63;1;1;42;;0;39;28;8;4;;25;0;1;68;;;1;47;236;0;1;67;0;5;2;2;82;1;;0
583502;Nová Ves;628;353;351;20;0;0;37;;0;11;70;2;8;;5;0;0;19;;;0;9;103;0;1;24;0;0;2;1;38;1;;0
583511;Nové Bránice;561;378;377;69;0;0;35;;0;22;30;7;4;;7;0;1;22;;;0;13;110;0;0;27;0;1;3;0;25;1;;0
583529;Odrovice;169;86;86;6;0;0;1;;0;1;15;0;3;;0;0;0;4;;;0;3;41;0;0;1;0;2;0;0;9;0;;0
583537;Ochoz u Brna;1 083;747;742;96;0;0;52;;0;42;45;15;2;;5;0;5;83;;;0;50;162;0;1;81;0;3;3;0;94;3;;0
582123;Ochoz u Tišnova;95;81;81;13;0;0;6;;0;3;10;1;0;;1;0;0;8;;;0;2;15;0;0;8;0;0;0;0;13;1;;0
596302;Olší;248;177;177;17;0;0;15;;0;12;10;0;2;;0;0;0;12;;;0;3;46;0;0;25;0;0;1;0;32;2;;0
583545;Omice;639;465;463;70;0;0;30;;1;12;39;8;1;;3;0;0;37;;;0;19;112;1;6;29;0;12;1;6;74;1;;1
583553;Opatovice;890;532;526;68;0;1;54;;0;14;42;6;6;;3;0;0;44;;;0;17;145;0;2;24;0;0;1;0;97;2;;0
583561;Ořechov;2 072;1 391;1 386;165;0;0;99;;2;56;72;15;16;;12;2;1;129;;;1;34;414;0;1;151;0;4;8;2;193;8;;1
582174;Osiky;110;72;72;1;0;0;12;;0;4;2;1;0;;2;0;0;7;;;1;1;25;0;0;10;0;1;0;0;5;0;;0
583588;Oslavany;3 843;2 107;2 092;122;6;0;158;;1;35;386;19;17;;42;0;3;134;;;4;57;604;1;5;104;1;7;6;4;366;8;;2
583596;Ostopovice;1 318;920;914;170;1;0;38;;1;35;28;10;2;;11;0;2;88;;;0;46;266;2;1;100;1;11;3;1;95;1;;1
583600;Ostrovačice;563;374;374;40;0;0;45;;0;5;18;3;2;;4;0;2;27;;;0;30;100;0;3;34;0;5;0;0;56;0;;0
506699;Otmarov;249;195;195;39;0;0;4;;1;5;4;2;1;;3;0;0;13;;;0;3;67;0;0;33;1;1;0;0;17;1;;0
584762;Pasohlávky;632;398;397;34;0;0;26;;1;6;41;2;6;;12;0;0;20;;;3;10;132;0;1;18;0;1;1;1;82;0;;0
596400;Pernštejnské Jestřabí;146;97;97;10;0;0;9;;0;3;8;0;0;;3;0;0;6;;;0;3;18;0;0;28;0;0;0;2;6;1;;0
583634;Podolí;1 108;815;806;123;3;0;41;;0;34;49;18;5;;24;1;2;70;;;0;47;168;1;0;120;0;7;8;1;83;0;;1
584801;Pohořelice;3 922;2 233;2 217;244;2;0;151;;1;56;218;23;22;;39;3;6;151;;;0;65;809;1;4;97;0;5;3;3;304;8;;2
549738;Ponětovice;305;217;216;21;1;0;17;;0;19;11;3;0;;1;0;0;17;;;1;18;46;1;0;38;0;0;0;1;21;0;;0
583651;Popovice;258;200;200;24;0;0;19;;0;9;9;1;0;;1;0;0;18;;;0;10;59;0;0;20;0;2;4;1;20;1;;2
583669;Popůvky;1 062;747;746;135;1;1;42;;2;24;23;14;6;;14;0;2;83;;;0;51;180;2;0;38;1;1;4;0;122;0;;0
583677;Pozořice;1 743;1 214;1 210;120;0;5;82;;2;51;94;14;5;;19;1;1;109;;;4;53;305;0;3;192;0;6;2;0;140;1;;1
583685;Prace;743;508;506;62;0;0;42;;0;17;21;3;3;;10;0;2;47;;;0;13;118;0;0;92;1;3;0;3;69;0;;0
583693;Pravlov;476;262;257;23;0;0;34;;0;5;31;6;3;;6;0;1;23;;;0;3;62;0;1;10;0;4;0;0;45;0;;0
583707;Prštice;763;513;512;56;0;0;40;;0;21;40;9;1;;6;0;0;44;;;1;14;180;1;0;35;0;5;2;1;54;2;;0
549746;Předklášteří;1 170;738;734;83;2;0;62;;0;42;49;7;4;;14;0;1;71;;;1;35;193;0;3;64;0;3;0;2;97;0;;1
584843;Přibice;836;528;525;47;0;0;30;;0;22;51;8;8;;5;1;0;37;;;4;19;150;0;0;44;0;2;1;0;93;2;;1
583715;Příbram na Moravě;519;340;339;18;0;0;20;;0;11;51;4;2;;8;0;0;12;;;0;14;93;1;0;51;0;2;1;0;50;1;;0
583723;Přibyslavice;402;229;225;26;1;0;43;;1;15;33;1;0;;1;0;0;14;;;0;2;55;1;0;6;0;1;1;1;23;0;;0
583731;Přísnotice;696;471;468;39;3;0;34;;0;11;27;14;6;;9;0;3;41;;;0;12;156;2;0;37;0;4;1;4;64;1;;0
583740;Radostice;604;381;379;34;0;0;37;;1;6;43;9;7;;5;0;0;43;;;1;18;123;0;0;7;0;2;0;2;39;1;;1
583758;Rajhrad;2 831;1 965;1 947;233;2;1;177;;3;66;105;30;18;;37;0;0;219;;;1;83;565;2;2;148;1;27;2;4;219;1;;1
583766;Rajhradice;1 128;675;667;77;0;0;73;;1;15;30;14;7;;12;0;0;60;;;0;31;191;0;4;46;0;5;4;0;94;1;;2
582255;Rašov;191;133;133;14;0;0;23;;0;7;15;0;1;;0;0;0;8;;;0;1;37;0;0;17;0;1;0;0;8;1;;0
583774;Rebešovice;744;524;522;82;0;0;35;;0;17;25;6;5;;16;1;2;42;;;3;25;160;0;0;36;0;5;4;0;58;0;;0
582263;Rohozec;190;141;139;5;0;0;10;;0;4;16;1;1;;1;0;0;19;;;0;14;55;0;0;1;0;1;1;0;10;0;;0
596582;Rojetín;66;37;37;1;0;0;2;;0;1;5;0;0;;0;0;0;1;;;0;0;12;0;0;10;0;0;0;0;4;1;;0
583782;Rosice;4 802;3 004;2 983;348;2;0;233;;1;84;263;60;14;;68;3;3;284;;;3;154;892;1;16;145;2;22;10;5;361;8;;1
583791;Rozdrojovice;772;572;565;96;0;0;31;;3;29;18;4;7;;23;1;1;64;;;1;47;137;1;1;30;0;3;0;1;65;1;;1
583804;Rudka;310;216;213;22;0;0;13;;0;7;33;1;0;;5;0;0;22;;;0;5;40;0;0;38;0;0;0;0;27;0;;0
583821;Řícmanice;620;411;407;69;0;0;32;;0;32;23;8;4;;7;2;0;42;;;1;28;86;0;0;12;0;4;1;0;53;3;;0
583839;Říčany;1 583;1 101;1 096;129;4;5;79;;1;49;83;11;10;;19;2;3;115;;;0;61;301;1;1;100;0;6;1;0;111;3;;1
549789;Říčky;291;209;206;42;0;0;17;;0;8;12;2;1;;4;0;0;15;;;1;10;65;0;1;13;0;0;0;0;15;0;;0
596698;Řikonín;27;25;25;6;0;0;3;;0;2;1;1;1;;0;0;0;2;;;0;0;5;0;1;1;0;0;0;0;1;1;;0
591661;Senorady;329;209;208;31;1;0;17;;0;5;30;2;0;;2;0;0;14;;;0;4;57;0;0;17;0;0;2;2;23;1;;0
583847;Sentice;481;339;336;48;0;1;13;;1;10;27;2;0;;4;0;2;38;;;1;15;92;0;0;26;0;1;1;0;53;1;;0
583855;Silůvky;652;477;473;53;0;1;23;;0;25;30;10;1;;9;0;0;37;;;4;9;166;1;1;45;0;2;1;5;50;0;;0
583863;Sivice;841;621;617;42;0;3;48;;2;19;31;7;2;;2;1;1;43;;;1;23;112;2;2;195;0;3;2;0;74;1;;1
545295;Skalička;132;86;86;20;0;1;4;;0;4;9;0;0;;1;0;1;7;;;0;0;24;0;0;5;0;0;0;0;9;1;;0
549894;Skryje;53;33;33;2;0;0;1;;0;1;8;0;0;;0;1;0;2;;;0;4;8;0;0;2;0;0;0;0;4;0;;0
583880;Sobotovice;442;288;285;40;0;0;17;;1;9;17;3;6;;9;0;0;18;;;0;13;75;1;1;24;0;1;0;0;50;0;;0
583898;Sokolnice;1 768;1 141;1 135;172;0;2;85;;0;38;76;19;10;;27;1;2;84;;;4;70;281;1;3;94;0;5;5;0;149;6;;1
583901;Stanoviště;299;187;187;24;0;0;14;;0;6;17;2;2;;2;0;0;9;;;10;5;42;0;0;33;0;1;1;0;19;0;;0
582379;Strhaře;104;82;81;1;0;0;5;;0;2;7;2;1;;0;0;0;10;;;1;1;27;0;0;18;0;0;0;0;6;0;;0
583910;Střelice;2 312;1 637;1 631;206;3;1;92;;1;46;65;23;11;;27;1;5;180;;;2;75;408;3;3;322;0;13;5;2;135;1;;1
583928;Svatoslav;356;227;225;13;0;0;34;;0;7;29;0;2;;11;1;0;14;;;0;6;70;0;0;13;0;0;0;1;23;1;;0
582450;Synalov;99;69;69;3;0;1;6;;0;0;13;0;1;;1;0;0;0;;;0;0;17;0;0;19;0;0;1;0;7;0;;0
583936;Syrovice;1 219;837;831;140;3;0;74;;1;24;44;13;13;;12;1;0;82;;;0;44;198;0;2;96;0;2;7;2;68;5;;0
583944;Šerkovice;231;136;135;15;0;0;8;;0;9;12;1;0;;4;0;0;16;;;0;7;36;0;0;5;0;0;1;0;21;0;;0
583952;Šlapanice;5 805;4 058;4 033;589;2;1;294;;0;261;179;63;14;;95;5;4;386;;;5;193;993;1;7;499;0;26;11;5;384;14;;2
583961;Štěpánovice;418;300;300;42;0;0;24;;0;14;25;2;4;;5;1;0;31;;;0;5;71;1;2;38;0;0;1;2;31;1;;0
594903;Šumice;211;102;102;0;0;0;7;;0;4;13;3;0;;1;0;0;12;;;0;3;41;0;1;1;0;0;2;0;13;1;;0
583979;Telnice;1 233;875;864;100;1;1;141;;1;31;42;6;2;;8;0;2;70;;;2;30;185;0;3;108;0;2;0;2;123;3;;1
583995;Těšany;965;584;582;67;0;0;48;;0;16;51;4;8;;1;1;0;34;;;0;26;159;0;1;71;0;2;2;1;88;1;;1
583987;Tetčice;893;607;600;92;0;0;47;;0;16;41;12;3;;10;0;1;56;;;0;21;167;2;1;26;0;9;2;1;92;0;;1
584002;Tišnov;7 112;4 432;4 400;506;2;2;393;;2;219;318;109;24;;73;4;5;426;;;2;201;1 185;2;11;394;2;45;9;4;445;13;;4
596892;Tišnovská Nová Ves;71;50;50;5;0;0;5;;0;0;4;1;0;;2;0;0;6;;;0;1;8;0;0;14;0;0;0;0;3;1;;0
584011;Trboušany;300;206;206;23;0;0;8;;0;9;5;6;1;;3;0;1;11;;;0;7;77;0;0;39;0;1;0;0;15;0;;0
594962;Troskotovice;544;303;301;14;1;0;27;;0;6;39;2;7;;5;0;1;14;;;1;6;118;0;1;11;0;1;0;0;45;2;;0
584029;Troubsko;1 766;1 242;1 233;229;4;2;59;;1;41;43;21;4;;17;1;3;117;;;3;52;372;0;3;115;0;10;4;3;123;6;;0
584037;Tvarožná;1 013;771;764;83;1;0;56;;0;38;42;17;8;;26;0;0;74;;;0;19;143;0;0;162;0;3;2;0;89;1;;0
584045;Újezd u Brna;2 591;1 839;1 828;209;0;4;155;;1;58;109;23;14;;40;3;1;144;;;7;70;482;1;7;233;2;8;8;0;242;6;;1
584053;Újezd u Rosic;223;151;151;2;0;2;6;;0;9;27;1;3;;2;0;0;15;;;0;5;51;0;0;20;0;0;0;0;8;0;;0
549908;Újezd u Tišnova;108;70;69;1;0;0;7;;0;4;8;2;0;;0;1;0;3;;;0;2;18;0;0;13;0;0;0;0;10;0;;0
582565;Unín;196;130;130;17;0;0;3;;0;12;16;0;0;;3;0;0;14;;;0;7;33;0;1;3;0;0;0;0;21;0;;0
584061;Unkovice;588;384;384;37;1;0;38;;1;9;34;3;6;;8;0;2;40;;;0;10;105;0;1;36;0;7;5;1;38;2;;0
584070;Úsuší;106;80;80;7;0;0;13;;0;0;9;0;0;;4;0;0;3;;;0;1;20;0;0;10;0;0;0;0;12;0;;1
584096;Velatice;553;430;426;59;1;1;23;;0;16;10;7;1;;10;1;2;32;;;0;15;57;1;0;133;0;4;0;1;52;0;;0
584100;Veverská Bítýška;2 507;1 624;1 612;183;0;3;110;;3;73;110;25;6;;32;1;8;154;;;2;81;442;2;3;146;0;11;4;0;211;1;;1
584118;Veverské Knínice;747;464;462;50;0;1;27;;1;22;56;8;7;;3;0;1;48;;;0;20;133;0;1;18;0;5;1;0;57;2;;1
584126;Viničné Šumice;1 021;765;762;92;0;0;72;;0;47;55;15;4;;4;2;2;64;;;0;55;150;0;0;103;0;4;5;0;87;0;;1
585025;Vlasatice;707;355;351;39;1;0;32;;0;9;33;3;3;;1;1;0;15;;;0;13;136;0;1;19;0;3;1;1;40;0;;0
584134;Vohančice;147;95;94;15;0;0;4;;0;3;2;0;0;;1;0;0;6;;;0;7;36;0;1;4;0;0;0;0;15;0;;0
584142;Vojkovice;922;618;614;129;0;0;46;;0;20;35;8;9;;10;0;2;51;;;0;35;162;0;4;28;0;3;1;0;68;1;;2
584151;Vranov;608;435;432;63;0;2;37;;1;11;24;6;1;;8;0;0;49;;;1;32;89;0;6;48;0;4;1;0;49;0;;0
585033;Vranovice;1 888;1 131;1 120;133;1;2;64;;2;38;76;22;5;;13;2;5;91;;;1;41;381;0;0;86;0;7;2;2;142;4;;0
597104;Vratislávka;79;54;54;5;0;0;4;;0;3;1;3;0;;1;0;0;6;;;0;0;16;0;0;13;0;0;0;0;2;0;;0
584169;Všechovice;194;128;128;16;0;0;5;;2;12;9;1;0;;5;0;0;21;;;0;2;37;0;0;6;0;0;0;0;11;1;;0
584177;Vysoké Popovice;556;390;388;36;1;0;33;;0;6;41;4;4;;11;0;0;20;;;1;12;127;0;1;50;0;3;0;1;37;0;;0
584185;Zakřany;625;368;368;26;1;0;26;;0;5;26;4;5;;5;0;0;32;;;0;9;140;1;0;44;1;2;2;0;38;0;;1
584193;Zálesná Zhoř;50;38;38;0;0;0;5;;0;0;3;0;0;;2;0;0;3;;;0;0;18;0;0;5;0;0;0;0;2;0;;0
584207;Zastávka;2 041;1 205;1 193;123;3;1;105;;0;42;162;21;10;;13;1;1;95;;;3;38;392;0;2;47;0;7;1;0;124;2;;0
584215;Zbraslav;1 018;666;664;81;0;1;46;;1;23;82;6;3;;9;1;3;59;;;1;21;183;1;3;62;0;6;2;0;69;1;;0
584223;Zbýšov;3 075;1 692;1 678;146;3;2;156;;2;34;288;18;14;;23;2;3;103;;;3;51;496;0;4;70;1;9;7;3;232;7;;1
582735;Zhoř;52;42;42;3;0;0;2;;0;4;3;0;1;;0;0;0;7;;;0;0;8;0;0;9;0;0;0;0;5;0;;0
584231;Žabčice;1 293;867;864;125;0;0;65;;0;17;66;12;6;;14;0;2;69;;;1;27;295;0;1;64;0;4;5;0;91;0;;0
584240;Žatčany;662;464;464;25;1;0;19;;0;16;43;3;1;;12;0;1;37;;;0;9;112;0;0;124;0;1;0;0;59;1;;0
597171;Žďárec;294;218;218;5;0;0;10;;0;8;28;4;4;;3;0;0;16;;;0;12;40;0;0;66;0;4;0;1;13;4;;0
584266;Želešice;1 309;901;894;145;0;0;69;;0;24;53;13;4;;12;2;2;88;;;1;48;236;0;3;57;0;10;6;3;115;3;;0
584274;Železné;371;281;279;33;0;1;17;;0;43;18;10;1;;4;1;2;26;;;0;13;74;0;0;15;0;0;0;0;21;0;;0
584282;Židlochovice;2 800;1 818;1 805;238;0;1;112;;2;66;116;34;7;;49;1;5;158;;;0;172;511;5;3;76;1;8;12;1;224;2;;1
584304;Bavory;334;236;236;42;0;0;10;;0;10;22;6;6;;4;0;0;20;;;0;14;66;1;0;15;0;0;0;1;18;0;;1
584321;Boleradice;737;487;483;47;3;1;25;;2;28;31;4;7;;7;1;1;30;;;0;18;145;2;1;72;0;0;3;4;46;2;;3
584339;Borkovany;653;397;396;19;1;0;26;;0;16;34;8;5;;11;2;1;31;;;0;8;128;0;4;46;0;2;1;0;51;2;;0
584347;Bořetice;1 069;725;716;93;0;0;54;;0;28;64;12;4;;9;3;2;85;;;1;21;142;0;2;114;1;1;1;1;78;0;;0
584355;Brod nad Dyjí;444;233;231;12;0;0;8;;0;11;28;0;3;;2;0;1;19;;;0;4;83;0;2;9;1;0;1;0;47;0;;0
584363;Brumovice;780;451;444;60;0;0;44;;0;21;37;5;0;;2;0;0;39;;;0;15;103;0;1;46;0;0;1;0;70;0;;0
584291;Břeclav;20 468;11 568;11 502;1 230;16;13;986;;5;396;1 102;124;84;;206;5;15;972;;;4;377;3 634;63;14;608;7;51;16;13;1 531;24;;6
584371;Březí;1 356;828;820;100;0;1;45;;0;49;97;4;12;;15;0;1;65;;;0;13;285;1;1;45;0;4;2;2;78;0;;0
584380;Bulhary;648;352;352;20;1;0;32;;0;17;63;2;5;;7;0;0;22;;;0;0;129;0;0;8;0;0;1;0;44;1;;0
584401;Diváky;403;277;277;19;0;0;35;;0;2;39;3;6;;3;1;0;14;;;1;5;99;0;1;13;0;4;0;1;31;0;;0
584410;Dobré Pole;349;205;203;12;0;1;13;;0;4;34;2;7;;1;0;0;16;;;0;1;76;2;0;3;0;0;0;3;28;0;;0
584428;Dolní Dunajovice;1 461;877;874;127;0;0;51;;0;28;84;10;11;;6;1;0;79;;;1;49;237;1;0;41;0;2;1;2;137;5;;1
584436;Dolní Věstonice;269;161;159;12;0;1;7;;0;8;12;1;2;;2;0;0;18;;;2;6;52;0;0;5;0;1;0;0;30;0;;0
584444;Drnholec;1 434;723;721;87;0;0;43;;0;30;71;12;13;;17;1;0;46;;;0;21;275;1;2;32;0;2;0;0;68;0;;0
584452;Hlohovec;1 051;575;573;91;1;0;47;;1;19;34;8;2;;6;0;0;46;;;0;7;161;0;2;103;0;0;0;1;44;0;;0
584461;Horní Bojanovice;545;381;381;49;0;0;29;;0;12;54;2;6;;6;0;6;29;;;0;6;115;1;0;24;0;0;2;1;38;1;;0
584479;Horní Věstonice;388;235;235;31;0;1;27;;0;7;23;5;1;;3;1;0;19;;;0;7;70;0;0;4;0;2;1;0;33;0;;0
584487;Hrušky;1 274;775;770;44;3;1;52;;0;32;103;6;7;;13;2;0;46;;;0;16;230;2;1;95;2;9;1;0;101;4;;0
584495;Hustopeče;4 808;3 057;3 030;425;2;1;182;;2;66;204;45;16;;51;2;4;340;;;2;164;996;1;3;180;0;17;4;3;313;4;;3
584525;Jevišovka;496;206;205;11;1;0;30;;0;9;25;1;6;;1;0;0;11;;;0;4;61;1;0;13;0;0;1;0;30;0;;0
550256;Kašnice;183;112;111;12;0;0;4;;0;8;8;3;0;;0;0;0;6;;;0;1;50;0;0;4;0;1;0;0;14;0;;0
584541;Klentnice;462;274;270;20;2;0;34;;0;9;27;3;4;;1;0;0;24;;;0;4;77;0;0;16;0;0;0;0;48;0;;1
584550;Klobouky u Brna;1 939;1 184;1 176;132;2;0;95;;0;44;100;19;7;;14;3;0;106;;;1;33;324;0;5;106;0;6;2;3;172;2;;0
584568;Kobylí;1 703;1 058;1 044;113;0;0;77;;0;35;61;13;5;;15;1;1;114;;;1;30;302;2;2;156;0;5;2;2;107;0;;0
584576;Kostice;1 561;935;924;75;4;0;61;;1;22;155;4;6;;14;0;1;60;;;0;20;302;0;4;57;0;2;0;0;133;3;;0
584584;Krumvíř;984;584;581;66;0;0;35;;1;28;52;11;2;;10;0;0;45;;;0;19;141;0;1;54;0;1;7;0;107;1;;0
584592;Křepice;1 061;666;661;43;0;0;43;;0;21;55;4;13;;21;1;1;42;;;0;21;210;0;1;87;0;1;2;2;91;2;;0
555282;Kurdějov;344;226;226;40;0;0;18;;0;2;25;3;2;;1;0;0;20;;;0;19;54;0;0;6;0;0;1;4;30;1;;0
558443;Ladná;1 016;626;624;44;0;0;32;;1;24;55;4;0;;25;1;4;54;;;0;18;214;1;0;57;0;1;1;1;81;5;;1
584622;Lanžhot;3 068;1 703;1 666;137;2;3;161;;0;54;123;9;22;;28;0;1;113;;;1;40;564;2;4;180;0;10;4;2;200;3;;3
584631;Lednice;2 002;1 293;1 285;159;2;0;100;;0;83;104;13;6;;13;0;5;139;;;1;48;377;3;1;59;0;3;0;0;165;2;;2
584649;Mikulov;6 220;3 541;3 517;617;0;4;243;;1;93;375;46;35;;44;2;3;337;;;1;188;938;1;6;177;0;23;2;4;368;7;;2
584657;Milovice;370;184;184;24;0;0;13;;0;13;17;0;1;;0;0;1;10;;;0;8;65;0;0;7;0;0;0;0;25;0;;0
584665;Moravská Nová Ves;2 125;1 294;1 289;109;1;2;108;;0;69;115;16;12;;27;2;3;89;;;1;43;369;1;5;129;1;2;0;0;182;2;;1
584673;Moravský Žižkov;1 189;737;730;77;1;0;22;;0;109;54;7;3;;22;0;1;51;;;1;13;164;1;2;108;0;0;1;0;91;2;;0
584681;Morkůvky;385;258;256;19;0;0;23;;0;59;20;0;1;;4;0;0;31;;;0;5;60;0;0;10;0;3;0;0;21;0;;0
584703;Němčičky;557;376;373;85;0;0;24;;1;18;32;1;1;;6;0;0;23;;;0;12;72;0;0;49;0;0;2;0;45;0;;2
584711;Nikolčice;611;405;405;25;0;0;39;;0;23;43;3;6;;10;1;0;21;;;0;18;87;1;1;63;0;1;1;1;61;0;;0
584746;Novosedly;940;510;506;49;1;1;50;;0;10;52;4;4;;9;1;3;31;;;0;11;141;3;0;36;0;2;1;0;96;1;;0
584754;Nový Přerov;260;123;121;13;0;0;5;;0;4;15;3;3;;0;0;0;4;;;0;6;29;0;0;4;0;5;0;0;28;0;;2
584771;Pavlov;540;363;362;56;2;1;27;;1;9;42;1;2;;8;0;5;35;;;0;17;83;1;0;11;0;2;0;2;56;1;;0
584789;Perná;664;426;416;88;0;0;23;;0;10;38;9;5;;5;0;0;36;;;1;22;103;1;0;23;0;0;1;0;50;1;;0
584797;Podivín;2 397;1 422;1 412;162;2;2;104;;0;57;118;17;6;;27;0;1;128;;;4;77;430;2;2;100;0;5;1;5;157;5;;0
584819;Popice;749;473;473;39;0;0;24;;1;14;46;5;7;;13;0;1;32;;;0;12;130;1;0;82;0;2;3;1;59;1;;0
584835;Pouzdřany;639;343;341;25;2;0;29;;2;7;26;4;5;;7;0;2;32;;;0;6;120;0;1;18;0;1;1;1;48;4;;0
584851;Přítluky;666;346;343;21;1;0;30;;0;10;45;4;4;;7;0;0;31;;;0;7;131;0;1;11;0;1;1;0;37;1;;0
584860;Rakvice;1 740;1 019;1 008;164;4;0;64;;1;50;86;7;12;;12;1;3;96;;;0;39;272;1;2;50;0;2;7;3;128;3;;1
584878;Sedlec;721;384;374;26;0;1;33;;0;11;57;4;0;;10;0;1;31;;;0;12;122;1;1;9;0;0;0;0;54;1;;0
584894;Starovice;727;477;475;43;1;0;18;;0;18;29;3;4;;4;0;0;26;;;0;7;209;0;2;28;0;2;0;0;78;3;;0
584908;Starovičky;686;411;409;45;0;0;29;;1;14;47;5;4;;9;1;2;23;;;0;5;111;0;1;17;0;3;1;0;90;1;;0
584916;Strachotín;667;409;405;43;0;1;34;;0;13;49;3;7;;1;0;2;20;;;0;8;142;0;1;13;0;4;1;2;57;4;;0
584924;Šakvice;1 186;690;680;48;4;2;33;;1;20;70;4;6;;2;0;1;53;;;0;12;259;1;0;63;0;5;2;0;91;3;;0
584932;Šitbořice;1 648;1 132;1 117;81;2;0;98;;1;47;68;14;8;;21;1;0;61;;;2;28;273;0;2;268;0;4;5;0;129;3;;1
584941;Tvrdonice;1 714;1 059;1 053;83;4;3;70;;0;36;210;11;10;;12;0;2;72;;;0;24;327;1;0;72;0;5;2;1;102;5;;1
584959;Týnec;873;505;505;34;0;0;29;;0;17;105;2;4;;10;0;0;36;;;0;24;139;0;0;52;0;5;1;1;46;0;;0
584967;Uherčice;843;545;543;32;2;1;27;;1;12;38;8;4;;16;0;0;19;;;2;20;162;0;1;136;0;1;3;1;55;0;;2
584975;Valtice;3 074;1 825;1 806;248;0;0;228;;1;68;150;21;10;;29;3;6;148;;;2;49;524;6;5;74;1;17;4;1;207;4;;0
584983;Velké Bílovice;3 160;2 043;2 004;338;2;0;94;;1;237;99;23;15;;35;3;0;171;;;1;65;391;1;6;274;0;4;2;3;235;3;;1
584991;Velké Hostěrádky;388;218;216;12;0;0;24;;0;10;18;5;2;;2;0;1;14;;;0;8;53;0;1;17;0;2;0;0;47;0;;0
585009;Velké Němčice;1 429;972;969;89;0;2;54;;1;32;53;9;5;;17;1;0;99;;;1;46;289;2;3;165;0;13;0;1;86;1;;0
585017;Velké Pavlovice;2 572;1 733;1 723;262;6;1;144;;1;73;157;15;19;;26;0;0;196;;;1;50;417;3;5;135;0;9;3;7;188;5;;0
585041;Vrbice;893;551;547;62;3;0;35;;1;54;31;3;7;;16;0;1;31;;;0;18;165;0;1;54;0;4;2;0;58;1;;0
585050;Zaječí;1 173;622;620;83;0;0;39;;1;31;84;13;7;;18;1;1;36;;;0;15;197;0;1;19;0;2;1;2;68;1;;0
586030;Archlebov;752;416;415;25;0;0;47;;1;12;49;9;2;;3;1;1;39;;;1;10;89;0;0;73;0;3;1;0;46;3;;0
586048;Blatnice pod Svatým Antonínkem;1 733;1 066;1 055;101;1;1;70;;4;50;61;7;9;;42;0;2;74;;;2;40;247;0;2;199;0;7;2;1;133;0;;0
586056;Blatnička;356;239;238;16;0;0;14;;0;10;17;3;0;;1;0;0;23;;;0;4;58;0;5;42;0;0;0;2;43;0;;0
586072;Bukovany;618;380;372;35;0;0;43;;0;5;42;4;5;;3;0;0;52;;;0;9;78;0;1;53;1;0;1;0;39;1;;0
586081;Bzenec;3 501;2 016;2 004;235;4;1;153;;2;72;181;17;15;;23;0;0;135;;;3;45;625;1;6;135;0;19;3;3;323;2;;1
586099;Čejč;1 019;643;630;70;0;0;42;;0;35;61;10;5;;6;0;1;78;;;0;8;180;0;0;52;0;2;5;2;72;1;;0
586102;Čejkovice;2 107;1 258;1 256;164;3;2;80;;0;51;107;15;15;;21;1;0;112;;;6;65;304;0;4;152;0;10;9;4;128;3;;0
586111;Čeložnice;337;217;216;11;0;0;12;;1;13;21;1;5;;5;0;0;16;;;0;3;76;0;0;22;0;1;1;0;25;2;;1
586129;Dambořice;1 079;634;624;19;0;1;65;;2;19;47;5;7;;6;0;1;38;;;1;8;183;0;1;122;0;4;0;4;89;1;;1
586137;Dolní Bojanovice;2 349;1 566;1 530;73;5;0;61;;0;102;54;15;4;;35;1;5;91;;;2;40;269;0;11;583;1;7;6;1;161;3;;0
586145;Domanín;804;488;488;33;0;1;35;;1;17;51;0;3;;4;0;0;33;;;0;15;142;0;0;91;0;1;0;0;59;2;;0
586153;Dražůvky;229;133;131;8;0;1;18;;0;11;8;3;1;;4;0;0;12;;;0;3;31;0;0;9;0;0;0;0;22;0;;0
586161;Dubňany;5 251;2 994;2 966;241;16;4;269;;1;46;413;36;22;;46;7;7;239;;;1;45;897;2;9;197;2;15;8;4;426;10;;3
586021;Hodonín;20 697;11 107;11 022;1 017;105;10;984;;3;255;1 104;141;50;;275;7;30;843;;;9;298;3 458;8;36;645;3;78;18;30;1 587;21;;7
586170;Hovorany;1 798;1 212;1 207;119;1;1;80;;0;35;119;7;14;;13;0;0;130;;;1;36;314;0;0;180;0;7;3;1;144;2;;0
586188;Hroznová Lhota;1 003;625;620;42;2;1;62;;1;17;44;3;5;;4;0;0;37;;;0;10;171;0;1;141;0;6;3;0;68;2;;0
586196;Hrubá Vrbka;495;267;266;4;0;0;17;;0;26;36;3;4;;2;1;0;17;;;0;4;60;0;0;65;0;0;0;0;27;0;;0
586200;Hýsly;325;181;180;22;0;0;15;;0;12;12;1;3;;6;0;1;17;;;0;4;50;0;0;9;0;0;0;0;25;3;;0
586218;Javorník;584;338;337;15;0;0;32;;0;40;54;4;5;;8;1;0;16;;;0;9;92;0;1;18;0;3;0;1;38;0;;0
586226;Ježov;595;345;342;20;0;1;29;;0;7;22;6;3;;13;0;1;24;;;0;9;132;1;1;20;0;0;1;0;48;3;;1
586234;Josefov;349;253;252;24;0;0;12;;0;8;9;6;2;;3;0;0;25;;;0;10;55;0;2;61;0;0;0;0;35;0;;0
586242;Karlín;182;120;119;7;0;0;12;;1;7;17;0;1;;2;0;0;10;;;0;2;22;0;0;13;0;0;0;0;24;0;;1
586251;Kelčany;202;124;123;17;0;0;10;;0;3;14;1;1;;3;0;0;11;;;0;1;37;0;0;5;0;0;1;0;19;0;;0
586269;Kněždub;924;501;497;21;0;0;32;;0;21;22;2;7;;1;0;1;24;;;0;4;209;1;0;91;0;3;0;3;54;1;;0
586277;Kostelec;722;502;499;78;0;0;48;;1;16;34;2;5;;10;0;0;44;;;0;9;139;0;0;49;0;3;1;0;56;3;;1
586285;Kozojídky;404;261;261;12;1;0;20;;0;14;8;3;2;;0;0;0;17;;;0;6;59;0;1;83;0;0;0;0;34;0;;1
586293;Kuželov;348;205;202;8;1;0;10;;0;16;14;0;0;;2;0;0;4;;;0;4;61;0;0;58;0;2;0;0;21;0;;1
586307;Kyjov;9 393;5 874;5 825;753;7;5;495;;5;164;582;73;35;;80;3;4;550;;;2;175;1 687;6;6;547;1;20;8;4;598;11;;4
586315;Labuty;152;80;79;2;0;0;5;;0;8;15;1;0;;0;1;0;8;;;0;1;28;0;0;5;0;0;1;0;4;0;;0
586323;Lipov;1 223;780;776;101;3;1;107;;0;25;52;1;8;;4;0;0;60;;;0;25;182;2;0;123;0;4;0;0;78;0;;0
586331;Louka;815;515;514;19;0;0;55;;0;29;29;5;3;;9;0;0;38;;;0;10;173;3;1;86;1;2;1;0;48;2;;0
586340;Lovčice;655;501;495;28;0;0;225;;0;3;33;5;0;;1;0;1;21;;;0;3;65;0;1;55;0;1;0;0;53;0;;0
586358;Lužice;2 354;1 310;1 304;147;6;0;79;;3;34;102;10;8;;18;1;2;141;;;0;39;413;0;1;108;0;8;1;4;175;3;;1
586366;Malá Vrbka;136;99;98;5;0;0;9;;0;3;15;1;0;;0;0;1;5;;;0;0;34;0;0;14;0;0;0;0;10;1;;0
586374;Mikulčice;1 590;984;979;68;7;0;63;;0;36;79;17;4;;29;1;4;93;;;2;34;307;1;1;68;0;7;1;4;149;4;;0
586382;Milotice;1 593;927;924;94;3;0;53;;1;31;64;12;8;;19;0;1;64;;;0;33;214;0;3;208;2;5;1;0;107;1;;0
586391;Moravany;611;360;354;40;1;1;21;;0;12;26;4;4;;9;0;0;17;;;0;2;105;0;5;58;0;0;2;0;45;2;;0
586404;Moravský Písek;1 708;1 042;1 030;63;4;0;115;;1;38;109;10;12;;3;1;1;82;;;0;18;296;0;2;112;0;3;1;2;155;2;;0
593354;Mouchnice;260;144;144;5;0;0;21;;0;8;24;1;3;;2;0;0;8;;;0;0;29;0;1;7;0;2;0;1;32;0;;0
586412;Mutěnice;3 050;1 895;1 883;233;14;0;122;;1;46;112;14;10;;145;0;1;131;;;0;58;457;2;2;268;0;7;3;3;252;1;;1
586421;Násedlovice;705;445;440;24;1;0;63;;0;17;24;7;2;;1;0;0;27;;;0;9;126;0;0;61;0;1;2;6;65;3;;1
586439;Nechvalín;281;185;182;16;0;0;52;;0;1;12;0;1;;0;0;0;7;;;0;0;47;0;0;20;0;0;0;1;24;1;;0
586447;Nenkovice;381;234;234;25;0;0;20;;0;9;21;1;2;;7;0;1;10;;;0;4;55;0;0;44;0;3;0;0;32;0;;0
586455;Nová Lhota;562;291;289;15;1;0;13;;0;73;23;1;2;;1;1;1;7;;;0;3;71;0;1;36;0;1;2;0;37;0;;0
586463;Nový Poddvorov;159;97;97;8;0;0;11;;0;4;4;1;0;;1;0;0;13;;;0;1;26;0;0;10;0;0;0;0;18;0;;0
586471;Ostrovánky;184;128;126;11;0;0;13;;0;5;25;0;0;;0;0;0;6;;;0;2;23;0;0;28;0;0;1;0;12;0;;0
586480;Petrov;1 123;650;646;59;6;0;50;;0;26;51;5;2;;15;0;0;61;;;0;9;202;0;2;76;0;0;3;0;79;0;;0
586498;Prušánky;1 792;1 098;1 087;94;9;2;97;;0;64;68;11;9;;19;0;1;95;;;0;24;301;0;1;140;0;1;0;5;143;2;;1
586501;Radějov;723;429;425;24;0;3;27;;0;38;42;7;0;;6;0;0;36;;;0;9;128;0;1;49;0;3;0;0;50;2;;0
586510;Ratíškovice;3 330;2 096;2 073;168;5;2;124;;0;44;153;23;14;;31;4;1;144;;;4;48;547;0;4;525;0;8;2;0;211;11;;0
586528;Rohatec;2 913;1 731;1 719;150;18;1;152;;1;42;117;17;15;;44;1;3;129;;;0;52;633;2;2;104;0;4;1;2;223;6;;0
586536;Skalka;137;77;75;9;0;0;5;;0;4;8;0;0;;0;0;0;7;;;0;0;30;0;0;5;0;1;0;0;6;0;;0
586544;Skoronice;436;292;292;22;0;1;23;;0;16;16;5;1;;4;0;0;44;;;0;5;52;0;0;64;0;4;0;0;34;0;;1
586552;Sobůlky;716;447;442;22;1;0;42;;0;15;53;5;5;;4;0;0;25;;;0;9;153;0;7;44;0;1;2;2;51;1;;0
586561;Starý Poddvorov;802;465;463;24;1;1;30;;0;13;44;5;4;;6;0;2;38;;;0;16;149;0;3;59;2;4;3;1;57;1;;0
586579;Stavěšice;303;182;182;20;0;0;12;;0;4;31;1;2;;2;0;0;10;;;0;1;42;0;0;27;0;0;0;0;30;0;;0
586587;Strážnice;4 584;2 976;2 936;330;7;3;221;;2;103;223;34;18;;49;1;8;385;;;1;67;685;3;9;500;2;13;2;6;246;17;;1
586595;Strážovice;473;333;333;42;1;0;39;;0;5;27;3;1;;5;0;0;19;;;0;5;80;0;1;37;0;2;1;0;64;1;;0
586609;Sudoměřice;992;599;594;39;10;1;45;;0;17;57;6;6;;9;0;1;42;;;0;16;151;1;0;105;1;4;1;1;80;1;;0
586617;Suchov;415;190;190;12;0;0;15;;0;12;15;1;1;;1;0;0;9;;;0;1;61;0;0;23;0;0;0;0;34;5;;0
586625;Svatobořice-Mistřín;2 890;1 789;1 776;131;6;1;152;;0;51;201;18;12;;21;1;6;109;;;1;41;475;2;2;278;0;12;3;5;244;4;;0
586633;Syrovín;297;173;171;10;1;0;21;;0;8;24;0;1;;4;0;0;10;;;0;3;53;0;0;19;0;0;1;0;16;0;;0
586641;Šardice;1 811;1 149;1 137;83;0;0;128;;0;13;192;8;15;;18;4;5;61;;;1;17;259;0;2;121;1;5;0;4;198;1;;1
586650;Tasov;456;279;277;11;0;0;13;;0;8;22;2;3;;3;0;0;17;;;0;7;102;1;0;45;0;0;0;0;43;0;;0
586668;Těmice;728;438;435;28;0;0;42;;0;12;26;5;1;;3;1;1;26;;;0;12;165;1;1;49;2;1;1;1;56;1;;0
586676;Terezín;336;216;212;17;0;0;27;;0;12;21;3;2;;0;0;1;22;;;0;4;44;0;0;32;0;2;1;0;24;0;;0
586684;Tvarožná Lhota;744;449;445;21;0;2;26;;1;32;34;4;4;;2;0;0;35;;;0;7;134;0;1;93;0;0;0;0;47;2;;0
586692;Uhřice;587;359;358;27;0;0;71;;0;7;24;5;3;;2;0;0;20;;;2;5;81;0;4;72;0;2;0;1;32;0;;0
586706;Vacenovice;1 785;1 150;1 142;256;4;0;76;;2;17;83;7;1;;12;1;3;59;;;0;14;269;0;0;198;1;3;2;1;131;2;;0
586714;Velká nad Veličkou;2 414;1 385;1 382;107;1;2;117;;1;81;180;21;2;;18;3;1;101;;;3;32;394;0;1;133;0;4;4;1;165;10;;0
586722;Veselí nad Moravou;9 312;5 321;5 276;404;9;3;538;;0;147;442;41;42;;55;6;2;457;;;3;188;1 569;2;17;607;1;20;10;18;677;15;;3
586731;Věteřov;412;276;275;13;0;0;52;;0;5;25;1;3;;3;0;1;23;;;0;10;43;0;2;62;0;3;0;0;29;0;;0
586749;Vlkoš;869;497;493;32;1;1;67;;0;10;40;6;1;;8;0;2;42;;;0;11;142;0;1;52;0;4;2;0;70;0;;1
586757;Vnorovy;2 464;1 492;1 482;100;2;1;103;;0;52;75;11;9;;21;2;2;115;;;0;35;469;3;0;287;1;3;8;4;176;2;;1
586765;Vracov;3 712;2 105;2 098;242;3;0;168;;2;59;205;30;11;;29;2;4;151;;;1;54;657;3;2;145;2;12;0;3;303;6;;4
586773;Vřesovice;506;291;287;16;0;0;35;;1;16;33;6;3;;6;1;0;22;;;0;6;88;1;0;16;0;1;0;0;28;8;;0
586781;Žádovice;631;356;351;20;0;0;22;;0;10;48;4;2;;6;0;2;26;;;0;8;113;0;0;37;0;1;1;1;46;4;;0
586790;Žarošice;872;556;554;52;0;0;83;;0;20;38;6;3;;3;0;1;49;;;0;23;98;0;0;127;0;2;1;0;48;0;;0
586803;Ždánice;2 079;1 258;1 250;146;2;1;171;;1;34;140;16;13;;16;0;0;82;;;2;38;317;0;5;86;0;2;4;0;171;2;;1
586811;Želetice;428;279;277;17;0;0;23;;0;16;25;3;6;;2;2;1;21;;;0;10;57;0;0;59;0;1;2;1;31;0;;0
586820;Žeravice;858;530;524;54;0;0;41;;4;21;53;2;5;;12;0;2;36;;;2;5;181;3;2;47;0;2;1;0;47;4;;0
586838;Žeraviny;167;105;105;1;0;0;18;;0;2;4;1;1;;2;0;0;5;;;0;1;26;0;0;31;0;0;0;0;13;0;;0
592897;Bohaté Málkovice;200;111;111;4;0;0;14;;0;2;9;0;1;;0;0;0;3;;;0;1;48;1;0;16;0;0;0;0;10;2;;0
592901;Bohdalice-Pavlovice;687;426;422;25;0;0;36;;0;19;42;3;0;;6;1;1;21;;;4;6;112;0;1;54;0;3;0;1;87;0;;0
592919;Bošovice;942;551;548;41;2;0;34;;1;24;46;5;15;;12;1;1;42;;;0;8;166;3;2;73;0;4;0;0;68;0;;0
592927;Brankovice;721;440;435;27;1;0;80;;1;10;47;3;11;;11;0;1;18;;;0;8;112;0;2;23;0;3;1;2;72;2;;0
592943;Bučovice;5 235;3 035;3 018;223;1;1;424;;1;55;361;29;26;;51;3;1;216;;;1;86;746;1;23;297;1;21;7;2;429;10;;2
592978;Dětkovice;217;130;130;12;0;0;19;;0;4;11;0;0;;0;0;0;5;;;0;2;35;0;0;23;0;2;0;3;14;0;;0
592986;Dobročkovice;179;106;106;7;0;0;8;;1;2;6;0;0;;0;0;1;8;;;0;3;28;0;0;28;0;0;0;0;14;0;;0
592994;Dražovice;735;461;459;61;1;1;49;;1;8;40;2;4;;5;0;0;30;;;0;8;115;0;0;84;0;1;5;0;42;2;;0
593001;Drnovice;1 929;1 247;1 236;164;1;1;131;;6;28;136;14;4;;25;0;0;68;;;1;34;363;3;1;74;0;8;4;4;161;5;;0
593010;Drysice;451;238;236;16;1;0;15;;0;4;40;0;10;;4;0;0;15;;;1;2;85;0;1;11;0;0;0;1;25;5;;0
593028;Habrovany;673;428;426;40;2;1;46;;0;7;34;8;7;;8;1;2;39;;;2;16;122;1;1;27;0;3;1;2;53;1;;2
550213;Heršpice;620;436;436;39;0;0;68;;0;21;32;5;4;;2;1;0;34;;;0;16;112;0;0;44;0;1;0;0;56;1;;0
593036;Hlubočany;390;245;241;13;4;0;25;;1;10;30;1;4;;5;0;0;12;;;0;4;84;0;0;10;0;0;0;3;34;1;;0
593044;Hodějice;804;489;485;45;1;0;68;;1;11;44;2;1;;8;0;1;46;;;0;16;126;0;1;43;0;2;1;0;68;0;;0
550825;Holubice;881;574;568;72;2;0;52;;2;25;20;1;8;;6;0;1;49;;;1;21;148;0;0;70;0;7;1;0;81;0;;1
593052;Hostěrádky-Rešov;697;490;490;30;0;3;60;;0;23;44;2;5;;9;0;1;46;;;2;15;136;1;0;40;0;0;4;0;65;4;;0
593061;Hoštice-Heroltice;504;328;327;23;0;1;26;;0;9;48;1;0;;5;0;1;21;;;0;4;89;0;2;29;0;1;0;3;62;2;;0
593079;Hrušky;624;377;377;22;0;0;28;;0;12;38;7;3;;4;0;0;36;;;0;12;100;1;1;55;0;1;3;0;54;0;;0
593087;Hvězdlice;475;260;260;14;0;0;46;;0;5;46;2;0;;1;0;0;16;;;0;1;69;0;1;15;0;1;0;0;41;2;;0
593095;Chvalkovice;216;130;130;13;0;0;25;;0;2;30;1;0;;2;0;0;4;;;0;0;22;0;0;19;0;0;1;0;10;1;;0
593117;Ivanovice na Hané;2 365;1 329;1 319;104;1;0;170;;0;19;144;7;9;;8;1;1;99;;;1;33;402;1;8;115;0;8;4;0;168;16;;0
593125;Ježkovice;323;197;197;19;0;0;30;;0;10;20;1;1;;1;0;1;21;;;0;2;40;0;2;15;0;0;0;0;33;1;;0
593141;Kobeřice u Brna;546;360;355;18;2;0;106;;0;6;41;7;2;;12;0;0;20;;;0;9;60;0;0;34;0;2;0;3;31;1;;1
593150;Kojátky;297;143;143;13;0;0;11;;0;2;8;1;7;;0;0;0;14;;;0;5;44;0;3;11;0;0;0;0;24;0;;0
593168;Komořany;584;367;365;24;0;0;43;;0;10;26;1;3;;4;0;1;38;;;0;12;99;1;2;41;0;2;2;1;52;3;;0
550108;Kozlany;290;157;157;6;0;0;23;;0;6;19;1;0;;1;0;1;11;;;1;0;40;0;0;14;0;1;2;0;30;1;;0
593184;Kožušice;96;53;52;2;0;0;9;;0;0;8;0;0;;0;0;0;0;;;0;1;16;0;0;5;0;1;0;0;10;0;;0
593192;Krásensko;344;242;241;15;0;0;34;;1;11;22;3;6;;4;0;0;15;;;0;6;41;0;0;61;0;0;1;1;20;0;;0
593214;Křenovice;1 543;1 032;1 029;133;3;0;106;;0;31;78;16;7;;15;2;6;92;;;1;54;254;0;3;108;0;11;1;1;105;2;;0
593222;Křižanovice;647;409;407;37;0;0;35;;0;20;55;4;3;;7;0;1;29;;;0;10;114;0;0;39;0;0;1;3;49;0;;0
593231;Křižanovice u Vyškova;113;74;74;2;0;0;18;;0;4;7;0;1;;1;1;0;3;;;0;0;8;0;1;3;0;0;1;4;20;0;;0
593249;Kučerov;415;239;235;21;0;0;40;;0;2;27;1;1;;10;2;1;29;;;2;1;52;0;0;8;0;0;0;3;32;3;;0
593257;Letonice;1 156;702;693;34;1;1;92;;0;17;104;9;9;;11;0;2;43;;;2;12;180;1;2;45;0;1;1;1;124;1;;0
593265;Lovčičky;529;350;348;25;0;0;37;;1;12;43;0;6;;3;0;1;23;;;0;16;69;0;2;58;0;0;1;0;50;1;;0
593273;Luleč;738;501;500;45;0;0;60;;0;20;29;10;2;;3;0;0;45;;;1;27;169;2;6;24;0;2;1;1;53;0;;0
593281;Lysovice;224;143;141;3;1;0;14;;0;3;22;2;1;;5;0;0;14;;;0;4;35;0;3;12;0;0;0;0;19;3;;0
593290;Malínky;124;87;86;5;0;0;9;;0;4;23;0;3;;2;1;0;7;;;0;0;12;0;0;11;0;0;0;1;6;0;;2
550141;Medlovice;255;174;172;8;0;0;26;;0;5;15;1;3;;0;0;0;19;;;0;2;48;0;2;3;0;0;1;0;36;2;;1
593320;Milešovice;535;274;271;21;1;0;43;;0;5;21;0;3;;1;3;0;23;;;1;4;67;0;2;24;0;2;1;3;46;0;;0
593338;Milonice;285;183;181;10;0;1;13;;0;8;29;0;2;;1;0;1;9;;;0;1;55;0;0;25;0;1;0;1;24;0;;0
593346;Moravské Málkovice;464;270;269;17;0;0;54;;0;7;47;0;3;;5;1;1;13;;;0;6;49;0;4;22;0;1;1;0;34;3;;1
557048;Mouřínov;375;216;216;13;0;0;17;;0;8;27;1;2;;1;0;1;6;;;0;0;68;0;1;14;0;0;0;1;56;0;;0
593371;Němčany;627;425;425;38;0;2;38;;0;12;36;3;2;;6;0;1;45;;;0;14;103;0;2;80;0;1;3;1;36;2;;0
593389;Nemochovice;228;156;152;10;0;0;28;;0;3;52;0;0;;1;0;0;2;;;0;0;37;0;0;3;0;0;0;0;15;1;;0
593397;Nemojany;546;339;337;32;0;0;21;;0;18;23;3;3;;15;1;0;21;;;0;4;105;0;1;33;0;1;2;0;49;4;;1
593401;Nemotice;351;180;180;20;0;0;48;;2;3;22;2;0;;1;0;0;3;;;0;4;38;0;0;14;0;0;2;1;20;0;;0
593419;Nesovice;903;501;496;48;2;0;47;;0;13;85;1;3;;5;0;0;26;;;0;8;119;0;1;61;0;1;0;0;70;6;;0
593427;Nevojice;346;214;212;13;0;0;17;;0;9;23;3;0;;1;0;0;14;;;0;9;55;0;0;25;0;1;0;0;41;0;;1
593435;Nížkovice;560;382;381;55;2;0;45;;0;10;50;5;2;;8;0;0;41;;;0;2;79;0;2;20;0;2;0;3;55;0;;0
593443;Nové Sady;90;62;62;1;0;0;3;;0;4;15;1;0;;3;0;0;5;;;0;0;14;0;0;3;0;1;0;0;10;2;;0
550132;Olšany;449;289;287;31;0;0;27;;1;10;36;5;4;;3;1;0;30;;;1;6;77;0;0;19;0;0;2;0;31;3;;0
593460;Orlovice;254;167;165;7;0;0;16;;0;5;19;0;1;;1;0;0;9;;;0;3;42;0;0;45;0;0;0;0;17;0;;0
593478;Otnice;1 239;760;757;79;0;3;56;;0;38;94;13;10;;11;2;2;52;;;1;16;173;0;1;60;1;2;1;1;140;0;;1
550795;Podbřežice;194;106;106;6;0;0;8;;0;4;14;0;0;;0;0;0;7;;;0;2;23;0;0;13;0;0;0;6;23;0;;0
593486;Podivice;152;105;105;4;1;0;18;;1;1;15;0;1;;0;0;0;11;;;0;1;31;0;0;6;0;0;0;0;15;0;;0
550175;Podomí;337;212;211;24;0;0;15;;0;2;27;4;1;;5;0;1;17;;;0;4;58;0;0;29;0;3;0;0;21;0;;0
593494;Prusy-Boškůvky;513;313;309;19;0;0;34;;0;34;52;5;2;;4;0;0;20;;;0;5;66;0;0;30;0;2;0;0;35;0;;1
593508;Pustiměř;1 400;902;898;81;1;0;116;;2;16;83;14;13;;11;1;0;70;;;1;17;298;0;4;53;0;3;3;1;107;3;;0
593516;Račice-Pístovice;968;602;598;42;0;1;68;;0;27;71;7;8;;2;1;0;57;;;0;18;179;0;5;22;0;0;1;0;87;2;;0
593524;Radslavice;334;207;206;20;0;0;16;;0;4;28;4;2;;3;0;0;10;;;1;1;75;0;0;12;0;2;2;0;25;1;;0
593532;Rašovice;529;319;316;12;1;0;38;;0;8;40;7;2;;4;0;1;17;;;0;2;68;0;0;49;0;0;3;0;64;0;;0
554898;Rostěnice-Zvonovice;401;226;224;27;0;1;12;;0;12;27;3;0;;0;0;0;21;;;0;3;70;1;1;14;0;0;0;0;32;0;;0
593559;Rousínov;4 357;2 796;2 775;321;9;4;262;;1;66;249;43;22;;51;2;4;209;;;6;90;740;0;9;266;1;9;10;9;386;4;;2
593567;Ruprechtov;489;308;305;25;0;0;43;;0;8;43;1;0;;4;0;0;22;;;0;5;63;0;1;46;0;1;0;4;39;0;;0
553972;Rybníček;225;143;143;14;1;0;14;;0;3;23;0;1;;2;0;0;15;;;0;1;34;0;0;2;0;1;0;0;32;0;;0
593583;Slavkov u Brna;5 209;3 272;3 257;452;9;0;500;;2;96;210;45;18;;81;3;7;299;;;1;109;648;2;13;303;0;17;10;3;422;5;;2
593591;Snovídky;282;175;174;5;0;0;40;;1;4;30;3;1;;3;1;0;10;;;0;3;30;0;1;8;0;1;0;0;33;0;;0
593605;Studnice;421;242;242;10;0;0;27;;0;4;40;3;3;;1;0;0;13;;;0;1;75;0;0;17;0;1;1;3;42;1;;0
593613;Šaratice;815;504;501;42;0;0;43;;1;6;42;13;9;;5;1;1;42;;;0;8;105;0;1;81;0;4;0;0;95;1;;1
593621;Švábenice;791;544;538;22;1;0;72;;0;11;56;4;2;;0;0;1;28;;;0;7;134;0;0;115;0;0;1;0;81;2;;1
593630;Topolany;262;173;173;9;2;0;21;;2;1;23;1;5;;1;0;0;14;;;0;9;39;0;0;20;0;1;1;0;23;1;;0
593648;Tučapy;444;270;266;14;0;1;31;;0;6;33;1;2;;1;1;0;16;;;0;1;90;0;0;13;0;4;1;1;47;3;;0
550191;Uhřice;210;120;119;6;1;0;11;;1;5;12;1;1;;1;0;0;6;;;1;5;32;0;0;19;0;0;0;0;17;0;;0
593656;Vážany;344;187;185;9;0;0;37;;0;11;15;4;2;;0;0;0;15;;;3;7;48;0;0;13;0;0;0;0;21;0;;0
593664;Vážany nad Litavou;563;380;377;33;0;0;41;;0;12;56;3;4;;8;0;1;24;;;0;5;89;0;0;40;0;0;2;0;58;0;;1
593681;Velešovice;967;633;628;44;2;0;71;;2;23;71;6;5;;12;0;2;53;;;0;22;136;1;2;86;0;2;3;6;79;0;;0
592889;Vyškov;17 082;10 097;10 033;923;9;3;1 280;;2;254;1 147;152;80;;204;5;13;993;;;3;257;2 665;11;17;690;1;73;18;13;1 104;108;;8
593699;Zbýšov;496;323;321;43;1;0;22;;0;36;24;2;0;;6;0;1;24;;;2;12;98;0;0;7;0;1;3;1;37;0;;1
593702;Zelená Hora;227;162;162;8;3;0;22;;0;6;17;3;4;;1;0;0;17;;;0;2;54;0;0;9;0;0;0;0;15;1;;0
593729;Bantice;228;153;151;8;0;0;13;;0;4;12;4;4;;4;0;0;9;;;0;1;34;0;0;32;0;0;0;1;23;1;;1
593737;Běhařovice;318;209;208;5;0;0;20;;1;3;16;1;2;;0;0;1;12;;;0;0;101;0;0;28;0;0;0;1;17;0;;0
593745;Bezkov;157;110;110;0;0;0;9;;0;4;12;2;1;;3;0;0;6;;;0;6;25;0;0;26;0;0;0;0;14;2;;0
593753;Bítov;141;109;107;15;0;0;8;;0;7;18;1;3;;0;1;0;7;;;0;3;22;1;0;12;0;0;0;0;9;0;;0
593761;Blanné;68;46;45;1;0;0;1;;0;1;7;0;0;;0;0;0;1;;;0;0;24;0;0;0;0;0;0;0;10;0;;0
593770;Blížkovice;974;624;624;48;0;1;52;;1;24;60;0;4;;3;1;0;52;;;1;11;251;1;2;46;1;3;0;0;61;1;;0
593788;Bohutice;502;315;313;20;0;0;11;;1;7;28;1;2;;5;0;0;16;;;0;19;149;0;1;13;0;0;0;0;39;1;;0
593796;Bojanovice;153;80;79;3;0;0;5;;0;3;4;0;0;;1;0;0;1;;;0;0;42;0;0;5;0;0;0;0;14;1;;0
593800;Borotice;327;160;158;6;0;0;23;;0;6;23;1;5;;1;0;0;4;;;0;1;49;0;1;7;0;0;0;0;30;1;;0
593818;Boskovštejn;131;95;95;4;0;0;8;;0;2;15;1;0;;4;0;0;9;;;0;4;23;0;0;6;0;0;0;0;19;0;;0
593826;Božice;1 214;571;566;42;2;0;42;;3;12;65;5;6;;7;0;0;41;;;0;14;174;0;0;27;0;3;2;1;116;4;;0
593842;Břežany;743;301;300;17;2;0;14;;1;11;19;1;0;;12;1;0;14;;;1;6;131;1;2;17;0;0;1;2;45;2;;0
593851;Citonice;456;303;303;33;0;0;27;;0;6;18;1;3;;6;0;1;24;;;0;13;101;0;0;38;0;0;0;3;27;2;;0
593869;Ctidružice;253;163;163;11;0;0;22;;0;4;18;0;0;;5;0;0;17;;;0;0;49;0;0;26;0;0;0;1;10;0;;0
593877;Čejkovice;181;112;111;16;0;0;11;;0;0;5;0;0;;0;0;0;2;;;0;2;39;1;0;1;0;0;0;0;34;0;;0
593885;Čermákovice;82;61;61;7;0;0;4;;0;2;10;2;2;;0;0;0;5;;;0;1;16;0;0;3;0;2;0;1;6;0;;0
593893;Černín;121;72;72;1;0;0;4;;0;0;11;0;0;;0;0;0;2;;;0;3;38;0;0;6;0;0;1;0;6;0;;0
593907;Damnice;283;155;155;9;0;0;12;;0;1;15;1;0;;2;0;0;18;;;0;0;68;0;1;3;0;0;0;0;24;1;;0
593923;Dobelice;213;150;150;5;0;0;14;;0;7;21;1;4;;1;0;0;12;;;0;4;42;1;0;12;0;1;0;0;24;0;;1
593931;Dobřínsko;318;210;210;14;1;0;11;;0;5;15;2;6;;1;0;0;13;;;1;12;68;0;0;36;0;1;2;0;22;0;;0
546941;Dobšice;1 894;1 186;1 177;117;1;0;114;;0;45;108;7;15;;16;1;0;84;;;2;25;397;2;3;45;0;7;4;2;178;4;;0
593958;Dolenice;120;85;85;5;0;0;2;;0;4;21;1;0;;0;0;0;2;;;0;2;31;0;0;3;0;1;0;0;13;0;;0
593966;Dolní Dubňany;395;278;274;26;0;0;10;;0;10;21;2;0;;1;1;0;11;;;0;21;97;0;0;55;0;1;0;0;17;1;;0
593974;Dyjákovice;655;319;315;17;0;0;36;;0;8;39;1;3;;5;1;1;10;;;0;9;116;2;0;20;0;0;3;0;42;1;;1
593982;Dyjákovičky;407;237;237;9;0;0;13;;0;8;20;1;5;;5;0;0;14;;;0;3;71;0;0;20;0;1;2;0;55;10;;0
593991;Dyje;367;217;214;11;1;0;10;;0;2;40;1;3;;2;2;1;13;;;0;3;77;0;0;6;0;0;0;0;41;1;;0
594008;Džbánice;121;72;72;2;1;0;3;;0;1;7;0;3;;0;0;0;2;;;0;0;29;0;0;10;0;0;0;0;14;0;;0
594016;Grešlové Mýto;163;107;107;5;0;0;8;;0;12;4;1;1;;4;0;0;4;;;0;1;37;0;0;17;0;0;0;0;12;1;;0
594024;Havraníky;276;170;169;11;0;0;21;;0;3;21;1;2;;2;0;1;5;;;0;4;59;0;1;4;0;0;0;2;32;0;;0
594032;Hevlín;1 114;560;557;29;0;0;45;;0;14;70;4;6;;6;0;0;37;;;0;9;237;0;1;26;0;3;0;0;65;4;;1
594041;Hluboké Mašůvky;639;423;417;26;1;0;40;;0;9;33;4;2;;3;0;0;22;;;1;4;178;0;1;22;0;1;2;0;68;0;;0
594059;Hnanice;286;195;195;9;3;0;16;;1;11;18;0;1;;5;1;0;22;;;0;1;45;0;0;22;0;6;0;0;33;1;;0
594067;Hodonice;1 406;774;768;43;1;1;65;;2;29;63;4;9;;15;3;2;54;;;1;17;273;0;1;61;0;5;3;2;109;4;;1
594075;Horní Břečkov;214;107;107;5;0;0;7;;0;1;12;1;0;;1;0;0;11;;;0;6;41;0;0;5;0;1;0;0;16;0;;0
594083;Horní Dubňany;254;164;164;4;0;0;11;;0;0;24;0;0;;0;0;0;4;;;0;0;77;0;2;16;0;0;0;0;26;0;;0
594091;Horní Dunajovice;524;324;321;19;2;1;23;;0;3;48;1;0;;3;1;1;13;;;0;6;129;0;1;42;0;1;0;1;26;0;;0
594105;Horní Kounice;246;177;176;3;0;0;17;;0;6;20;1;2;;0;0;0;13;;;0;2;62;0;0;35;0;0;1;0;13;1;;0
594113;Hostěradice;1 232;685;683;41;1;1;59;;1;9;121;5;8;;4;1;2;26;;;0;10;272;1;0;41;0;3;1;1;75;0;;0
594121;Hostim;375;176;174;13;2;1;15;;0;3;17;3;3;;5;0;0;7;;;0;1;58;0;0;15;0;0;0;0;30;1;;0
594130;Hrabětice;711;354;353;13;0;0;21;;0;6;65;5;3;;5;0;0;17;;;0;2;138;1;0;9;0;4;0;1;63;0;;0
594148;Hrádek;741;400;399;7;1;0;29;;0;9;38;0;1;;1;0;1;12;;;2;12;186;0;0;28;0;3;1;0;66;2;;0
594156;Hrušovany nad Jevišovkou;2 661;1 497;1 491;96;0;0;93;;0;31;182;23;17;;21;0;2;128;;;0;41;540;1;1;79;1;11;2;3;213;3;;3
594164;Chvalatice;92;67;67;3;0;0;9;;0;0;11;1;0;;0;0;0;10;;;1;0;25;0;0;3;0;0;0;0;3;1;;0
594172;Chvalovice;454;275;275;15;0;0;28;;0;7;32;1;3;;5;0;0;15;;;0;2;89;0;1;24;0;0;0;0;53;0;;0
594181;Jamolice;374;224;221;13;0;0;14;;0;4;7;0;1;;3;0;0;13;;;0;5;76;1;2;54;0;1;0;0;27;0;;0
594199;Jaroslavice;1 022;500;493;24;0;1;43;;1;8;57;9;9;;7;0;0;22;;;0;13;188;0;1;18;0;0;2;1;87;2;;0
594202;Jevišovice;956;559;556;28;0;0;37;;0;17;74;1;3;;11;1;2;38;;;0;13;216;1;4;38;0;1;2;3;64;2;;0
594211;Jezeřany-Maršovice;620;364;362;25;0;0;21;;0;11;30;1;2;;1;0;0;26;;;1;14;114;0;0;70;0;10;2;2;29;3;;0
594229;Jiřice u Miroslavi;374;231;231;17;0;0;10;;0;4;41;0;4;;2;1;0;29;;;0;0;64;1;0;5;1;0;2;0;48;1;;1
550841;Jiřice u Moravských Budějovic;45;27;27;4;0;0;2;;0;0;2;0;2;;0;0;1;0;;;0;2;8;0;0;1;0;0;0;0;5;0;;0
594237;Kadov;117;64;64;1;0;0;3;;0;1;6;0;0;;0;0;0;0;;;0;1;31;0;0;7;0;0;0;0;14;0;;0
594253;Korolupy;140;81;80;11;0;0;9;;0;5;7;0;3;;0;0;0;9;;;0;0;21;0;1;5;0;0;0;1;7;1;;0
594261;Kravsko;445;272;269;25;0;1;17;;0;8;30;2;3;;1;0;1;11;;;0;7;114;0;0;10;1;0;0;0;38;0;;0
594270;Krhovice;423;241;239;11;0;0;17;;0;6;49;3;2;;1;0;0;17;;;0;0;86;0;0;12;0;0;1;0;32;2;;0
594288;Křepice;97;75;75;3;0;0;2;;0;1;4;2;0;;0;0;0;7;;;0;4;35;0;0;10;0;0;0;0;7;0;;0
550086;Křídlůvky;196;122;120;4;1;0;2;;0;7;9;1;0;;1;0;0;3;;;0;2;55;0;0;9;0;0;2;0;22;2;;0
594296;Kubšice;117;76;76;0;0;0;9;;0;2;11;0;1;;2;0;0;6;;;0;3;19;0;0;0;0;0;0;0;23;0;;0
594300;Kuchařovice;762;485;480;45;1;0;53;;0;15;22;4;0;;2;0;0;26;;;0;7;165;0;1;59;1;4;0;0;73;2;;0
594318;Kyjovice;124;78;77;4;0;0;3;;0;1;9;1;1;;0;0;0;1;;;0;1;28;1;2;9;0;1;0;0;14;1;;0
594326;Lančov;189;114;114;3;0;0;7;;0;7;14;0;3;;1;0;0;5;;;0;1;39;0;1;5;0;1;0;0;27;0;;0
594334;Lechovice;402;234;232;25;0;0;27;;1;5;27;1;1;;2;0;1;13;;;0;9;57;0;0;10;0;1;0;0;52;0;;0
594342;Lesná;212;132;129;5;0;0;14;;0;11;18;1;0;;1;0;0;2;;;0;4;43;0;0;7;1;0;0;0;22;0;;0
594351;Lesonice;178;127;127;7;0;0;4;;0;2;27;0;6;;0;0;0;5;;;1;4;47;0;0;8;0;0;0;0;16;0;;0
594369;Litobratřice;375;185;184;11;0;0;8;;0;7;31;0;1;;0;0;1;11;;;0;1;61;0;0;10;0;0;1;0;39;2;;0
594385;Lubnice;56;34;34;0;0;0;5;;0;0;10;0;0;;0;0;0;1;;;0;0;12;0;0;2;0;0;0;0;4;0;;0
594393;Lukov;213;139;138;11;0;0;16;;0;3;17;1;2;;0;0;0;8;;;0;13;37;0;0;5;0;0;0;1;23;0;;1
594407;Mackovice;295;178;177;9;1;0;20;;0;3;17;0;1;;1;0;1;13;;;1;3;76;0;0;1;0;0;1;0;29;0;;0
594415;Mašovice;414;257;255;28;1;3;6;;1;16;10;7;0;;1;0;0;32;;;0;4;90;0;0;23;0;1;0;0;31;0;;1
594423;Medlice;147;111;111;5;0;0;8;;1;6;8;0;1;;1;0;1;6;;;0;1;36;0;0;5;0;1;0;2;28;1;;0
594431;Mikulovice;518;302;302;20;0;0;28;;0;13;18;1;0;;4;0;0;18;;;1;5;149;1;1;23;0;3;0;1;16;0;;0
594440;Milíčovice;176;110;109;14;0;0;7;;0;7;17;0;0;;0;0;0;3;;;0;1;54;0;1;0;0;0;0;0;4;1;;0
594458;Miroslav;2 381;1 383;1 378;129;0;0;128;;0;29;146;18;8;;12;1;2;66;;;0;59;567;1;2;50;1;5;2;2;147;2;;1
594466;Miroslavské Knínice;284;164;164;11;0;0;6;;0;2;20;1;1;;2;0;1;7;;;0;16;49;0;1;24;0;0;0;0;23;0;;0
594474;Morašice;190;136;134;2;0;0;8;;0;1;17;0;1;;0;0;0;3;;;0;3;47;0;0;35;0;0;1;0;16;0;;0
594482;Moravský Krumlov;4 826;2 979;2 949;246;1;2;232;;4;41;295;29;24;;51;1;1;200;;;1;254;931;1;3;249;2;10;9;1;349;12;;0
594512;Našiměřice;171;80;80;13;0;0;5;;0;2;13;0;1;;2;0;0;6;;;0;3;23;0;2;0;0;0;0;2;6;2;;0
594521;Němčičky;73;47;44;3;0;0;3;;0;1;2;0;1;;0;0;0;4;;;0;0;18;0;0;7;0;0;1;0;4;0;;0
587729;Nový Šaldorf-Sedlešovice;1 174;751;747;93;0;0;89;;0;30;49;11;8;;7;1;4;55;;;1;21;232;0;0;29;0;0;0;0;111;6;;0
594555;Olbramkostel;411;231;230;12;0;0;19;;0;8;28;1;1;;1;0;0;9;;;0;6;90;0;3;17;0;0;0;0;35;0;;0
594563;Olbramovice;926;500;497;29;0;0;52;;1;12;42;1;6;;9;0;0;30;;;1;18;165;0;2;27;0;2;0;3;95;1;;1
594571;Oleksovice;556;334;333;21;0;0;32;;0;4;44;1;4;;2;0;1;15;;;0;2;128;1;1;12;0;0;2;0;63;0;;0
594580;Onšov;65;42;42;3;0;0;5;;0;0;11;1;0;;0;0;0;3;;;0;0;13;0;0;1;0;0;0;0;5;0;;0
594598;Oslnovice;78;48;48;1;0;0;1;;0;2;6;0;0;;0;0;0;6;;;0;1;22;0;0;4;0;0;0;0;5;0;;0
594601;Pavlice;379;240;240;10;0;0;24;;0;5;23;2;0;;3;1;0;7;;;0;10;78;0;0;60;0;0;3;0;8;5;;1
594610;Petrovice;297;177;177;9;0;0;8;;0;6;18;2;1;;2;0;1;15;;;0;8;61;0;0;28;0;0;0;0;18;0;;0
594628;Plaveč;386;247;243;10;1;1;25;;1;8;35;0;0;;2;0;0;17;;;0;1;85;1;0;30;0;2;0;0;24;0;;0
550051;Plenkovice;296;201;200;8;0;0;9;;0;2;17;0;0;;4;0;0;22;;;0;2;79;0;0;25;0;0;0;1;30;1;;0
594636;Podhradí nad Dyjí;54;43;43;3;0;1;8;;0;0;8;0;0;;2;0;0;3;;;0;1;9;0;0;1;0;0;0;0;7;0;;0
594644;Podmolí;142;102;102;2;0;0;20;;0;3;13;0;0;;0;0;0;2;;;0;4;27;0;0;9;0;0;0;0;21;0;;1
594652;Podmyče;86;43;43;5;0;0;1;;0;0;14;1;1;;3;0;0;3;;;0;0;12;0;0;0;0;0;0;0;3;0;;0
594679;Práče;636;375;370;45;0;0;26;;0;5;29;8;3;;3;0;1;14;;;0;5;111;0;1;59;0;5;1;3;51;0;;0
594687;Pravice;273;125;123;3;1;0;17;;1;3;26;0;1;;0;0;0;8;;;0;5;36;0;0;7;0;1;0;0;12;2;;0
594695;Prokopov;81;47;46;6;0;0;3;;0;2;5;1;1;;0;0;0;2;;;0;0;19;0;0;1;0;0;0;0;6;0;;0
594709;Prosiměřice;688;437;433;23;0;0;37;;0;7;70;1;7;;6;0;0;20;;;0;11;163;0;0;28;2;7;0;0;49;2;;0
550078;Přeskače;88;65;64;3;0;0;1;;0;6;5;1;0;;0;0;0;2;;;0;1;9;0;0;31;0;0;0;0;5;0;;0
594725;Rešice;300;189;189;12;0;0;10;;0;2;18;1;0;;4;1;1;3;;;0;10;73;0;0;32;0;2;0;0;20;0;;0
594733;Rozkoš;158;94;94;6;0;0;3;;0;0;12;3;0;;0;0;0;2;;;0;1;42;0;12;5;0;0;0;0;8;0;;0
594741;Rudlice;80;41;41;4;0;0;3;;0;1;11;0;0;;0;0;0;1;;;0;0;15;0;0;0;0;0;0;0;6;0;;0
594750;Rybníky;347;234;233;16;2;0;9;;0;6;6;1;1;;5;1;1;9;;;0;6;107;0;4;25;0;0;1;2;31;0;;0
594768;Skalice;416;247;247;23;0;0;14;;0;4;28;2;1;;3;0;2;12;;;0;5;65;0;0;60;0;0;0;0;28;0;;0
594776;Slatina;200;118;117;2;0;0;6;;0;2;28;0;0;;0;0;0;2;;;0;0;46;0;0;21;0;0;0;1;9;0;;0
594784;Slup;384;224;223;8;0;0;20;;0;9;29;0;3;;7;1;0;8;;;0;3;96;0;1;8;1;0;0;1;27;1;;0
594792;Stálky;100;40;40;4;0;0;6;;0;3;9;0;0;;1;0;0;0;;;0;0;5;0;0;2;0;0;0;0;7;0;;3
594806;Starý Petřín;185;103;103;2;0;0;1;;0;2;8;0;2;;4;0;0;6;;;0;1;50;0;0;11;0;1;1;0;14;0;;0
594814;Stošíkovice na Louce;216;120;118;2;0;0;4;;1;0;21;1;3;;0;0;0;7;;;0;4;38;0;0;8;0;0;0;0;29;0;;0
594822;Strachotice;829;403;400;11;0;0;24;;0;7;42;2;2;;12;0;0;38;;;0;1;167;0;1;12;0;4;1;0;76;0;;0
594831;Střelice;142;99;99;2;0;0;6;;0;2;8;0;3;;0;0;0;2;;;0;2;46;0;0;5;0;0;0;1;22;0;;0
555231;Suchohrdly;1 034;634;632;54;1;0;70;;1;16;45;4;4;;10;1;0;48;;;0;30;201;0;0;35;0;2;1;0;108;1;;0
594849;Suchohrdly u Miroslavi;393;206;204;27;0;0;19;;0;7;19;0;3;;7;1;0;14;;;0;3;67;0;1;5;0;1;3;0;24;2;;1
594865;Šafov;116;57;56;2;1;0;2;;0;2;10;0;2;;0;0;0;5;;;0;2;17;0;0;2;0;1;1;1;8;0;;0
594873;Šanov;1 186;549;543;41;0;0;39;;0;14;61;5;3;;8;0;0;35;;;0;11;216;0;0;31;1;3;1;4;70;0;;0
594881;Šatov;935;541;538;42;1;0;46;;1;16;58;1;7;;4;1;0;18;;;0;11;177;0;1;15;1;5;0;0;125;8;;0
594890;Štítary;515;281;279;18;0;0;14;;0;3;42;1;4;;4;0;0;11;;;0;2;116;1;0;10;0;0;1;2;50;0;;0
594911;Šumná;496;306;304;17;0;1;40;;0;10;32;3;2;;5;0;0;17;;;0;5;96;1;0;23;0;1;1;1;48;1;;0
594920;Tasovice;1 112;638;637;49;0;0;55;;0;23;61;9;8;;10;1;2;40;;;1;8;216;0;2;56;0;1;1;1;92;1;;0
594938;Tavíkovice;507;261;258;10;1;0;14;;1;6;29;3;1;;6;0;0;13;;;0;3;93;0;0;44;0;1;1;0;30;1;;1
594946;Těšetice;477;293;293;23;0;0;22;;0;9;27;2;3;;6;0;0;16;;;0;10;94;0;2;35;0;0;2;2;40;0;;0
594954;Trnové Pole;97;69;69;11;0;0;6;;0;0;11;1;0;;1;0;0;6;;;0;3;14;0;0;6;0;0;0;2;8;0;;0
594971;Trstěnice;459;256;255;13;0;0;17;;0;7;15;0;2;;7;0;0;12;;;0;13;85;0;0;47;0;1;0;0;36;0;;0
594989;Tulešice;160;105;105;5;0;0;16;;0;4;14;0;0;;3;0;0;7;;;0;7;30;0;0;7;0;1;0;0;11;0;;0
594997;Tvořihráz;325;192;191;7;3;0;29;;0;4;19;0;3;;4;0;0;13;;;0;0;81;0;0;7;0;0;0;0;21;0;;0
595004;Uherčice;322;140;139;9;0;0;17;;0;0;18;0;5;;0;0;0;14;;;0;5;55;0;0;6;0;0;0;0;10;0;;0
595012;Újezd;64;40;39;2;1;0;2;;0;0;9;0;0;;0;0;0;0;;;0;0;14;0;1;7;0;0;0;1;2;0;;0
595021;Únanov;984;636;633;95;0;0;47;;1;14;72;11;5;;13;0;0;36;;;0;10;198;0;1;63;0;4;0;0;61;2;;0
595039;Valtrovice;336;175;175;2;2;0;15;;1;4;23;2;2;;1;1;0;6;;;0;2;65;0;0;16;0;0;0;0;33;0;;0
595047;Vedrovice;702;443;439;21;1;2;27;;0;16;53;1;1;;4;1;0;28;;;0;18;144;0;2;35;0;6;1;0;78;0;;0
545325;Velký Karlov;325;169;169;6;1;0;23;;0;7;27;0;1;;3;0;0;11;;;0;0;50;0;0;6;0;0;1;0;30;3;;0
595055;Vémyslice;578;337;334;16;0;0;38;;0;7;36;3;4;;3;0;0;13;;;0;18;126;0;0;29;3;3;3;1;30;1;;0
595063;Vevčice;63;50;50;2;0;0;3;;0;1;5;0;0;;0;0;0;3;;;0;1;16;0;0;11;0;2;0;1;5;0;;0
595071;Višňové;915;555;555;33;2;0;33;;1;27;60;3;1;;2;0;0;33;;;0;15;207;0;1;77;0;4;1;0;54;1;;0
595080;Vítonice;210;128;128;3;0;0;13;;0;5;10;0;1;;2;0;0;2;;;0;0;49;0;0;22;0;2;0;0;19;0;;0
550019;Vracovice;158;104;104;0;1;0;9;;0;2;20;0;0;;0;1;0;5;;;0;0;51;0;0;3;0;0;0;1;11;0;;0
595098;Vranov nad Dyjí;696;458;454;51;0;0;61;;1;11;84;1;2;;4;1;1;29;;;0;13;122;0;0;31;0;5;1;1;35;0;;0
595101;Vranovská Ves;236;172;172;11;0;0;8;;0;8;17;1;7;;1;0;0;14;;;0;5;58;1;0;12;0;0;1;1;21;6;;0
595110;Vratěnín;243;147;147;7;0;0;23;;0;7;29;0;0;;0;0;0;7;;;1;2;55;0;0;9;0;0;0;0;6;1;;0
595128;Vrbovec;874;459;455;32;1;0;31;;0;18;54;8;3;;7;1;3;23;;;0;10;147;1;3;44;0;0;0;1;64;4;;0
595136;Výrovice;138;93;93;11;0;0;11;;0;2;7;2;0;;1;0;0;1;;;0;3;41;0;0;3;0;0;0;1;9;1;;0
595144;Vysočany;79;63;63;2;0;0;5;;0;5;11;0;0;;0;0;2;7;;;0;1;13;0;1;3;0;3;0;0;10;0;;0
595152;Zálesí;148;85;85;4;0;0;14;;0;2;14;1;0;;0;0;0;2;;;0;0;30;0;1;4;0;0;0;0;13;0;;0
595161;Zblovice;38;31;31;9;0;0;2;;0;2;4;0;0;;0;0;0;2;;;0;0;6;0;0;3;0;0;0;0;3;0;;0
593711;Znojmo;27 255;16 292;16 179;1 644;21;7;1 725;;8;506;1 431;175;115;;257;18;38;1 255;;;6;507;5 023;16;23;896;3;68;11;16;2 316;88;;6
595179;Želetice;229;137;137;12;0;0;12;;1;5;16;0;1;;2;0;0;8;;;2;0;64;0;0;4;0;0;0;0;8;1;;1
595187;Žerotice;254;174;173;9;0;0;5;;0;4;13;3;1;;4;0;0;5;;;0;3;65;0;0;31;0;0;0;0;29;1;;0
595195;Žerůtky;208;136;136;12;0;0;4;;0;5;18;1;1;;5;1;0;7;;;0;3;60;0;0;10;0;0;0;0;9;0;;0
523917;Bělá pod Pradědem;1 546;945;938;77;1;0;47;;2;53;70;8;12;;10;0;1;79;;;1;33;331;0;3;42;0;7;0;1;158;2;;
524891;Bernartice;703;344;343;24;0;0;25;;1;6;38;1;1;;1;0;0;15;;;0;5;149;2;1;13;1;0;1;1;58;0;;
525227;Bílá Voda;242;140;138;17;1;0;7;;1;5;14;6;2;;0;0;0;13;;;0;9;18;1;0;16;0;0;1;1;25;1;;
533491;Černá Voda;495;269;269;14;0;0;14;;1;16;30;2;1;;4;0;0;27;;;0;13;89;2;1;15;0;0;0;0;40;0;;
569356;Česká Ves;1 964;1 139;1 126;62;0;0;70;;4;139;92;9;8;;10;0;0;64;;;4;61;355;0;0;52;0;2;0;1;193;0;;
553301;Hradec-Nová Ves;312;162;161;15;0;0;12;;0;13;14;3;1;;2;0;0;12;;;0;0;46;3;0;10;0;1;0;0;29;0;;
536148;Javorník;2 269;1 229;1 212;99;3;1;111;;0;23;137;14;11;;12;0;0;100;;;2;19;419;1;4;48;0;7;2;1;194;4;;
536385;Jeseník;9 650;5 568;5 528;446;4;6;392;;2;371;456;46;32;;49;11;8;457;;;1;355;1 745;6;15;230;2;32;15;6;826;15;;
557218;Kobylá nad Vidnavkou;341;169;167;6;0;2;5;;0;9;25;2;2;;0;0;0;6;;;0;4;56;0;1;22;0;0;0;0;27;0;;
540030;Lipová-lázně;1 903;1 106;1 086;102;1;0;70;;0;40;109;15;4;;20;3;0;101;;;0;37;329;1;0;45;0;3;1;1;201;3;;
540382;Mikulovice;2 110;1 141;1 117;54;2;0;78;;2;99;160;7;6;;10;2;0;55;;;0;18;369;0;4;62;0;6;1;5;173;4;;
569330;Ostružná;198;151;146;32;0;0;6;;0;17;13;0;0;;2;0;0;20;;;1;12;25;0;0;4;0;3;1;0;10;0;;
540684;Písečná;818;457;457;33;1;1;35;;1;33;54;1;3;;3;0;0;21;;;0;17;112;0;2;10;0;6;0;2;122;0;;
553484;Skorošice;626;357;349;16;0;0;29;;0;19;54;1;1;;3;0;0;17;;;0;6;145;1;0;15;0;1;0;0;40;1;;
541036;Stará Červená Voda;496;241;239;7;0;0;17;;0;19;20;2;0;;1;0;0;15;;;1;15;108;0;0;2;0;0;0;1;31;0;;
541117;Supíkovice;551;300;298;6;1;1;19;;0;18;37;5;0;;0;0;3;15;;;0;5;113;0;0;16;2;2;1;0;54;0;;
541214;Uhelná;406;221;217;11;0;0;19;;0;11;17;2;0;;1;0;0;14;;;0;4;83;0;0;24;0;0;1;3;27;0;;
541249;Vápenná;1 047;558;555;16;2;0;42;;0;28;60;3;4;;8;3;0;30;;;2;21;227;0;0;24;0;0;0;1;83;1;;
553468;Velká Kraš;612;300;296;8;0;0;28;;1;25;29;3;0;;3;1;0;13;;;0;7;125;0;1;2;1;0;1;4;44;0;;
569453;Velké Kunětice;461;263;261;2;0;0;15;;0;13;43;0;3;;0;0;1;10;;;1;3;101;0;1;7;0;0;0;1;60;0;;
541303;Vidnava;1 051;543;535;37;0;1;63;;2;22;37;6;2;;3;0;1;31;;;0;14;195;0;2;21;1;2;1;1;93;0;;
541346;Vlčice;348;196;196;7;0;0;16;;0;4;21;3;1;;2;0;0;23;;;0;7;62;0;0;15;0;4;0;0;28;3;;
597996;Zlaté Hory;3 328;1 698;1 689;116;2;0;184;;1;89;156;15;12;;37;3;1;123;;;2;47;541;0;10;71;1;12;3;5;255;3;;
541575;Žulová;1 032;590;588;30;0;1;49;;1;27;95;8;5;;2;1;0;32;;;1;10;206;2;1;19;0;2;3;4;88;1;;
552356;Babice;370;256;254;13;0;0;10;;0;18;25;1;5;;2;1;0;17;;;0;5;79;0;0;9;0;0;2;0;66;1;;
500526;Bělkovice-Lašťany;1 801;1 079;1 069;97;0;0;83;;1;44;81;18;6;;15;1;1;104;;;0;32;333;1;2;75;0;6;8;1;153;7;;
500623;Bílá Lhota;931;568;565;31;0;0;42;;0;20;73;4;6;;6;0;5;53;;;2;12;164;0;0;62;0;0;3;1;81;0;;
552062;Bílsko;172;119;119;8;0;1;11;;0;7;3;1;1;;0;1;0;12;;;0;1;27;0;0;25;0;0;1;0;20;0;;
500801;Blatec;497;320;319;21;0;0;28;;0;19;26;7;1;;3;0;0;25;;;0;7;110;0;1;26;0;1;0;0;43;1;;
500852;Bohuňovice;2 030;1 352;1 340;135;4;2;59;;6;49;98;24;15;;28;8;1;139;;;0;43;445;3;4;103;2;7;5;3;152;5;;
500861;Bouzov;1 261;778;771;53;3;1;65;;2;18;100;14;6;;4;0;1;78;;;0;27;213;0;1;85;0;8;2;2;88;0;;
552402;Bukovany;528;369;369;44;1;0;19;;1;17;21;10;0;;3;0;0;47;;;0;13;93;0;0;56;0;0;5;0;35;4;;
500879;Bystročice;620;384;384;63;0;0;40;;0;15;31;3;0;;1;2;0;32;;;0;7;130;1;0;19;0;2;1;4;32;1;;
547026;Bystrovany;804;555;553;71;0;0;33;;2;25;25;4;1;;11;3;0;62;;;0;30;164;2;1;52;0;2;1;1;62;1;;
552186;Červenka;1 119;720;716;46;1;0;63;;0;28;66;8;3;;8;1;0;61;;;0;14;214;2;2;83;1;3;7;0;100;5;;
552445;Daskabát;486;323;320;18;1;0;16;;0;11;26;5;5;;10;0;0;32;;;0;3;139;1;0;25;0;1;1;0;26;0;;
501476;Dlouhá Loučka;1 562;854;850;62;0;0;57;;3;63;77;12;9;;17;1;0;76;;;3;26;277;0;0;24;2;3;3;0;132;3;;
501646;Dolany;2 107;1 418;1 408;160;1;1;84;;1;87;75;18;4;;20;1;3;169;;;1;55;426;2;1;135;0;15;2;1;141;5;;
568392;Doloplazy;1 063;655;640;71;0;0;39;;2;24;42;8;5;;12;3;4;44;;;0;14;167;0;2;104;0;5;5;3;86;0;;
545279;Domašov nad Bystřicí;402;208;206;9;0;0;19;;0;6;29;1;2;;1;2;0;12;;;0;1;73;0;0;4;0;1;0;0;46;0;;
552313;Domašov u Šternberka;258;139;139;21;0;0;8;;0;2;12;0;0;;0;0;0;12;;;0;6;54;0;0;8;0;0;0;0;16;0;;
501751;Drahanovice;1 403;838;832;39;1;1;62;;3;47;85;9;4;;11;2;2;60;;;0;19;256;0;0;73;0;4;4;1;144;5;;
501794;Dub nad Moravou;1 277;779;774;37;4;0;71;;1;27;61;6;4;;13;1;2;89;;;2;14;242;0;1;95;0;4;0;4;93;3;;
552071;Dubčany;189;108;108;3;0;0;16;;0;10;9;0;1;;0;0;0;6;;;0;1;21;0;0;33;0;1;0;0;7;0;;
501841;Grygov;1 181;790;788;65;0;0;68;;4;30;74;15;4;;25;3;3;76;;;0;12;250;0;2;48;0;8;6;2;89;4;;
552178;Haňovice;377;262;261;19;0;2;26;;0;2;19;0;0;;4;0;0;11;;;0;7;75;0;3;45;0;3;1;1;42;1;;
552330;Hlásnice;159;91;91;7;0;0;4;;0;1;5;1;0;;4;0;0;8;;;0;9;25;0;0;15;0;0;0;0;12;0;;
502146;Hlubočky;3 544;1 929;1 920;139;1;1;171;;0;39;231;26;22;;33;2;2;166;;;0;32;671;0;7;104;1;13;3;4;244;8;;
552020;Hlušovice;638;440;439;62;1;2;43;;0;19;14;10;3;;4;0;0;38;;;1;26;137;0;1;26;0;6;1;0;44;1;;
502235;Hněvotín;1 350;869;862;109;2;2;68;;1;36;55;9;3;;7;0;1;77;;;1;36;271;1;1;49;0;6;2;0;123;2;;
502405;Hnojice;488;303;303;25;1;0;14;;0;7;18;7;4;;6;1;1;12;;;2;12;98;2;1;36;0;2;1;1;49;3;;
502545;Horka nad Moravou;1 919;1 277;1 271;129;1;3;62;;2;91;100;9;8;;11;3;2;106;;;0;51;414;0;1;71;2;3;7;4;189;2;;
569798;Horní Loděnice;267;123;123;6;0;0;6;;0;7;26;2;0;;3;2;1;9;;;0;3;32;0;1;11;0;0;0;0;13;1;;
546976;Hraničné Petrovice;117;73;73;9;0;0;2;;0;5;16;0;3;;2;0;0;4;;;0;2;18;0;0;6;0;1;0;1;3;1;;
597414;Huzová;479;222;221;9;0;1;16;;0;8;28;0;1;;2;0;0;20;;;0;5;60;0;0;10;0;1;1;0;58;1;;
568872;Charváty;675;428;425;21;3;1;19;;0;12;28;1;2;;7;2;1;30;;;0;13;138;2;4;85;0;0;1;0;54;1;;
502839;Cholina;580;371;366;19;0;1;23;;0;11;43;2;5;;6;0;0;26;;;1;14;104;1;1;60;0;0;1;2;43;3;;
503142;Jívová;476;278;275;16;0;0;11;;0;9;40;3;4;;3;1;0;31;;;0;3;108;0;1;10;0;2;5;1;26;1;;
547123;Komárov;161;112;112;16;0;0;5;;0;2;14;0;0;;1;0;1;7;;;0;2;33;0;2;10;0;1;0;0;18;0;;
500135;Kozlov;216;102;102;1;1;0;19;;0;3;13;1;1;;1;0;1;12;;;1;2;31;0;2;1;0;0;0;0;12;0;;
503304;Kožušany-Tážaly;682;457;453;38;0;0;38;;0;21;34;11;4;;2;1;1;36;;;1;10;153;0;1;66;0;1;0;3;31;1;;
552437;Krčmaň;375;252;247;16;0;0;17;;2;5;32;1;5;;0;1;0;22;;;0;7;78;0;1;26;0;1;1;2;29;1;;
554901;Křelov-Břuchotín;1 373;903;897;99;2;0;62;;1;32;55;9;8;;14;2;0;87;;;0;59;281;0;1;61;0;5;3;0;114;2;;
569003;Liboš;506;317;316;22;0;0;20;;0;16;17;1;3;;2;1;0;37;;;0;12;111;0;1;23;0;0;0;1;48;1;;
552305;Lipina;144;80;80;13;0;0;3;;0;2;7;1;1;;1;0;0;8;;;0;0;22;0;0;7;0;0;0;0;15;0;;
540005;Lipinka;159;90;90;2;0;0;3;;0;13;9;0;0;;1;0;0;6;;;0;5;33;0;0;7;0;0;0;0;11;0;;
503444;Litovel;8 037;4 663;4 629;359;7;0;401;;4;215;451;53;23;;45;4;3;415;;;3;106;1 471;2;4;385;2;22;32;6;594;22;;
552232;Loučany;542;362;359;31;1;0;43;;0;17;25;1;0;;8;0;1;32;;;1;10;99;1;1;42;0;4;0;2;39;1;;
552038;Loučka;190;105;105;8;0;0;9;;0;7;7;5;5;;0;0;0;14;;;0;2;15;0;0;11;0;1;1;0;20;0;;
552216;Luběnice;385;243;240;22;0;0;27;;0;12;8;4;0;;3;0;1;42;;;1;2;61;0;2;17;1;2;1;0;34;0;;
503622;Luká;681;422;421;37;1;0;46;;0;13;60;1;5;;19;0;0;32;;;0;6;110;1;0;46;0;3;1;1;36;3;;
503657;Lutín;2 565;1 472;1 464;84;2;0;122;;1;59;146;28;15;;11;4;3;129;;;0;23;507;0;2;76;0;1;4;3;236;8;;
569844;Lužice;311;182;180;13;0;2;5;;0;19;13;3;2;;2;0;0;22;;;0;6;50;0;0;6;0;0;0;1;36;0;;
503738;Majetín;941;596;593;53;0;0;28;;1;42;53;2;0;;10;1;0;81;;;0;9;196;0;0;46;0;4;1;1;61;4;;
552372;Medlov;1 271;696;690;41;6;0;50;;2;18;85;7;2;;12;3;1;49;;;0;20;239;0;1;71;0;1;3;3;75;1;;
568911;Měrotín;216;131;130;1;0;0;12;;0;8;14;1;0;;2;1;0;8;;;0;2;27;0;0;47;0;0;0;0;7;0;;
500160;Město Libavá;537;258;254;4;2;0;16;;1;5;42;1;2;;4;2;0;11;;;0;3;90;0;0;17;0;1;1;0;51;1;;
504246;Mladeč;628;313;311;32;0;0;18;;0;11;42;0;2;;1;1;0;26;;;0;4;98;0;0;34;0;2;6;2;32;0;;
552348;Mladějovice;557;327;327;30;1;0;15;;1;13;38;3;3;;2;0;0;33;;;0;2;114;0;1;12;0;0;0;1;57;1;;
597678;Moravský Beroun;2 448;1 208;1 202;76;1;0;80;;1;21;204;7;8;;6;3;3;77;;;0;16;475;3;1;32;0;4;1;1;179;3;;
554944;Mrsklesy;557;345;342;24;1;1;28;;0;11;30;3;3;;8;2;0;27;;;0;16;120;0;0;21;0;1;1;0;41;4;;
547093;Mutkov;41;22;21;0;0;0;3;;1;0;1;2;0;;0;0;0;1;;;0;1;8;0;0;0;0;0;0;0;4;0;;
504441;Náklo;1 177;746;743;29;0;1;62;;2;120;76;4;6;;7;0;0;52;;;0;11;220;0;2;62;0;4;1;0;84;0;;
504505;Náměšť na Hané;1 651;1 014;1 006;93;0;5;78;;1;59;79;6;9;;9;0;1;96;;;0;34;317;0;4;85;0;8;4;3;111;4;;
597686;Norberčany;232;120;120;5;1;0;14;;0;2;23;2;0;;0;0;0;6;;;0;1;49;0;2;2;0;0;0;0;13;0;;
552381;Nová Hradečná;647;389;386;32;0;0;17;;0;93;28;0;1;;4;0;0;25;;;0;12;109;0;1;23;0;0;3;0;37;1;;
552259;Olbramice;183;112;108;6;0;1;3;;0;0;20;0;1;;1;1;1;6;;;0;3;35;0;1;12;0;0;0;0;17;0;;
500496;Olomouc;80 719;48 850;48 525;5 718;62;34;3 740;;35;1 791;2 949;976;251;;832;68;99;5 425;;;21;2 894;13 676;41;41;3 663;11;416;158;73;5 333;218;;
504785;Paseka;1 077;598;594;48;0;2;40;;0;28;51;7;9;;12;2;0;44;;;0;19;195;0;2;51;1;1;1;4;75;2;;
552160;Pňovice;752;470;468;34;1;0;23;;0;26;47;4;6;;13;6;0;33;;;1;14;137;0;0;40;0;2;0;0;81;0;;
552411;Přáslavice;1 174;648;640;57;2;1;44;;1;23;64;4;3;;2;0;1;49;;;0;20;230;1;1;68;0;2;3;3;60;1;;
505013;Příkazy;1 040;657;652;60;2;0;60;;1;35;61;7;8;;8;0;0;51;;;0;16;215;2;0;35;0;2;3;4;82;0;;
554103;Řídeč;165;113;113;5;0;0;4;;0;2;12;3;1;;0;0;0;12;;;0;2;46;0;0;2;0;1;0;0;21;2;;
547077;Samotišky;1 032;751;739;96;1;2;25;;0;43;45;11;5;;9;0;2;88;;;0;46;203;1;0;77;0;8;3;1;69;4;;
505081;Senice na Hané;1 504;942;939;69;2;0;91;;0;89;118;9;3;;9;0;0;63;;;0;21;234;1;1;102;0;3;6;6;107;5;;
552267;Senička;285;209;205;24;0;0;17;;0;4;24;0;0;;1;0;1;17;;;0;3;55;0;0;26;0;0;0;0;32;1;;
552151;Skrbeň;932;573;569;47;0;1;37;;2;32;51;9;5;;3;0;0;55;;;1;32;143;0;4;49;0;1;2;0;93;2;;
505111;Slatinice;1 382;894;841;57;1;2;71;;0;28;79;19;5;;14;3;1;43;;;1;28;294;1;0;70;0;3;3;1;110;7;;
552194;Slavětín;158;87;87;4;0;0;6;;0;2;7;0;2;;0;0;1;10;;;0;1;25;0;1;17;0;0;3;0;8;0;;
569054;Strukov;127;72;71;5;0;0;5;;0;0;8;1;1;;0;4;0;7;;;1;0;11;0;0;18;0;1;0;0;9;0;;
547018;Střeň;480;313;313;23;0;0;43;;0;12;39;4;3;;3;0;0;27;;;0;3;77;0;1;34;0;1;0;0;43;0;;
569771;Suchonice;145;99;99;5;0;0;6;;0;5;15;1;1;;0;0;0;4;;;0;7;21;0;0;20;0;2;1;0;11;0;;
552429;Svésedlice;162;100;99;3;0;0;9;;0;1;10;0;1;;0;0;0;10;;;0;2;22;0;0;15;0;0;0;0;26;0;;
552011;Štarnov;583;390;386;23;0;1;33;;1;16;26;1;1;;10;1;0;32;;;0;9;131;0;0;38;0;5;1;0;54;3;;
505161;Štěpánov;2 839;1 707;1 691;116;9;3;125;;0;54;152;20;12;;15;3;11;160;;;3;44;546;0;8;129;0;18;4;6;247;6;;
505188;Šternberk;10 931;6 391;6 340;698;3;7;481;;6;176;425;60;32;;79;5;5;586;;;6;202;2 013;8;8;372;3;38;16;12;1 090;9;;
505218;Šumvald;1 380;723;717;67;0;1;51;;2;38;65;5;7;;11;0;1;36;;;0;18;250;0;0;39;0;1;1;1;123;0;;
505269;Těšetice;1 021;634;628;72;0;0;31;;2;35;29;5;2;;14;0;0;52;;;0;19;181;0;2;86;0;1;3;0;91;3;;
552089;Tovéř;483;339;334;40;2;0;11;;0;18;18;7;0;;2;0;0;42;;;1;23;109;0;0;25;0;6;0;0;26;4;;
505293;Troubelice;1 515;937;933;64;1;1;73;;1;59;88;5;7;;7;4;0;79;;;1;35;265;2;1;91;3;2;2;4;133;5;;
505366;Tršice;1 325;811;808;62;0;0;61;;1;26;77;4;8;;16;0;1;80;;;0;22;291;0;0;56;1;4;0;2;95;1;;
505501;Újezd;1 163;653;652;39;0;0;54;;0;19;62;3;6;;6;2;4;47;;;2;8;249;1;1;43;0;9;3;1;90;3;;
505587;Uničov;9 410;5 331;5 298;536;4;9;441;;6;164;523;49;47;;47;4;12;548;;;2;188;1 769;3;6;272;0;28;13;8;605;14;;
552364;Ústín;336;224;221;30;0;0;17;;2;8;12;2;3;;1;1;0;17;;;0;8;50;0;0;26;0;3;2;0;39;0;;
505609;Velká Bystřice;2 588;1 698;1 684;195;2;4;105;;3;68;116;20;11;;20;3;3;163;;;1;79;501;2;6;169;1;10;6;11;175;10;;
505650;Velký Týnec;2 193;1 437;1 423;110;0;0;107;;1;51;81;18;11;;31;6;6;157;;;1;50;422;0;8;140;0;10;2;2;203;6;;
505668;Velký Újezd;1 042;629;624;61;0;1;48;;3;23;36;7;7;;3;1;1;50;;;1;27;229;0;0;42;0;0;6;1;76;1;;
552119;Věrovany;1 123;644;638;54;0;1;40;;0;18;50;9;0;;6;2;0;44;;;2;12;217;2;0;88;1;3;4;1;83;1;;
568961;Vilémov;351;235;235;15;0;0;29;;2;16;19;8;1;;7;0;0;3;;;0;3;57;0;1;38;0;3;2;1;30;0;;
552399;Želechovice;184;129;128;7;0;0;12;;0;3;3;1;0;;1;1;0;14;;;0;2;41;0;3;22;0;2;0;0;16;0;;
505862;Žerotín;376;220;219;20;0;0;21;;0;6;14;1;4;;2;0;0;21;;;1;5;40;0;1;52;0;3;1;0;27;0;;
506761;Alojzov;205;145;144;29;0;0;9;;0;5;17;4;1;;1;0;0;18;;;0;5;32;0;0;6;0;0;1;1;15;0;;
589268;Bedihošť;834;527;524;51;0;0;28;;1;13;123;2;2;;14;1;0;34;;;0;6;140;0;0;26;0;0;0;0;82;1;;
589276;Bílovice-Lutotín;431;279;275;13;0;0;32;;0;8;40;1;0;;4;0;0;30;;;0;3;83;0;0;22;0;0;0;1;38;0;;
589284;Biskupice;238;132;131;14;0;0;9;;0;5;24;2;1;;1;0;0;10;;;2;0;34;0;0;10;0;0;0;0;19;0;;
589292;Bohuslavice;376;236;236;20;0;0;23;;0;3;22;3;4;;6;0;1;17;;;0;4;53;1;1;39;0;0;3;0;36;0;;
589306;Bousín;107;67;67;5;0;0;4;;0;3;14;0;2;;0;0;0;7;;;0;2;10;0;0;9;0;0;0;0;11;0;;
589314;Brodek u Konice;695;460;460;25;0;0;32;;0;20;47;3;4;;5;0;0;38;;;1;5;144;0;0;60;1;0;1;0;72;2;;
589322;Brodek u Prostějova;1 224;656;655;54;0;0;42;;0;21;61;5;4;;11;1;2;57;;;0;22;202;0;1;53;2;1;3;4;107;2;;
589331;Březsko;178;111;111;9;1;0;9;;0;6;3;0;3;;1;0;0;10;;;1;2;36;0;0;17;0;0;0;0;13;0;;
589349;Budětsko;331;208;206;6;0;0;24;;0;6;22;1;3;;2;0;0;7;;;1;3;58;0;1;32;0;1;2;0;35;2;;
589357;Buková;264;170;169;16;0;0;19;;0;3;33;2;0;;3;0;0;14;;;0;2;35;1;0;25;0;1;0;0;15;0;;
589365;Čehovice;426;281;280;16;0;0;27;;0;8;42;5;7;;5;0;0;18;;;0;10;80;0;1;13;0;0;1;3;44;0;;
589381;Čechy pod Kosířem;814;512;512;25;1;0;66;;1;20;79;7;7;;6;0;0;31;;;2;7;140;0;0;47;0;0;0;3;70;0;;
589390;Čelčice;437;272;272;21;0;0;23;;1;10;46;5;0;;3;0;1;18;;;0;2;74;0;1;15;0;0;1;1;49;1;;
589403;Čelechovice na Hané;1 063;649;642;49;0;1;45;;0;63;76;2;3;;0;1;0;43;;;0;15;198;0;2;32;0;1;0;6;103;2;;
589420;Dětkovice;427;284;281;19;0;0;12;;0;6;47;2;4;;4;1;0;38;;;0;2;82;0;0;36;0;2;0;1;25;0;;
589438;Dobrochov;270;172;170;13;0;0;14;;1;7;13;5;2;;3;0;0;13;;;0;5;51;0;1;17;0;0;0;0;25;0;;
589446;Dobromilice;629;308;308;9;0;4;22;;0;14;42;1;0;;1;0;0;10;;;0;0;95;1;1;36;2;0;0;0;68;2;;
589454;Doloplazy;459;244;244;24;1;0;20;;0;5;37;2;0;;3;0;0;12;;;0;0;71;0;0;8;1;1;2;1;56;0;;
589462;Drahany;443;290;287;11;0;0;29;;0;28;44;2;6;;6;0;0;9;;;0;9;70;0;2;17;0;1;1;1;51;0;;
558419;Držovice;1 139;748;742;78;1;0;42;;3;40;45;4;6;;5;0;9;60;;;0;15;275;0;2;38;0;4;1;5;102;7;;
589489;Dřevnovice;380;220;219;6;0;0;15;;0;4;28;1;1;;0;0;0;24;;;0;2;68;0;0;32;0;0;0;0;38;0;;
589497;Dzbel;209;133;133;2;1;0;11;;0;5;22;0;1;;1;0;0;6;;;0;0;50;0;0;24;0;0;2;0;8;0;;
549967;Hačky;83;67;65;4;0;1;10;;1;4;0;0;0;;3;0;0;0;;;1;1;12;0;0;18;0;0;3;0;5;2;;
589501;Hluchov;292;174;173;9;0;0;9;;0;4;25;5;0;;6;0;0;7;;;0;1;61;0;0;9;0;0;0;1;36;0;;
589519;Horní Štěpánov;749;454;452;16;0;0;56;;0;10;48;1;4;;1;0;1;41;;;0;5;130;0;0;64;4;0;2;2;66;1;;
589527;Hradčany-Kobeřice;326;196;194;11;0;0;16;;0;5;24;1;0;;1;1;1;14;;;0;1;50;0;0;14;0;0;3;3;49;0;;
589535;Hrdibořice;178;109;109;12;0;0;3;;0;2;22;1;0;;3;0;0;10;;;0;3;27;0;0;5;0;0;0;0;20;1;;
589543;Hrubčice;617;376;374;35;0;0;24;;0;14;44;0;4;;4;0;0;35;;;0;9;129;0;0;28;0;0;2;3;41;2;;
543543;Hruška;191;90;88;3;0;0;1;;0;4;18;0;0;;0;0;0;4;;;0;1;33;0;0;6;0;0;0;1;17;0;;
589560;Hvozd;524;340;336;16;1;0;34;;0;14;42;2;7;;4;0;1;30;;;0;5;79;0;1;59;1;0;1;0;36;3;;
589578;Ivaň;390;238;237;32;0;0;7;;0;1;36;1;3;;0;0;0;15;;;0;9;63;0;0;23;0;0;1;0;44;2;;
589586;Jesenec;246;139;139;6;2;0;9;;0;4;14;0;4;;0;0;2;5;;;0;5;43;0;0;16;0;3;0;2;24;0;;
589594;Kladky;289;140;140;7;3;0;17;;0;2;17;0;3;;2;0;2;9;;;0;3;30;0;0;24;1;0;1;1;17;1;;
589608;Klenovice na Hané;654;355;354;13;2;0;17;;1;7;61;1;0;;5;1;0;31;;;0;2;125;1;0;29;0;0;0;0;52;6;;
589616;Klopotovice;238;165;165;6;0;0;20;;0;5;33;3;0;;0;1;1;10;;;0;1;39;0;0;17;0;1;1;0;27;0;;
589624;Konice;2 285;1 393;1 358;91;3;0;158;;2;69;154;14;8;;15;0;1;94;;;2;39;278;0;3;199;2;3;2;23;193;5;;
589632;Kostelec na Hané;2 302;1 334;1 323;97;0;0;130;;1;47;86;22;9;;10;0;5;112;;;2;53;389;0;0;136;0;7;4;4;203;6;;
589641;Koválovice-Osíčany;232;152;151;4;0;0;14;;1;3;25;1;0;;3;0;0;5;;;0;1;33;0;4;30;0;0;0;0;27;0;;
589659;Kralice na Hané;1 257;807;804;96;1;2;53;;2;39;57;5;9;;4;2;0;69;;;0;19;250;1;1;60;2;2;1;6;116;7;;
589667;Krumsín;465;284;284;22;0;0;30;;1;8;34;1;0;;0;1;0;22;;;0;4;64;0;0;52;0;2;0;0;42;1;;
589675;Laškov;487;335;334;15;1;0;18;;1;9;30;3;0;;5;0;0;23;;;0;10;103;0;0;71;0;3;3;1;37;1;;
589683;Lešany;320;196;194;22;1;0;10;;0;2;17;7;2;;5;0;0;11;;;2;0;69;0;0;16;0;1;1;3;24;1;;
589691;Lipová;615;450;449;24;0;0;39;;0;16;51;1;1;;4;0;0;21;;;0;8;132;0;0;102;0;0;0;0;50;0;;
589705;Ludmírov;480;239;239;11;0;0;25;;0;11;28;0;2;;3;0;0;10;;;0;3;82;0;0;34;0;0;0;1;29;0;;
589713;Malé Hradisko;309;185;185;18;0;3;19;;0;13;23;3;1;;0;0;0;7;;;0;1;38;0;0;27;0;2;0;0;28;2;;
589721;Mořice;422;226;223;8;0;0;20;;0;22;39;2;2;;1;0;0;9;;;0;1;66;0;0;13;0;1;0;0;39;0;;
589730;Mostkovice;1 248;842;836;98;1;1;55;;0;23;59;7;2;;3;0;2;58;;;0;21;299;1;1;49;0;3;0;4;141;8;;
589748;Myslejovice;569;371;370;31;0;0;31;;0;10;54;2;3;;0;2;0;47;;;0;2;95;0;0;18;0;0;1;3;71;0;;
589756;Němčice nad Hanou;1 612;942;939;79;1;4;96;;0;23;110;6;6;;4;3;1;44;;;3;24;264;0;2;79;1;6;2;5;176;0;;
589764;Nezamyslice;1 140;619;615;51;2;0;56;;0;27;58;4;6;;2;1;1;35;;;1;16;205;0;0;57;1;0;0;3;89;0;;
589772;Niva;257;160;160;6;0;0;26;;0;7;32;1;1;;2;0;0;10;;;0;0;41;0;0;12;0;0;0;1;21;0;;
589799;Obědkovice;207;95;94;3;0;0;6;;0;1;17;0;1;;2;0;0;1;;;0;4;30;0;0;5;0;0;0;1;23;0;;
589802;Ohrozim;370;267;266;30;0;0;20;;1;10;18;0;1;;3;1;0;21;;;0;8;56;0;2;51;0;0;0;3;40;1;;
589811;Ochoz;152;102;99;9;0;0;4;;0;2;8;0;0;;1;0;0;3;;;0;4;25;0;0;31;0;0;6;1;5;0;;
589829;Olšany u Prostějova;1 375;844;839;72;0;0;75;;0;17;56;15;9;;9;5;0;64;;;1;19;293;0;3;41;0;12;1;3;138;6;;
589837;Ondratice;289;173;171;9;0;1;10;;0;4;28;0;5;;2;0;1;12;;;0;2;36;0;0;30;0;2;0;0;28;1;;
589845;Otaslavice;1 029;650;647;81;2;0;66;;0;9;74;3;4;;2;0;4;59;;;2;16;156;2;0;56;0;2;0;3;106;0;;
589853;Otinoves;229;144;143;3;0;0;8;;0;3;17;0;0;;0;0;0;20;;;0;5;40;0;0;25;0;0;2;2;18;0;;
557196;Pavlovice u Kojetína;232;135;134;4;0;0;12;;0;11;21;0;1;;1;0;0;6;;;0;1;44;0;0;12;0;0;1;0;19;1;;
589870;Pěnčín;594;352;349;18;2;2;22;;1;12;37;2;2;;3;0;0;15;;;0;4;113;1;1;41;0;1;2;1;68;1;;
589888;Pivín;565;382;381;19;0;0;13;;1;23;24;1;3;;5;0;1;20;;;0;10;118;0;0;64;0;0;1;1;77;0;;
589896;Plumlov;1 934;1 180;1 175;120;0;2;100;;0;24;102;16;3;;11;2;4;118;;;2;40;312;1;0;110;0;5;3;2;197;1;;
549983;Polomí;124;78;78;2;0;0;12;;0;3;11;0;1;;6;0;0;3;;;0;2;15;0;0;12;0;2;1;0;8;0;;
589250;Prostějov;35 975;21 073;20 934;2 152;17;33;1 925;;16;459;1 699;350;120;;270;26;25;1 942;;;6;709;6 322;16;31;1 269;10;109;29;71;3 261;67;;
589918;Prostějovičky;242;138;137;13;0;0;12;;0;5;20;6;2;;1;0;0;12;;;0;1;38;0;1;15;0;0;0;0;11;0;;
589926;Protivanov;805;549;547;45;0;0;59;;1;15;52;2;4;;5;1;0;31;;;0;5;144;0;1;101;0;10;1;2;68;0;;
589934;Přemyslovice;1 029;621;617;36;0;1;54;;2;9;74;9;6;;6;0;0;24;;;0;11;202;1;0;77;0;1;1;1;101;1;;
589942;Ptení;880;524;520;26;0;0;51;;0;17;49;6;4;;2;0;0;38;;;3;8;135;1;1;114;0;6;1;5;53;0;;
589951;Raková u Konice;163;104;101;5;0;0;0;;0;5;16;1;0;;0;0;0;10;;;0;1;30;0;0;19;0;0;0;2;11;1;;
589969;Rakůvka;80;61;61;1;0;0;11;;0;0;8;0;1;;0;0;0;4;;;0;2;17;0;0;2;0;0;0;0;13;2;;
589977;Rozstání;503;294;290;24;0;1;16;;0;6;28;6;7;;5;0;0;19;;;0;5;94;0;1;35;0;0;0;0;43;0;;
506770;Seloutky;410;288;287;34;0;0;19;;0;6;33;3;2;;3;0;0;29;;;0;9;87;0;0;30;0;0;0;0;32;0;;
589993;Skalka;212;131;131;7;0;0;7;;0;7;20;1;1;;1;0;0;14;;;0;4;31;0;0;17;0;1;0;0;20;0;;
590002;Skřípov;274;145;144;4;0;0;11;;0;1;43;2;2;;1;0;0;12;;;0;1;36;0;0;12;0;0;0;0;19;0;;
590011;Slatinky;453;314;313;32;0;0;15;;1;16;30;7;0;;2;0;0;44;;;0;23;87;0;0;27;0;0;0;0;29;0;;
590029;Smržice;1 319;797;786;92;0;0;62;;0;20;45;4;7;;2;0;2;66;;;0;32;263;0;1;68;1;6;4;3;107;1;;
590045;Srbce;73;39;39;2;0;0;1;;0;6;11;0;0;;3;0;0;0;;;0;1;7;0;0;0;0;0;0;0;8;0;;
590053;Stařechovice;447;279;278;23;1;0;26;;0;17;30;1;1;;6;0;0;11;;;0;9;82;0;3;13;0;1;1;1;52;0;;
590061;Stínava;126;74;73;3;0;0;7;;0;1;7;0;0;;0;0;0;5;;;1;3;11;0;0;22;0;0;0;0;13;0;;
590070;Stražisko;345;222;220;3;1;0;20;;0;4;25;1;1;;2;0;0;14;;;0;2;83;0;0;30;0;0;0;0;34;0;;
590088;Suchdol;499;360;356;18;0;0;41;;2;12;25;3;1;;3;0;0;31;;;1;4;71;0;0;100;1;1;3;1;38;0;;
590096;Šubířov;204;110;109;6;0;0;9;;0;6;14;2;1;;1;0;1;12;;;0;2;37;0;0;7;0;0;0;0;11;0;;
590100;Tištín;393;215;215;6;1;0;32;;0;17;15;5;0;;4;2;0;6;;;0;3;63;0;0;14;0;1;0;1;43;2;;
590118;Tvorovice;252;152;152;9;0;0;9;;0;14;22;1;1;;0;0;0;8;;;0;1;38;0;0;18;0;1;0;3;24;3;;
590126;Určice;1 101;613;611;68;0;5;35;;1;29;69;18;5;;11;0;1;38;;;0;12;158;1;0;35;0;6;0;4;110;5;;
590134;Víceměřice;354;204;204;11;0;0;33;;0;3;19;1;2;;1;0;0;18;;;1;5;56;0;0;13;0;3;0;4;33;1;;
590142;Vícov;404;254;250;17;0;0;11;;1;5;24;4;4;;3;1;0;20;;;0;6;69;0;0;40;0;0;0;3;41;1;;
544710;Vincencov;109;80;80;3;0;0;5;;0;5;5;1;0;;1;0;0;9;;;0;3;15;0;1;17;0;0;0;0;15;0;;
590151;Vitčice;146;84;84;6;1;1;5;;0;3;5;0;2;;0;0;0;6;;;0;0;33;0;1;6;0;0;0;0;15;0;;
590177;Vranovice-Kelčice;492;321;318;23;1;0;17;;0;7;22;1;0;;5;0;0;14;;;1;6;135;0;0;43;0;0;0;0;43;0;;
590185;Vrbátky;1 306;863;857;68;1;1;60;;1;31;85;7;6;;11;4;1;68;;;0;14;287;0;1;79;0;2;1;5;119;5;;
590193;Vrchoslavice;478;282;275;17;0;0;20;;0;16;31;3;1;;3;1;0;18;;;0;4;87;2;2;15;0;4;1;1;49;0;;
590207;Vřesovice;419;281;280;15;0;0;16;;0;8;41;3;0;;1;0;0;14;;;0;8;61;0;2;69;0;0;1;1;40;0;;
590215;Výšovice;399;266;263;28;0;2;25;;0;2;25;3;1;;3;1;1;21;;;1;16;69;0;0;21;0;1;1;1;41;0;;
590223;Zdětín;282;196;194;6;0;0;21;;0;13;16;1;0;;0;1;0;21;;;0;2;53;0;1;18;0;0;0;2;38;1;;
590240;Želeč;436;278;278;21;0;0;15;;0;17;49;3;7;;2;2;0;17;;;0;2;67;0;0;28;0;0;0;1;47;0;;
512231;Bělotín;1 453;790;784;59;3;0;45;;3;18;79;15;7;;8;1;1;42;;;2;12;247;0;0;108;0;2;1;1;126;4;;
512281;Beňov;548;382;371;32;0;0;25;;0;29;32;3;1;;10;0;0;16;;;0;1;127;0;1;39;0;3;0;2;49;1;;
512401;Bezuchov;153;109;108;9;0;0;12;;0;3;12;0;1;;3;0;0;6;;;0;6;20;0;0;28;0;0;0;0;8;0;;
569178;Bohuslávky;262;163;162;18;0;0;6;;0;3;24;2;0;;1;0;0;8;;;0;1;63;0;1;19;0;1;0;0;15;0;;
512532;Bochoř;786;496;492;41;0;1;42;;0;12;45;2;6;;14;0;0;26;;;0;6;170;0;0;49;1;3;1;1;71;1;;
512800;Brodek u Přerova;1 620;965;958;58;0;0;59;;1;22;96;9;4;;13;2;2;103;;;0;20;315;0;1;135;0;5;2;2;109;0;;
512826;Buk;310;213;211;14;0;0;14;;0;8;20;2;2;;1;0;0;12;;;0;5;92;0;0;13;0;0;0;0;26;2;;
512877;Býškovice;318;220;219;7;1;0;23;;0;8;18;1;1;;0;0;0;13;;;0;0;78;1;1;32;0;0;2;0;32;1;;
569135;Císařov;252;162;161;7;0;0;7;;0;2;9;2;3;;2;0;0;7;;;0;2;65;0;0;31;0;0;1;0;23;0;;
512982;Citov;457;314;313;14;0;0;12;;1;10;26;2;5;;10;1;0;34;;;0;9;93;0;2;48;0;0;4;0;42;0;;
552771;Čechy;287;163;161;15;1;0;10;;1;4;15;1;0;;1;0;1;11;;;0;6;56;0;0;19;0;1;1;0;18;0;;
513059;Čelechovice;94;67;67;5;0;0;0;;0;5;2;0;0;;1;1;0;6;;;0;2;30;0;1;5;0;1;0;0;8;0;;
513067;Černotín;654;439;439;34;1;0;25;;1;15;41;9;4;;4;0;0;31;;;0;8;145;0;3;83;0;0;0;1;32;2;;
513105;Dobrčice;184;119;118;10;0;0;5;;2;8;5;2;1;;2;0;0;19;;;0;7;28;0;1;9;0;1;1;0;17;0;;
569259;Dolní Nětčice;206;121;119;3;0;0;8;;0;3;19;0;0;;2;0;0;8;;;0;3;37;0;0;21;0;0;2;0;12;1;;
552984;Dolní Těšice;49;41;41;1;0;0;2;;0;1;4;0;0;;0;0;1;5;;;0;1;10;0;1;9;0;0;1;1;4;0;;
513199;Dolní Újezd;984;614;611;40;2;0;24;;1;32;60;2;6;;6;1;1;28;;;0;23;224;0;0;68;0;8;3;3;77;2;;
513211;Domaželice;443;279;275;18;2;0;23;;0;13;25;4;0;;5;1;0;13;;;0;2;88;0;1;25;0;1;2;0;52;0;;
513229;Dřevohostice;1 171;678;669;47;0;1;26;;1;27;60;2;4;;6;1;0;51;;;0;9;258;0;0;65;0;3;3;1;103;1;;
569194;Grymov;134;87;87;7;0;0;7;;0;4;4;2;0;;2;0;0;6;;;0;1;41;0;0;6;0;2;0;0;5;0;;
569267;Hlinsko;181;119;119;7;0;0;3;;0;7;18;0;1;;1;0;0;4;;;0;1;38;0;0;21;0;1;1;0;16;0;;
513491;Horní Moštěnice;1 349;859;856;85;4;0;63;;0;32;62;7;7;;20;0;1;75;;;0;22;276;2;3;64;1;2;0;0;128;2;;
569275;Horní Nětčice;180;111;110;5;0;0;10;;0;3;15;0;1;;0;0;0;8;;;0;0;37;0;0;16;0;0;0;0;15;0;;
552968;Horní Těšice;131;97;97;7;1;0;9;;0;1;7;1;2;;0;0;0;4;;;0;0;34;0;0;18;0;1;0;0;10;2;;
569542;Horní Újezd;351;251;250;15;1;0;28;;0;13;9;0;2;;2;0;0;15;;;0;0;88;0;0;36;0;2;3;0;36;0;;
513636;Hrabůvka;245;168;166;7;0;0;17;;1;14;18;3;2;;0;1;0;9;;;0;4;60;0;1;15;0;0;1;0;12;1;;
513733;Hradčany;233;151;150;4;0;0;9;;0;6;17;2;3;;1;0;0;16;;;0;2;38;0;1;29;0;0;0;1;20;1;;
513750;Hranice;14 851;8 583;8 529;786;11;5;570;;9;246;826;79;52;;144;8;47;752;;;10;281;2 675;12;8;703;5;31;17;14;1 200;38;;
513768;Hustopeče nad Bečvou;1 400;945;939;54;1;6;54;;1;25;61;3;8;;9;1;0;62;;;1;19;317;1;1;238;0;2;2;2;70;1;;
556998;Jezernice;553;327;325;38;0;0;30;;0;14;21;3;2;;2;0;0;26;;;0;3;114;1;2;25;0;1;2;0;34;7;;
513873;Jindřichov;379;267;264;17;1;1;16;;0;9;24;2;1;;2;2;0;13;;;0;7;84;0;2;67;0;0;0;2;13;1;;
569283;Kladníky;112;69;69;1;0;0;3;;0;2;5;0;1;;0;0;1;1;;;0;1;24;0;0;12;0;0;0;0;18;0;;
514047;Klokočí;203;151;149;12;0;0;13;;0;8;17;0;1;;8;0;0;14;;;0;7;38;1;1;15;0;0;0;0;12;2;;
514055;Kojetín;4 925;2 545;2 531;223;6;1;225;;0;68;260;22;13;;22;3;4;184;;;3;49;843;3;10;171;0;13;3;7;386;12;;
514152;Kokory;881;581;575;34;1;0;37;;1;13;55;2;1;;5;1;2;40;;;0;9;178;0;0;99;0;0;2;0;93;2;;
569143;Křenovice;359;202;199;16;0;0;15;;0;13;13;0;2;;3;0;0;11;;;0;1;69;0;1;30;0;0;0;0;24;1;;
552780;Křtomil;327;210;210;5;0;0;10;;0;7;14;1;0;;1;0;0;8;;;0;8;62;2;0;35;0;1;0;0;55;1;;
514446;Lazníčky;178;112;111;2;0;0;9;;0;9;13;1;2;;0;0;0;12;;;0;6;41;0;0;4;0;1;0;0;10;1;;
514471;Lazníky;467;285;283;25;2;0;16;;0;12;31;1;3;;6;0;0;30;;;1;3;94;1;1;12;0;3;0;2;39;1;;
514497;Lhota;269;169;169;8;1;0;19;;1;5;15;0;1;;0;0;0;9;;;0;4;64;0;0;25;0;0;0;1;16;0;;
514527;Lhotka;46;32;32;7;0;0;2;;1;2;1;1;0;;0;0;0;1;;;0;3;8;0;1;1;0;0;0;0;4;0;;
514705;Lipník nad Bečvou;6 574;3 644;3 612;357;10;1;253;;6;84;329;31;21;;26;1;3;241;;;2;82;1 143;3;5;356;2;26;6;5;566;53;;
514772;Lipová;234;154;153;5;0;0;13;;0;4;25;0;0;;1;0;0;11;;;0;3;42;0;0;33;0;0;1;0;14;1;;
514802;Líšná;197;114;114;8;0;0;8;;0;9;4;1;0;;1;0;0;8;;;0;0;36;0;0;16;0;0;0;0;23;0;;
515191;Lobodice;606;323;322;15;0;0;21;;0;31;48;1;2;;6;1;0;12;;;0;7;116;0;0;19;0;1;1;1;40;0;;
500151;Luboměř pod Strážnou;95;54;54;0;0;0;5;;0;1;9;0;0;;2;1;0;2;;;0;0;19;0;0;4;0;0;0;0;11;0;;
515329;Malhotice;306;215;215;7;0;0;10;;0;16;15;1;2;;0;0;0;13;;;0;0;70;2;0;48;1;2;1;1;23;3;;
552909;Měrovice nad Hanou;505;255;253;12;0;0;18;;0;15;34;3;3;;1;0;1;8;;;2;1;82;0;1;27;0;4;0;1;39;1;;
515418;Milenov;344;214;214;15;0;0;9;;0;5;42;0;1;;3;1;0;12;;;0;5;68;1;0;16;0;0;0;1;28;7;;
515477;Milotice nad Bečvou;198;142;142;11;0;0;1;;0;5;15;1;0;;2;0;1;5;;;0;3;51;1;2;28;0;0;0;0;14;2;;
552810;Nahošovice;138;76;75;6;0;0;6;;0;3;9;0;0;;2;0;0;3;;;0;2;15;0;0;9;0;0;0;0;19;1;;
515787;Nelešovice;154;84;84;4;0;0;3;;0;3;3;0;0;;0;0;0;4;;;0;0;34;0;0;18;0;1;0;1;12;1;;
515825;Oldřichov;104;52;52;2;0;0;2;;1;6;6;0;0;;2;0;0;2;;;0;1;14;0;0;11;0;0;0;0;4;1;;
552844;Olšovec;381;219;217;26;0;0;15;;0;12;18;0;3;;3;0;0;18;;;0;5;63;1;2;16;0;0;1;0;31;3;;
516201;Opatovice;671;397;395;37;0;0;19;;0;18;32;6;5;;3;1;4;30;;;0;17;122;1;2;39;0;7;1;1;48;2;;
553000;Oplocany;252;151;151;3;0;1;7;;0;3;23;0;1;;1;0;0;2;;;0;2;61;2;0;7;0;0;0;1;37;0;;
516350;Oprostovice;69;52;52;2;0;0;0;;0;0;6;0;0;;0;0;0;4;;;0;2;23;0;0;9;0;0;0;0;6;0;;
516619;Osek nad Bečvou;990;642;638;59;1;0;30;;0;23;51;9;3;;4;2;1;41;;;1;18;221;0;0;81;1;2;0;1;85;4;;
516635;Paršovice;316;178;177;6;0;0;11;;0;12;12;3;1;;7;0;3;13;;;0;8;49;0;1;28;0;1;0;1;20;1;;
516686;Partutovice;406;270;266;16;2;1;14;;0;30;21;0;0;;1;1;0;16;;;0;3;77;0;1;52;0;2;1;0;26;2;;
516694;Pavlovice u Přerova;595;400;396;25;0;0;20;;0;33;42;2;4;;1;0;0;25;;;0;8;118;0;1;56;0;5;2;0;49;5;;
516864;Podolí;170;115;112;11;0;0;5;;0;6;12;1;1;;3;0;0;11;;;0;0;28;0;0;10;0;4;0;0;20;0;;
516899;Polkovice;411;216;216;16;1;0;16;;0;11;31;1;0;;0;0;0;9;;;0;3;76;0;2;14;0;5;0;2;29;0;;
516911;Polom;203;96;96;1;0;0;5;;0;2;10;2;2;;0;0;0;5;;;1;1;34;0;0;6;0;2;0;0;24;1;;
517101;Potštát;992;524;524;36;1;0;43;;2;29;77;6;4;;0;0;2;29;;;0;12;176;0;0;40;0;4;1;2;58;2;;
517151;Prosenice;685;443;440;22;0;0;44;;2;12;38;3;4;;8;0;1;27;;;0;8;153;0;0;54;0;1;3;0;60;0;;
517208;Provodovice;114;76;76;2;0;0;3;;0;0;18;0;0;;1;0;0;4;;;0;0;21;0;0;20;0;1;0;0;6;0;;
511382;Přerov;35 934;21 087;20 952;2 281;30;10;1 459;;27;515;1 898;171;90;;316;23;17;1 557;;;13;523;7 109;20;28;1 435;8;148;43;23;3 112;96;;
517224;Přestavlky;223;144;142;9;0;0;9;;0;6;18;0;0;;4;0;0;2;;;0;1;48;0;0;12;0;2;1;0;30;0;;
517275;Radíkov;121;85;83;1;0;0;5;;0;4;12;1;1;;2;0;1;11;;;0;1;23;0;0;6;0;0;0;1;14;0;;
517321;Radkova Lhota;192;102;100;4;1;0;8;;0;3;12;2;1;;0;0;0;2;;;0;1;45;0;0;13;0;0;0;0;8;0;;
517437;Radkovy;130;85;84;4;0;0;2;;0;5;6;0;0;;0;0;0;9;;;0;3;28;1;0;10;0;0;0;0;16;0;;
517445;Radotín;149;103;103;3;0;0;4;;0;3;9;0;0;;2;0;0;7;;;0;1;33;0;0;30;0;0;0;0;11;0;;
517534;Radslavice;920;591;588;42;1;0;39;;0;31;48;8;9;;8;0;0;34;;;1;8;205;0;0;71;0;1;1;0;81;0;;
517569;Radvanice;221;130;129;16;0;0;9;;0;11;9;1;0;;0;1;0;8;;;0;3;39;0;0;9;0;1;0;0;22;0;;
517585;Rakov;324;184;183;10;0;0;3;;0;4;16;0;1;;2;0;0;9;;;0;5;83;0;1;16;0;2;0;1;23;7;;
517607;Rokytnice;1 198;768;765;44;2;0;40;;1;16;67;4;3;;2;0;1;26;;;0;13;273;2;1;143;0;5;0;2;119;1;;
517615;Rouské;215;144;143;11;0;0;10;;0;12;11;1;0;;2;0;0;9;;;0;1;41;0;0;25;2;0;0;0;18;0;;
517666;Říkovice;397;230;229;9;0;0;21;;0;14;25;2;0;;1;0;0;18;;;0;6;73;0;3;22;0;0;0;0;35;0;;
517747;Skalička;488;271;271;28;0;0;22;;0;20;14;4;0;;2;0;2;24;;;0;7;90;1;1;34;0;1;0;0;19;2;;
517844;Soběchleby;485;337;335;13;1;2;19;;0;11;28;3;3;;1;1;0;13;;;0;4;144;1;0;45;0;3;0;0;42;1;;
517836;Sobíšky;129;87;87;7;0;0;13;;0;4;3;1;0;;0;0;0;3;;;0;0;39;0;1;6;0;0;1;0;9;0;;
517887;Stará Ves;494;293;292;24;0;0;21;;1;17;33;2;1;;4;0;0;18;;;0;4;84;0;0;33;0;2;1;0;45;2;;
552887;Stříbrnice;197;123;123;4;2;0;11;;0;8;15;0;3;;2;0;0;7;;;1;3;36;0;0;10;0;0;1;1;19;0;;
517909;Střítež nad Ludinou;685;457;456;31;0;0;19;;0;32;27;10;1;;1;0;0;37;;;2;5;146;1;0;74;0;2;1;0;65;2;;
518026;Sušice;267;204;203;17;0;0;20;;0;7;22;2;1;;5;0;0;4;;;0;2;70;1;0;23;0;0;1;0;27;1;;
552950;Šišma;180;113;113;2;0;0;10;;0;8;12;0;1;;0;0;0;7;;;0;0;49;0;0;9;0;0;0;0;15;0;;
570061;Špičky;230;151;149;9;0;0;20;;0;10;9;2;1;;0;0;0;6;;;0;4;55;0;3;18;0;0;1;0;11;0;;
519031;Teplice nad Bečvou;311;304;302;39;0;0;8;;0;11;22;4;0;;1;0;0;20;;;0;17;89;0;0;39;0;2;0;0;49;1;;
519146;Tovačov;2 047;1 232;1 228;145;2;0;118;;2;31;98;11;1;;28;1;1;76;;;0;17;421;1;2;116;0;2;5;3;139;8;;
519651;Troubky;1 659;1 112;1 098;48;4;2;66;;0;114;72;3;5;;12;1;2;59;;;0;22;438;1;1;122;0;10;2;2;107;5;;
520047;Tučín;351;267;266;17;0;0;15;;0;30;14;2;4;;4;0;1;18;;;0;4;93;0;0;22;0;5;0;1;35;1;;
552836;Turovice;194;92;88;3;0;0;7;;0;6;10;2;0;;1;0;0;4;;;0;0;20;0;0;16;0;2;0;0;17;0;;
570079;Týn nad Bečvou;699;430;426;34;0;0;31;;0;20;43;6;0;;10;1;2;20;;;0;5;154;2;0;42;0;1;0;0;52;3;;
552879;Uhřičice;458;269;267;18;0;0;18;;0;8;32;1;4;;1;0;0;19;;;0;3;88;0;1;22;0;0;1;0;50;1;;
520306;Ústí;441;287;284;11;0;0;19;;0;19;19;0;1;;9;0;0;16;;;0;8;77;0;0;75;2;0;1;2;24;1;;
520420;Veselíčko;727;417;417;26;15;1;23;;1;11;46;1;3;;5;0;0;36;;;0;32;127;0;1;36;0;7;0;0;46;0;;
552755;Věžky;188;135;135;6;0;0;5;;0;2;18;0;2;;4;4;0;5;;;0;0;45;0;0;18;1;2;0;1;20;2;;
547433;Vlkoš;577;441;436;29;1;1;17;;0;17;33;2;3;;4;1;1;31;;;0;7;153;0;0;75;0;0;0;0;58;3;;
521531;Všechovice;730;471;469;41;0;1;34;;0;17;51;5;5;;2;0;1;29;;;4;0;131;1;0;72;0;3;0;0;72;0;;
547450;Výkleky;225;144;144;4;1;0;14;;0;8;12;1;2;;0;0;0;13;;;0;2;48;1;0;18;0;0;0;0;20;0;;
547514;Zábeštní Lhota;143;105;104;5;0;0;8;;0;5;12;0;1;;0;0;0;9;;;0;2;32;0;0;15;0;0;0;0;15;0;;
522775;Zámrsky;192;107;106;4;0;1;6;;0;3;10;0;0;;3;0;2;5;;;0;1;36;0;0;29;0;0;0;0;6;0;;
523453;Žákovice;183;118;118;7;0;0;5;;1;3;8;0;1;;0;0;0;8;;;0;1;51;0;0;14;0;0;0;0;19;0;;
523640;Želatovice;450;318;316;26;0;0;24;;0;36;33;3;4;;2;0;1;28;;;0;1;111;0;0;17;0;2;1;1;25;1;;
525588;Bludov;2 504;1 632;1 615;178;0;0;123;;1;133;112;19;17;;10;1;0;110;;;3;38;513;1;0;136;0;3;3;2;208;4;;
525804;Bohdíkov;1 103;640;634;33;2;2;42;;0;40;64;6;7;;5;2;0;44;;;0;11;227;0;1;36;0;0;0;0;110;2;;
525880;Bohuslavice;413;269;267;8;0;0;18;;0;12;26;1;1;;8;1;0;18;;;0;4;101;0;0;37;0;1;1;0;30;0;;
525979;Bohutín;609;379;373;23;0;0;22;;0;20;52;3;0;;7;1;0;23;;;0;2;122;0;1;37;1;0;1;0;57;1;;
526169;Branná;247;136;127;17;0;1;8;;0;10;15;0;2;;0;0;0;19;;;0;4;29;0;0;8;0;0;0;0;14;0;;
569437;Bratrušov;493;312;307;33;0;0;22;;0;22;29;3;3;;0;0;0;24;;;0;4;120;0;0;17;0;0;3;0;27;0;;
530727;Brníčko;525;324;322;11;0;0;24;;1;29;52;2;1;;1;0;2;25;;;0;6;97;0;0;19;1;2;0;1;45;3;;
532894;Bušín;329;218;218;12;0;0;18;;0;19;26;0;0;;4;0;0;9;;;1;1;75;0;0;32;0;1;1;0;18;1;;
533688;Dlouhomilov;394;230;228;13;1;0;27;;0;18;30;2;0;;1;0;0;9;;;1;2;66;0;0;13;0;2;0;0;43;0;;
553379;Dolní Studénky;1 093;755;746;54;0;1;37;;1;233;37;2;4;;4;1;2;46;;;1;10;203;0;0;18;0;1;0;0;91;0;;
570141;Drozdov;279;203;201;9;0;0;6;;0;9;16;0;0;;5;0;0;6;;;0;5;94;0;0;18;0;0;0;0;33;0;;
534927;Dubicko;838;573;571;36;1;0;34;;1;21;44;4;8;;11;1;1;53;;;3;6;188;0;2;83;0;2;0;1;70;1;;
535532;Hanušovice;2 619;1 317;1 308;54;3;0;81;;0;91;159;17;11;;11;13;1;97;;;0;16;497;0;5;58;0;0;3;6;182;3;;
535770;Horní Studénky;282;203;199;35;0;1;15;;0;13;14;3;0;;1;0;0;13;;;0;2;57;0;0;31;0;0;1;0;13;0;;
535885;Hoštejn;330;232;232;5;0;0;15;;0;12;22;2;2;;1;0;0;15;;;0;2;92;0;0;36;0;0;0;1;27;0;;
553387;Hraběšice;113;80;80;18;1;0;7;;0;2;1;0;0;;3;0;0;13;;;0;3;10;0;0;10;0;0;0;0;12;0;;
536091;Hrabišín;702;420;416;22;0;0;17;;0;59;39;6;1;;8;0;0;17;;;0;11;153;1;0;13;0;6;0;1;61;1;;
553221;Hrabová;500;321;319;17;0;0;29;;0;39;22;5;0;;5;0;0;26;;;0;5;98;0;1;26;0;0;0;0;46;0;;
536113;Hynčina;154;75;75;3;0;0;5;;0;1;19;2;1;;0;0;0;2;;;0;1;18;0;0;6;0;0;0;0;17;0;;
569305;Chromeč;461;303;299;11;0;0;14;;1;29;12;1;4;;5;0;0;29;;;0;4;86;0;0;67;0;0;1;1;34;0;;
553344;Jakubovice;164;105;105;5;0;0;3;;0;3;17;3;0;;1;0;0;5;;;2;0;37;0;1;17;0;0;0;2;9;0;;
553212;Janoušov;36;28;28;2;0;0;5;;0;0;0;0;1;;0;0;0;1;;;0;0;15;0;0;3;0;0;0;0;1;0;;
536288;Jedlí;559;320;318;14;2;0;13;;1;45;21;2;1;;3;0;1;15;;;0;8;98;1;0;60;0;2;2;3;25;1;;
536393;Jestřebí;508;304;303;6;0;0;12;;0;26;23;4;3;;1;1;2;30;;;0;6;100;0;2;55;0;0;3;0;28;1;;
536521;Jindřichov;1 024;488;483;16;2;0;38;;0;21;76;5;4;;2;5;0;44;;;0;4;156;0;1;30;0;0;0;1;76;2;;
536571;Kamenná;436;246;246;6;0;0;28;;0;15;38;0;8;;1;0;0;14;;;1;0;81;0;0;9;0;0;1;1;41;2;;
536687;Klopina;518;329;327;34;0;0;33;;0;21;34;3;3;;6;0;0;26;;;0;4;116;0;1;11;1;2;0;1;31;0;;
536733;Kolšov;609;406;404;26;1;0;23;;0;53;54;1;10;;7;0;0;19;;;0;9;138;1;0;14;0;1;0;3;42;2;;
553247;Kopřivná;213;114;112;6;0;2;5;;0;10;15;1;0;;1;2;0;10;;;0;2;32;0;0;2;0;0;0;0;24;0;;
536814;Kosov;249;137;137;8;1;0;12;;0;10;15;0;3;;2;1;0;7;;;1;2;36;0;0;17;0;0;0;0;21;1;;
569372;Krchleby;153;84;84;4;0;0;6;;0;4;21;1;0;;1;1;0;11;;;0;0;27;0;0;0;0;0;0;0;8;0;;
537284;Lesnice;526;348;343;12;0;0;17;;0;30;26;1;1;;3;0;0;14;;;0;4;151;1;1;44;0;0;1;3;33;1;;
537713;Leština;1 036;658;657;36;2;2;39;;1;62;51;8;4;;5;0;0;57;;;0;8;250;0;0;67;0;1;1;0;61;2;;
539961;Libina;2 710;1 447;1 439;87;1;0;148;;1;57;172;12;12;;12;2;6;124;;;1;63;422;0;4;47;0;4;1;2;256;5;;
540161;Líšnice;300;208;207;10;2;0;9;;0;12;23;3;0;;3;0;0;12;;;0;6;66;0;1;15;0;2;1;1;40;1;;
540196;Loštice;2 452;1 441;1 430;121;0;2;112;;0;48;155;32;10;;11;3;1;148;;;1;31;439;0;3;120;0;6;1;1;182;3;;
540226;Loučná nad Desnou;1 430;813;811;72;1;1;67;;1;37;77;9;7;;9;3;1;53;;;0;22;270;1;1;45;1;0;2;0;128;3;;
540234;Lukavice;696;408;406;13;0;0;20;;1;25;31;1;7;;0;0;1;43;;;0;8;172;0;2;30;0;1;2;1;47;1;;
540331;Malá Morava;432;258;257;20;0;0;11;;0;15;40;1;2;;2;0;0;24;;;0;4;90;0;0;9;0;2;0;0;37;0;;
540366;Maletín;315;130;130;11;0;0;5;;0;10;27;5;1;;0;0;0;7;;;0;1;43;0;0;4;1;0;1;0;14;0;;
569381;Mírov;527;244;241;14;1;1;14;;1;10;41;2;2;;2;0;0;27;;;0;2;80;0;0;10;0;0;0;3;28;3;;
540471;Mohelnice;7 534;4 338;4 301;318;17;26;327;;5;157;456;80;22;;56;3;6;390;;;3;134;1 433;5;8;260;0;24;5;10;546;10;;
540480;Moravičany;1 054;663;654;51;1;3;38;;0;72;52;3;4;;3;0;0;54;;;0;16;204;0;2;81;0;1;1;4;63;1;;
553476;Nemile;533;351;347;27;0;0;13;;0;72;19;1;1;;4;0;1;16;;;0;8;87;0;1;48;0;3;0;0;45;1;;
540501;Nový Malín;2 599;1 704;1 691;188;2;0;78;;0;161;95;18;4;;33;3;3;181;;;2;70;529;1;3;82;0;11;2;1;219;5;;
540510;Olšany;906;515;511;25;0;0;20;;1;35;36;9;3;;9;0;0;43;;;0;8;168;1;3;60;0;2;2;0;85;1;;
540544;Oskava;1 088;600;599;32;0;0;36;;2;30;73;6;3;;9;0;0;40;;;0;8;197;0;2;44;0;5;0;0;110;2;;
540595;Palonín;286;203;203;8;1;1;9;;2;6;31;3;3;;1;0;0;9;;;0;3;68;0;1;13;2;3;0;0;38;1;;
540609;Pavlov;502;325;323;32;1;0;19;;0;12;44;3;4;;0;0;0;20;;;2;4;85;1;0;24;0;0;0;0;72;0;;
500020;Petrov nad Desnou;971;550;546;49;0;0;42;;1;25;35;6;7;;8;0;1;35;;;1;18;195;0;2;29;0;0;0;1;90;1;;
540650;Písařov;572;342;338;20;1;0;23;;1;12;56;3;4;;2;0;0;14;;;0;0;94;1;0;56;1;0;0;0;47;3;;
540731;Police;176;98;97;2;0;0;1;;0;3;11;1;1;;0;0;0;9;;;0;3;46;0;0;7;0;0;2;0;11;0;;
540773;Postřelmov;2 507;1 628;1 614;94;1;0;110;;3;134;148;18;9;;12;3;1;144;;;1;29;464;1;1;182;0;5;1;2;228;23;;
553352;Postřelmůvek;272;185;183;6;0;0;12;;0;15;13;2;1;;1;0;0;11;;;0;3;84;1;0;20;0;0;0;0;14;0;;
540854;Rájec;396;295;295;18;0;0;20;;0;10;17;2;0;;1;0;0;13;;;0;2;97;0;0;73;0;1;1;2;38;0;;
540862;Rapotín;2 579;1 569;1 563;111;5;1;99;;2;173;117;13;10;;15;4;1;102;;;1;44;589;1;3;68;0;4;2;3;192;3;;
553395;Rejchartice;153;100;100;1;0;0;5;;0;7;7;2;2;;1;0;0;6;;;0;4;34;0;0;5;0;0;0;0;26;0;;
540871;Rohle;552;290;288;19;0;1;19;;0;26;27;2;1;;2;1;0;19;;;0;6;101;1;0;25;0;0;1;0;37;0;;
540919;Rovensko;642;447;444;23;0;0;16;;0;50;44;2;2;;5;0;0;30;;;0;10;125;0;0;65;0;0;0;1;68;3;;
540978;Ruda nad Moravou;2 034;1 216;1 209;91;2;1;74;;0;80;134;12;13;;11;1;0;79;;;2;39;393;0;0;124;1;6;9;3;127;7;;
540986;Sobotín;972;527;526;40;0;0;32;;1;28;45;3;4;;6;4;1;49;;;1;8;187;1;0;22;0;0;0;4;88;2;;
541079;Staré Město;1 477;737;726;55;5;0;56;;1;35;79;1;5;;4;0;2;52;;;0;14;256;0;0;67;1;2;2;1;86;2;;
570281;Stavenice;122;73;73;3;0;0;5;;0;0;11;2;1;;0;0;0;4;;;0;1;25;0;2;1;0;0;0;0;18;0;;
541109;Sudkov;918;511;507;37;1;0;15;;1;70;50;5;2;;6;0;0;23;;;0;3;190;2;0;25;0;2;2;0;71;2;;
541125;Svébohov;345;262;262;10;0;1;13;;4;32;16;3;4;;5;0;0;8;;;0;4;81;0;0;49;0;1;1;0;30;0;;
570117;Šléglov;36;22;21;5;0;0;0;;0;1;0;2;0;;0;0;0;0;;;0;4;1;0;0;2;0;0;0;0;6;0;;
541168;Štíty;1 651;938;932;194;2;1;62;;1;33;97;6;4;;10;3;0;66;;;0;6;245;0;1;91;0;4;0;1;101;4;;
523704;Šumperk;21 697;12 627;12 562;1 197;22;12;932;;10;812;1 034;114;78;;213;31;12;1 084;;;9;468;4 007;9;15;632;12;73;19;14;1 720;33;;
553336;Třeština;314;196;195;19;1;0;13;;1;15;13;3;1;;0;0;0;10;;;0;0;81;0;0;16;0;0;0;1;21;0;;
541222;Úsov;975;549;546;37;1;0;25;;1;18;58;5;6;;8;0;0;49;;;2;17;214;0;4;34;0;2;1;5;58;1;;
541265;Velké Losiny;2 357;1 436;1 425;137;6;1;104;;1;60;111;10;17;;12;5;3;128;;;2;41;504;2;0;80;0;3;1;0;186;11;;
554146;Vernířovice;186;109;107;16;0;1;7;;0;10;6;3;0;;5;0;0;9;;;0;5;24;0;0;11;0;0;0;0;10;0;;
553191;Vikantice;71;35;34;1;1;0;1;;0;2;4;0;0;;2;0;0;0;;;0;0;14;0;0;0;0;0;0;0;9;0;;
569445;Vikýřovice;1 878;1 197;1 190;131;0;1;66;;1;134;66;8;6;;15;0;1;88;;;3;50;369;0;1;83;0;11;2;3;150;1;;
570095;Vyšehoří;187;119;117;7;0;0;5;;0;15;14;0;2;;3;0;0;5;;;0;0;38;0;0;9;0;0;0;2;17;0;;
541354;Zábřeh;11 192;6 685;6 646;501;10;5;465;;8;408;494;66;36;;98;3;6;592;;;6;151;2 161;6;18;788;1;39;15;11;737;21;;
570338;Zborov;176;112;112;13;0;0;8;;0;11;18;0;3;;0;1;0;3;;;0;4;31;0;0;12;0;0;1;1;6;0;;
541478;Zvole;679;425;424;23;0;1;36;;0;19;36;3;2;;3;0;0;25;;;0;12;166;1;1;49;0;1;1;2;43;0;;
588300;Bařice-Velké Těšany;374;269;268;15;0;1;20;;0;20;30;1;1;;3;0;0;17;;;0;9;71;0;1;30;;2;0;0;46;1;;
588326;Bezměrov;426;270;264;20;0;0;21;;0;1;21;0;4;;2;0;0;22;;;0;6;86;1;1;25;;3;1;0;47;3;;
542318;Blazice;172;120;120;10;0;0;7;;1;9;11;1;0;;0;1;0;6;;;0;2;26;0;3;16;;0;0;1;26;0;;
549690;Bořenovice;149;100;99;5;0;0;8;;0;1;11;3;0;;5;0;0;5;;;0;1;31;0;0;14;;1;0;0;14;0;;
588377;Brusné;301;197;196;4;0;0;9;;2;5;38;0;1;;5;1;0;25;;;0;2;48;0;0;17;;0;3;0;36;0;;
588385;Břest;756;500;491;59;1;0;26;;0;11;32;5;5;;8;0;1;26;;;0;13;155;0;0;85;;3;1;0;60;0;;
588393;Bystřice pod Hostýnem;6 871;4 177;4 150;389;8;2;266;;4;164;315;49;16;;33;11;4;283;;;5;108;1 248;7;5;333;;15;2;2;864;17;;
588407;Cetechovice;157;79;79;5;0;1;2;;0;6;9;0;3;;0;0;0;4;;;0;0;27;0;1;12;;0;0;3;6;0;;
588431;Dřínov;357;217;216;7;0;0;22;;0;10;46;2;2;;1;0;0;7;;;0;1;69;0;0;16;;0;0;2;31;0;;
588458;Holešov;9 540;5 763;5 697;460;22;2;566;;6;240;554;54;26;;81;5;6;454;;;10;180;1 636;3;7;502;;30;10;8;816;19;;
542342;Honětice;52;31;31;0;0;0;0;;0;0;6;0;0;;0;0;0;0;;;0;1;18;0;0;1;;0;0;0;5;0;;
588474;Horní Lapač;211;141;139;9;0;0;8;;0;5;17;1;0;;2;0;0;4;;;0;0;32;0;0;34;;2;1;0;23;1;;
588482;Hoštice;125;87;87;2;0;0;9;;0;3;18;0;1;;6;0;0;2;;;0;0;16;0;0;1;;1;0;0;28;0;;
588491;Hulín;5 699;3 284;3 245;419;7;0;217;;3;89;301;31;23;;52;7;6;198;;;5;50;1 016;1;9;213;;16;9;8;549;16;;
588504;Chomýž;298;191;191;5;0;0;11;;0;4;13;1;0;;3;0;1;18;;;0;4;68;0;0;25;;0;0;0;38;0;;
588512;Chropyně;4 068;2 445;2 406;175;7;2;170;;2;62;280;35;20;;26;4;2;143;;;0;34;856;6;5;94;;25;4;17;424;13;;
506737;Chvalčov;1 397;862;858;98;2;1;42;;0;39;53;20;3;;17;0;6;53;;;1;19;278;1;0;49;;7;0;1;164;4;;
588547;Chvalnov-Lísky;199;114;114;10;0;0;7;;0;5;12;0;0;;2;0;0;10;;;0;7;22;0;1;18;;0;0;1;17;2;;
588555;Jankovice;312;215;213;14;0;1;16;;0;10;12;4;1;;7;0;0;22;;;0;7;59;2;0;16;;0;0;1;40;1;;
588563;Jarohněvice;240;164;164;17;0;0;20;;0;1;11;3;1;;3;0;0;12;;;1;6;45;0;0;18;;1;0;0;25;0;;
587354;Karolín;193;126;125;7;2;0;9;;0;4;10;2;0;;1;0;0;21;;;0;4;29;0;2;18;;0;0;0;16;0;;
588598;Komárno;258;171;171;11;0;0;23;;0;15;8;1;1;;1;0;2;10;;;0;0;39;0;2;34;;0;1;0;21;2;;
588601;Koryčany;2 292;1 277;1 270;80;1;0;147;;2;70;204;7;16;;21;4;1;100;;;0;26;320;1;2;92;;2;5;6;160;3;;
588521;Kostelany;514;323;319;20;6;0;20;;0;11;30;3;7;;1;0;0;24;;;0;14;111;0;0;24;;0;2;4;41;1;;
588610;Kostelec u Holešova;821;507;503;39;1;0;36;;0;12;49;3;2;;5;0;1;27;;;2;9;147;0;4;79;;1;0;2;82;2;;
588296;Kroměříž;24 150;14 796;14 650;1 450;37;9;1 118;;14;499;1 231;266;75;;218;7;60;1 347;;;15;526;4 409;6;18;1 172;;102;33;26;1 940;72;;
588628;Kunkovice;60;38;36;1;0;0;1;;0;1;5;0;0;;1;0;0;4;;;0;1;10;0;0;4;;0;0;0;8;0;;
588636;Kurovice;216;154;153;6;0;0;9;;0;6;19;0;0;;2;0;0;2;;;0;3;82;0;0;16;;0;0;0;8;0;;
588644;Kvasice;1 832;1 091;1 084;98;1;2;75;;0;53;88;17;10;;10;1;0;74;;;0;24;383;0;0;91;;7;2;1;141;6;;
588652;Kyselovice;403;246;244;15;0;0;10;;1;16;33;1;2;;3;0;0;14;;;0;8;79;0;1;35;;1;0;1;24;0;;
588661;Lechotice;319;185;183;6;0;0;13;;0;3;7;1;0;;3;0;0;10;;;0;3;71;0;0;23;;7;0;0;33;3;;
588695;Litenčice;384;238;236;6;1;0;17;;0;67;26;4;2;;2;3;0;15;;;0;5;51;0;0;15;;0;0;0;20;2;;
588709;Loukov;771;465;464;33;0;0;25;;0;56;31;6;1;;10;1;0;30;;;0;9;112;0;0;51;;4;2;0;93;0;;
588717;Lubná;365;218;217;22;0;0;5;;0;9;16;2;1;;2;0;0;14;;;0;4;71;0;0;19;;1;0;0;50;1;;
588725;Ludslavice;402;246;243;21;0;0;12;;0;9;16;3;5;;3;0;1;9;;;0;9;79;0;0;34;;5;0;1;35;1;;
588733;Lutopecny;480;310;306;18;1;0;21;;0;14;37;3;1;;0;0;0;18;;;0;7;96;0;0;46;;0;0;0;41;3;;
588741;Martinice;602;410;410;26;0;0;29;;0;21;27;4;2;;8;0;1;33;;;0;8;132;1;0;48;;4;0;1;64;1;;
588750;Míškovice;498;329;329;39;0;0;13;;0;19;16;4;2;;8;0;0;16;;;0;5;94;1;0;42;;1;1;0;65;3;;
588768;Morkovice-Slížany;2 342;1 377;1 369;55;2;0;79;;1;47;237;22;6;;19;3;1;113;;;2;18;394;0;2;111;;8;2;2;237;8;;
553905;Mrlínek;236;163;163;11;0;0;11;;0;1;14;0;0;;1;0;0;9;;;0;0;40;0;0;8;;1;0;0;67;0;;
588784;Němčice;296;182;180;24;0;0;13;;0;4;18;2;0;;0;0;0;12;;;0;2;65;0;3;12;;0;0;0;25;0;;
588806;Nítkovice;213;105;105;6;0;1;6;;0;6;15;2;1;;6;1;0;6;;;0;2;35;0;0;5;;2;0;0;9;2;;
588814;Nová Dědina;346;242;242;9;0;0;16;;0;13;19;4;1;;2;0;2;15;;;0;3;87;0;1;12;;0;0;0;57;1;;
588822;Osíčko;368;218;212;10;0;0;6;;0;18;20;0;3;;1;0;0;14;;;0;2;70;0;0;26;;0;1;0;40;1;;
588831;Pacetluky;196;121;119;6;0;0;10;;0;6;13;2;0;;2;0;0;4;;;0;8;26;0;0;13;;0;0;0;28;1;;
588849;Pačlavice;728;458;454;10;0;0;52;;3;16;73;3;3;;3;0;2;29;;;0;4;136;1;1;37;;0;1;1;77;2;;
588865;Počenice-Tetětice;598;355;348;23;0;0;10;;0;11;76;0;2;;4;1;0;20;;;0;2;95;1;1;35;;3;0;0;55;9;;
588873;Podhradní Lhota;407;229;227;21;0;0;6;;0;12;11;1;1;;4;0;0;21;;;0;6;52;1;0;54;;1;1;1;33;1;;
587397;Prasklice;190;118;118;9;0;0;10;;0;8;19;0;1;;2;0;0;7;;;0;4;23;1;0;9;;2;1;0;21;1;;
588890;Pravčice;620;396;392;14;2;0;35;;0;11;32;11;0;;6;0;2;27;;;1;1;142;0;2;19;;2;0;0;85;0;;
588903;Prusinovice;967;612;607;44;0;0;39;;0;30;51;4;5;;17;0;2;47;;;0;9;164;0;1;67;;4;1;1;121;0;;
549720;Přílepy;769;529;527;40;0;0;22;;0;29;34;7;4;;3;0;2;36;;;1;19;159;0;0;61;;3;1;8;92;6;;
588920;Rajnochovice;439;259;258;15;1;1;19;;1;15;39;2;0;;7;0;0;24;;;1;0;66;0;1;39;;2;0;0;25;0;;
588938;Rataje;902;607;605;34;0;2;27;;1;17;70;9;1;;10;1;3;53;;;1;16;171;0;4;80;;3;3;2;93;4;;
588946;Roštění;549;332;325;12;0;1;23;;0;6;35;2;4;;5;0;2;17;;;1;8;124;0;1;49;;2;0;2;30;1;;
588954;Roštín;586;317;314;40;0;0;15;;0;12;34;4;2;;5;0;0;16;;;0;8;88;0;0;23;;1;1;0;64;1;;
588962;Rusava;519;318;315;32;0;0;26;;0;12;20;4;4;;0;0;1;18;;;0;12;93;0;0;22;;3;0;0;67;1;;
588971;Rymice;489;310;310;24;2;0;21;;0;17;15;5;1;;6;1;1;21;;;1;13;90;1;1;45;;2;0;0;43;0;;
588989;Skaštice;308;194;193;12;2;0;3;;0;9;15;3;1;;3;0;1;12;;;0;4;84;0;0;22;;0;0;0;22;0;;
588997;Slavkov pod Hostýnem;506;300;300;29;1;1;9;;0;9;17;3;2;;3;0;0;31;;;0;2;98;0;0;28;;5;0;0;62;0;;
589004;Soběsuky;281;204;201;4;1;0;23;;0;9;22;4;1;;1;0;1;10;;;0;3;62;0;1;17;;1;1;0;39;1;;
589039;Střílky;532;341;340;25;0;2;29;;4;26;38;6;0;;1;0;0;33;;;4;5;87;0;1;26;;0;4;1;44;4;;
589047;Střížovice;213;102;101;8;0;0;7;;0;9;6;3;1;;5;1;2;9;;;0;2;27;0;1;7;;0;0;0;13;0;;
589055;Sulimov;129;83;83;2;1;0;2;;0;6;9;0;1;;1;0;0;9;;;0;1;11;0;0;19;;0;0;0;21;0;;
557188;Šelešovice;256;161;160;7;0;0;6;;0;3;22;4;5;;2;0;2;8;;;0;3;58;1;0;12;;0;0;0;24;3;;
589080;Troubky-Zdislavice;382;223;222;4;0;2;17;;1;9;36;0;2;;2;0;0;10;;;0;12;64;0;0;13;;0;0;0;45;5;;
589098;Třebětice;219;127;127;19;0;0;7;;0;8;5;2;0;;0;0;2;5;;;0;1;44;0;0;16;;0;0;0;18;0;;
589110;Uhřice;155;92;90;4;0;0;5;;0;1;23;1;1;;0;0;0;5;;;0;4;23;0;0;1;;0;0;2;20;0;;
589128;Věžky;333;211;211;12;2;0;13;;0;6;11;3;1;;5;0;0;17;;;1;3;67;0;2;12;;0;0;0;28;28;;
589136;Vítonice;364;220;218;15;0;0;21;;1;17;13;1;0;;3;2;0;12;;;0;1;75;0;1;23;;0;0;0;32;1;;
542393;Vrbka;171;104;102;5;0;0;9;;0;2;5;2;0;;1;0;2;13;;;0;1;37;0;0;9;;2;0;1;13;0;;
589152;Zahnašovice;259;170;170;6;0;0;12;;0;4;8;0;1;;2;0;0;8;;;0;8;63;0;1;24;;0;0;1;31;1;;
589161;Záříčí;589;360;356;19;0;0;21;;0;12;54;4;6;;8;0;0;21;;;0;2;131;0;0;12;;4;1;0;59;2;;
587257;Zástřizly;121;93;93;9;0;0;6;;0;7;4;0;0;;2;0;0;7;;;0;0;28;0;0;16;;0;0;0;14;0;;
589187;Zborovice;1 226;679;674;41;1;0;64;;0;37;85;2;3;;16;0;0;42;;;0;6;195;0;2;46;;1;1;1;120;11;;
589195;Zdounky;1 707;1 000;990;51;1;0;62;;2;61;135;7;7;;16;2;0;68;;;1;7;287;0;5;82;;13;3;2;162;16;;
589217;Zlobice;502;287;285;19;1;0;10;;0;10;34;6;1;;3;0;0;26;;;0;5;91;0;1;33;;1;1;0;40;3;;
589225;Žalkovice;499;336;331;23;1;0;19;;0;14;19;9;0;;5;1;0;21;;;0;9;133;0;0;44;;3;0;0;28;2;;
589233;Žeranovice;624;374;373;15;0;0;19;;2;20;34;3;2;;2;1;0;29;;;0;7;97;0;1;81;;5;3;1;45;6;;
592013;Babice;1 452;873;866;79;0;0;60;;0;55;66;5;6;;3;0;2;74;;;0;23;254;1;0;95;;5;1;0;133;4;;
592021;Bánov;1 707;1 070;1 063;92;2;1;75;;0;117;62;10;1;;11;1;2;71;;;1;11;293;1;0;148;;6;0;0;156;2;;
592030;Bílovice;1 473;1 018;1 008;98;0;0;67;;1;66;80;10;5;;14;0;1;90;;;0;28;264;0;2;147;;4;3;1;92;35;;
592048;Bojkovice;3 635;2 183;2 170;290;6;0;165;;1;79;225;23;7;;20;1;1;134;;;4;37;612;0;3;208;;16;1;3;322;12;;
592064;Boršice;1 788;1 141;1 131;103;0;0;74;;1;61;136;14;3;;14;0;0;95;;;0;33;279;2;0;199;;4;1;1;108;3;;
592056;Boršice u Blatnice;660;407;404;49;0;0;24;;0;13;59;1;3;;8;0;0;25;;;1;9;95;0;2;73;;1;1;0;39;1;;
592072;Břestek;657;406;402;49;0;0;36;;0;19;33;6;1;;10;0;0;37;;;0;13;128;0;2;27;;4;0;0;37;0;;
592081;Březolupy;1 359;881;877;99;3;0;64;;1;68;84;7;10;;9;2;1;80;;;0;24;189;0;2;87;;22;1;1;112;11;;
592099;Březová;827;442;439;44;2;0;10;;0;32;51;1;2;;3;0;0;19;;;0;3;128;0;2;59;;1;0;1;80;1;;
592102;Buchlovice;2 085;1 333;1 320;173;4;0;107;;3;57;135;20;6;;15;1;1;123;;;0;38;358;1;3;129;;5;1;1;131;8;;
592111;Bystřice pod Lopeníkem;663;428;423;25;0;0;20;;1;71;31;6;4;;4;0;0;25;;;0;2;105;0;2;40;;1;1;1;81;3;;
592137;Částkov;308;197;195;9;0;0;10;;0;6;17;1;4;;3;0;1;10;;;1;1;64;0;0;26;;4;0;0;38;0;;
592145;Dolní Němčí;2 464;1 474;1 469;120;0;0;104;;4;151;67;10;13;;17;0;1;95;;;0;35;384;1;0;235;;6;3;6;206;11;;
592153;Drslavice;431;308;307;23;0;0;16;;0;6;18;1;2;;6;0;2;15;;;0;8;61;0;0;87;;1;0;0;54;7;;
592170;Hluk;3 503;2 188;2 171;222;4;2;149;;2;131;164;25;10;;33;1;2;157;;;3;50;560;1;4;322;;7;3;2;306;11;;
592188;Horní Němčí;681;434;434;32;0;0;31;;0;30;55;2;2;;3;3;1;21;;;1;7;105;0;1;42;;10;0;2;82;4;;
592196;Hostějov;36;33;33;1;0;0;3;;0;2;6;0;0;;0;0;0;2;;;0;3;2;0;0;12;;1;0;0;1;0;;
550736;Hostětín;192;137;136;15;0;0;10;;0;6;7;7;0;;5;0;0;10;;;0;2;24;0;0;36;;2;0;0;12;0;;
592200;Hradčovice;810;570;564;37;0;0;24;;0;18;17;6;3;;7;0;0;27;;;0;20;137;0;0;149;;4;0;2;59;54;;
592218;Huštěnovice;793;535;531;37;1;0;32;;0;22;51;9;3;;6;0;2;44;;;1;8;172;0;3;62;;3;0;2;71;2;;
592226;Jalubí;1 452;868;864;78;0;0;67;;0;71;76;6;5;;9;0;0;48;;;0;14;289;0;0;104;;3;1;7;83;3;;
592234;Jankovice;380;243;243;17;0;0;21;;0;12;27;1;2;;1;0;0;18;;;1;6;83;0;1;14;;1;0;1;37;0;;
592269;Kněžpole;886;632;627;55;0;0;37;;1;27;61;3;2;;15;0;0;44;;;0;11;180;0;1;125;;2;5;0;57;1;;
592277;Komňa;449;326;324;108;1;0;18;;0;9;32;4;0;;2;0;0;16;;;0;2;74;0;0;17;;2;0;1;31;7;;
592285;Korytná;783;493;492;22;1;0;41;;0;54;51;2;4;;3;0;2;22;;;1;16;155;0;0;51;;6;0;0;57;4;;
592293;Kostelany nad Moravou;749;476;473;47;0;0;25;;0;26;36;7;3;;4;0;0;37;;;0;8;139;0;2;68;;1;0;1;68;1;;
592307;Košíky;334;201;201;12;0;0;9;;0;19;22;2;1;;5;0;1;18;;;0;3;57;0;0;16;;0;0;0;35;1;;
592323;Kudlovice;788;492;490;42;0;0;34;;1;34;31;3;4;;12;0;0;45;;;0;20;146;1;0;39;;1;3;0;73;1;;
550744;Kunovice;4 489;2 776;2 760;309;1;1;204;;1;221;184;35;13;;53;2;7;234;;;6;73;754;2;2;302;;16;4;2;322;12;;
592340;Lopeník;190;106;104;15;0;0;10;;0;6;7;4;1;;4;0;0;7;;;0;5;25;0;1;4;;1;0;0;14;0;;
592366;Medlovice;384;230;227;15;0;0;12;;0;7;29;6;3;;4;0;0;16;;;1;6;60;0;1;24;;1;0;1;32;9;;
592382;Mistřice;926;583;580;74;0;0;28;;1;32;55;4;1;;5;0;1;30;;;0;12;169;0;0;95;;7;0;1;64;1;;
592391;Modrá;570;398;396;28;0;0;20;;0;24;26;5;0;;6;1;1;33;;;1;22;91;0;0;100;;3;0;0;34;1;;
592404;Nedachlebice;650;446;441;23;0;0;30;;1;21;68;3;6;;4;0;0;25;;;0;2;92;0;0;99;;3;1;1;60;2;;
592412;Nedakonice;1 271;824;819;81;1;1;44;;0;56;105;6;3;;8;0;2;65;;;0;25;230;2;1;94;;4;1;1;83;6;;
592421;Nezdenice;622;413;412;28;0;0;40;;0;19;50;7;2;;6;1;0;34;;;3;4;101;0;1;34;;40;0;1;40;1;;
592439;Nivnice;2 685;1 773;1 761;146;1;1;160;;0;180;105;26;13;;38;1;0;126;;;0;23;415;0;4;296;;9;1;2;205;9;;
592447;Ořechov;590;378;377;42;0;0;14;;0;37;21;3;0;;5;0;0;31;;;0;15;97;0;0;69;;3;0;2;38;0;;
592455;Ostrožská Lhota;1 212;791;788;48;0;0;48;;0;29;98;12;2;;8;0;0;43;;;0;16;214;0;1;176;;8;3;0;78;4;;
592463;Ostrožská Nová Ves;2 813;1 781;1 770;204;2;0;96;;0;83;153;18;7;;36;1;2;141;;;2;44;473;2;2;236;;8;5;1;245;9;;
592471;Osvětimany;707;434;429;33;2;0;19;;0;11;46;2;2;;14;0;0;24;;;0;13;103;1;1;26;;8;0;1;58;65;;
592480;Pašovice;594;397;397;25;0;0;12;;0;24;28;4;2;;9;2;1;32;;;1;4;141;0;0;49;;3;3;0;56;1;;
592498;Pitín;745;464;463;38;1;1;29;;1;17;71;1;1;;6;1;1;37;;;0;7;87;0;1;102;;4;0;0;55;2;;
592501;Podolí;694;420;417;43;0;0;24;;0;44;26;2;4;;9;4;1;32;;;0;13;120;0;0;35;;4;0;0;50;6;;
592510;Polešovice;1 616;1 037;1 032;134;0;1;65;;0;129;54;7;4;;16;0;4;70;;;3;26;276;0;3;137;;3;1;2;93;4;;
592528;Popovice;863;589;586;46;1;0;29;;0;46;66;6;6;;7;0;0;48;;;1;16;150;1;2;96;;0;2;1;55;7;;
592536;Prakšice;813;561;561;40;0;0;46;;1;25;25;6;2;;12;0;1;51;;;0;13;133;0;0;123;;6;2;0;72;3;;
592552;Rudice;374;245;245;17;1;0;20;;0;14;33;3;4;;5;0;0;23;;;0;3;56;0;0;18;;9;1;0;34;4;;
592561;Salaš;327;206;203;19;0;0;14;;0;10;27;2;0;;3;0;1;12;;;0;5;53;0;0;22;;2;0;1;30;2;;
592579;Slavkov;551;326;325;32;0;0;29;;0;12;35;2;0;;4;0;4;14;;;0;9;122;0;1;14;;1;0;0;41;5;;
592587;Staré Hutě;116;81;81;5;0;0;6;;0;6;14;5;0;;0;0;0;9;;;0;4;15;0;0;5;;0;0;0;8;4;;
550752;Staré Město;5 448;3 536;3 499;401;6;5;197;;0;285;248;39;11;;66;4;2;318;;;2;92;796;2;4;553;;18;6;3;425;16;;
592609;Starý Hrozenkov;715;444;439;30;1;0;15;;0;5;54;3;2;;3;0;0;30;;;0;24;130;0;1;64;;1;2;1;72;1;;
592617;Strání;2 916;1 656;1 640;88;2;0;109;;0;56;144;16;12;;16;0;1;68;;;5;19;332;0;3;528;;6;2;0;209;24;;
592625;Stříbrnice;349;217;216;38;1;1;19;;0;6;24;2;3;;2;1;0;22;;;0;7;49;0;0;14;;2;0;2;21;2;;
592633;Stupava;140;110;103;8;0;0;6;;0;4;14;0;4;;1;2;0;8;;;0;2;34;0;0;3;;0;0;0;15;2;;
592641;Suchá Loz;876;592;590;8;1;0;31;;0;209;31;2;3;;3;0;0;20;;;0;8;134;0;0;77;;1;0;0;60;2;;
592650;Sušice;502;352;350;27;0;0;30;;1;19;24;9;0;;4;0;0;23;;;0;8;119;1;0;28;;3;0;0;51;3;;
592668;Svárov;213;140;139;11;0;0;9;;0;13;16;0;2;;0;0;0;10;;;0;3;31;0;0;30;;0;0;2;10;2;;
592676;Šumice;1 353;869;865;50;2;2;48;;0;39;61;14;8;;9;3;2;71;;;1;18;219;0;1;209;;8;2;0;92;6;;
592692;Topolná;1 342;862;857;61;2;0;44;;0;61;97;3;6;;14;1;1;81;;;0;11;212;0;0;155;;10;2;3;90;3;;
592706;Traplice;956;584;582;44;0;0;49;;0;34;61;5;6;;11;0;0;38;;;2;22;172;1;4;58;;2;0;1;67;5;;
592714;Tučapy;199;123;121;13;1;1;10;;0;8;6;3;0;;2;0;0;5;;;0;5;31;0;0;16;;0;0;0;19;1;;
592722;Tupesy;898;560;557;43;0;0;36;;0;37;44;7;1;;5;4;0;49;;;0;13;156;1;1;76;;2;0;1;77;4;;
592005;Uherské Hradiště;20 799;12 977;12 903;1 973;15;7;1 018;;11;766;1 013;211;49;;214;14;7;1 353;;;15;535;3 166;3;11;1 087;;113;21;12;1 228;61;;
592731;Uherský Brod;13 772;8 539;8 501;791;6;7;663;;4;577;583;88;45;;132;12;8;720;;;3;249;2 153;6;12;1 144;;76;8;10;1 143;61;;
592749;Uherský Ostroh;3 596;2 158;2 139;186;2;0;241;;0;74;176;28;8;;23;3;1;186;;;1;70;546;3;3;274;;10;1;2;282;19;;
592757;Újezdec;185;108;108;1;0;1;9;;0;1;12;0;0;;0;0;0;11;;;0;2;35;0;1;12;;0;0;0;21;2;;
592773;Vápenice;168;113;112;2;0;0;12;;0;5;10;1;0;;1;0;0;4;;;0;3;22;0;0;27;;1;0;0;24;0;;
592781;Vážany;345;240;234;19;0;0;9;;0;19;14;1;2;;10;0;0;14;;;0;6;66;0;0;42;;1;0;0;28;3;;
592790;Velehrad;993;605;602;62;1;0;32;;0;40;76;1;1;;6;0;1;44;;;2;19;128;0;0;134;;4;0;1;48;2;;
592803;Veletiny;458;332;332;48;0;0;20;;0;16;35;0;2;;2;0;0;17;;;0;12;54;0;0;67;;3;1;2;43;10;;
592820;Vlčnov;2 481;1 618;1 607;236;6;0;109;;3;123;114;21;5;;19;0;2;123;;;2;46;372;1;6;222;;3;1;3;181;9;;
592838;Vyškovec;128;63;61;2;0;0;6;;1;2;9;3;1;;0;0;0;3;;;0;1;11;0;0;5;;0;0;1;16;0;;
592846;Záhorovice;878;538;535;54;2;0;42;;0;23;48;9;0;;5;1;0;42;;;0;5;153;0;0;57;;4;0;2;81;7;;
592854;Zlámanec;250;163;163;13;0;0;15;;0;3;11;5;0;;1;0;0;8;;;0;1;48;0;1;34;;2;0;0;17;4;;
592862;Zlechov;1 351;834;828;78;0;0;57;;0;36;77;7;5;;7;0;1;80;;;0;12;276;1;2;94;;4;0;0;90;1;;
592871;Žítková;140;94;93;5;0;0;5;;0;7;10;1;2;;0;0;0;7;;;0;3;22;0;0;15;;2;0;0;13;1;;
541648;Branky;771;455;453;25;0;0;18;;0;14;42;6;4;;4;0;0;51;;;0;21;156;0;1;37;;1;5;0;67;1;;
541711;Bystřička;814;549;543;76;2;0;35;;1;26;20;10;5;;6;0;1;57;;;1;21;181;0;1;32;;1;3;1;61;2;;
541800;Dolní Bečva;1 551;945;942;88;0;0;75;;0;37;54;7;7;;10;0;2;79;;;0;29;257;1;1;171;;6;1;2;113;2;;
542644;Francova Lhota;1 305;761;757;67;0;0;42;;0;43;39;10;10;;21;1;2;67;;;0;18;174;1;1;151;;2;1;2;98;7;;
542679;Halenkov;1 909;1 046;1 041;98;1;0;124;;0;26;72;11;8;;11;1;3;66;;;0;33;260;0;1;183;;5;1;6;129;2;;
542687;Horní Bečva;2 119;1 277;1 271;123;0;0;94;;0;66;77;14;14;;32;3;2;107;;;1;25;351;3;1;122;;13;3;0;217;3;;
542725;Horní Lideč;1 099;725;717;42;1;0;38;;0;25;30;13;1;;9;0;0;59;;;0;15;175;0;2;213;;2;2;1;83;6;;
542750;Hošťálková;1 766;1 046;1 041;106;0;0;54;;0;64;56;9;6;;14;4;2;75;;;0;17;288;1;1;114;;4;4;1;217;4;;
542768;Hovězí;1 927;1 196;1 187;97;0;2;73;;1;131;74;10;17;;10;0;2;74;;;0;11;325;0;1;207;;2;2;3;144;1;;
542784;Huslenky;1 816;1 013;1 008;79;1;1;96;;3;58;56;7;10;;14;1;3;88;;;0;26;245;1;2;154;;3;1;2;155;2;;
542814;Hutisko-Solanec;1 607;1 006;991;98;2;0;64;;0;47;82;13;5;;11;0;2;67;;;0;18;295;1;1;148;;10;10;1;112;4;;
542831;Choryně;599;359;357;29;1;1;25;;0;11;27;3;2;;6;1;1;32;;;1;7;119;0;0;41;;3;0;1;44;2;;
542865;Jablůnka;1 647;1 004;998;113;0;1;66;;0;54;58;14;5;;18;3;3;111;;;0;18;279;0;4;79;;13;4;2;148;5;;
570346;Janová;609;375;374;58;3;0;21;;0;29;24;3;2;;10;2;1;33;;;0;5;98;0;2;27;;4;1;1;47;3;;
542903;Jarcová;675;405;402;37;0;0;40;;1;21;16;5;5;;3;0;0;49;;;0;9;136;1;0;29;;1;0;0;48;1;;
542911;Karolinka;2 161;1 179;1 172;102;1;3;127;;1;39;108;14;9;;20;0;1;72;;;1;18;330;0;2;119;;2;2;1;196;4;;
542946;Kateřinice;834;487;483;44;0;0;27;;0;45;34;7;6;;10;2;0;32;;;0;11;127;0;0;40;;0;4;0;92;2;;
542989;Kelč;2 091;1 386;1 380;73;2;1;65;;3;67;88;6;6;;13;2;0;87;;;0;27;482;0;1;285;;4;1;2;162;3;;
542997;Kladeruby;354;208;208;17;0;0;13;;1;7;16;2;4;;1;0;0;13;;;0;4;83;0;2;29;;2;0;0;14;0;;
500062;Krhová;1 616;1 034;1 031;111;2;1;46;;2;27;48;5;16;;31;1;2;86;;;1;20;391;1;0;105;;7;0;3;124;1;;
543021;Kunovice;498;357;355;14;0;0;17;;1;15;36;1;0;;4;0;0;46;;;0;5;125;0;0;43;;2;1;1;43;1;;
543098;Lačnov;679;430;422;18;1;0;30;;0;19;21;2;5;;8;1;0;27;;;1;12;92;1;2;143;;1;1;0;36;1;;
544264;Leskovec;553;289;286;27;1;0;20;;2;32;14;2;2;;4;0;0;27;;;0;5;81;0;0;22;;1;0;3;40;3;;
544302;Lešná;1 645;1 074;1 061;77;0;0;67;;0;34;64;8;7;;10;1;1;119;;;0;34;398;0;2;125;;3;0;2;102;7;;
556866;Lhota u Vsetína;639;381;381;47;2;1;23;;0;38;24;7;3;;14;1;0;43;;;2;9;81;0;2;17;;1;2;0;63;1;;
544370;Lidečko;1 436;916;913;39;2;0;26;;1;19;24;6;6;;10;0;0;53;;;0;13;201;1;2;426;;1;0;1;82;0;;
544396;Liptál;1 205;719;714;78;1;0;44;;2;43;31;9;4;;23;0;0;62;;;1;22;178;0;3;52;;4;0;1;150;6;;
544418;Loučka;637;406;403;41;1;0;19;;0;31;22;3;2;;7;3;1;15;;;0;12;160;0;1;31;;2;1;1;49;1;;
544434;Lužná;502;310;310;8;0;0;13;;0;27;20;3;4;;2;0;0;20;;;0;5;86;0;1;74;;1;0;0;45;1;;
544469;Malá Bystřice;276;184;183;12;0;0;21;;0;9;16;1;3;;5;0;1;24;;;0;9;46;0;0;19;;0;2;0;15;0;;
544507;Mikulůvka;601;349;346;41;0;2;19;;0;22;23;9;0;;6;1;0;33;;;0;19;91;0;0;22;;2;1;1;52;2;;
544566;Nový Hrozenkov;2 173;1 115;1 110;117;1;1;137;;1;37;58;16;7;;20;2;2;69;;;2;30;225;0;3;210;;5;2;2;152;11;;
544574;Oznice;370;285;283;21;0;0;15;;0;18;10;2;2;;6;0;0;31;;;0;7;105;0;0;25;;1;0;0;40;0;;
569496;Podolí;200;113;113;5;0;0;11;;0;7;9;1;0;;6;0;0;0;;;0;1;39;0;0;18;;1;0;0;15;0;;
544621;Police;445;279;277;22;0;1;10;;0;16;12;1;4;;2;0;0;32;;;1;3;94;0;0;36;;0;0;0;42;1;;
500071;Poličná;1 443;959;954;106;0;2;61;;2;37;62;7;12;;16;3;1;74;;;1;32;326;1;1;83;;3;2;3;117;2;;
544655;Pozděchov;489;305;303;15;1;0;12;;0;33;29;5;5;;1;0;0;23;;;0;0;75;2;0;59;;4;0;0;36;3;;
544671;Prlov;443;271;270;8;0;0;36;;0;22;37;5;4;;7;0;0;9;;;0;3;86;0;2;17;;0;1;1;31;1;;
544698;Prostřední Bečva;1 456;943;938;79;0;0;45;;1;35;47;4;3;;17;0;0;65;;;0;20;320;0;2;111;;10;2;5;166;6;;
544728;Pržno;518;323;323;34;1;0;19;;1;15;24;8;0;;3;0;1;20;;;0;10;94;0;2;33;;7;0;1;47;3;;
544787;Ratiboř;1 496;915;909;129;3;0;71;;0;54;54;9;11;;15;0;1;67;;;0;24;261;2;1;60;;7;2;2;126;10;;
544841;Rožnov pod Radhoštěm;13 759;8 366;8 313;1 008;11;4;512;;3;371;350;188;54;;121;7;6;929;;;6;275;2 520;5;13;679;;76;22;12;1 108;33;;
544850;Růžďka;760;424;422;35;0;1;29;;4;34;25;3;5;;6;1;2;41;;;0;13;132;1;0;38;;0;1;0;49;2;;
544906;Seninka;251;158;157;31;0;0;11;;0;13;13;10;2;;1;0;0;9;;;0;2;46;0;5;1;;0;0;0;12;1;;
544914;Střelná;495;283;281;27;1;0;29;;0;7;20;3;1;;5;0;0;10;;;0;1;64;0;2;72;;0;0;0;39;0;;
544922;Střítež nad Bečvou;691;451;451;36;0;0;46;;2;34;24;9;5;;5;2;2;34;;;1;11;141;1;0;48;;0;1;1;48;0;;
544931;Študlov;433;272;272;21;0;0;8;;0;12;12;2;3;;10;0;0;18;;;0;7;53;0;1;84;;0;1;0;39;1;;
570371;Ústí;507;309;307;44;0;2;28;;1;27;12;2;5;;3;0;4;21;;;0;4;98;2;0;23;;1;0;2;28;0;;
544949;Valašská Bystřice;1 843;1 098;1 094;85;0;0;98;;1;38;46;13;5;;14;2;1;99;;;0;30;296;0;2;237;;4;3;1;116;3;;
544990;Valašská Polanka;1 164;715;707;35;2;0;27;;0;70;32;6;12;;7;0;0;61;;;1;23;176;0;3;160;;3;2;0;84;3;;
553026;Valašská Senice;379;224;223;16;0;0;14;;0;13;8;2;13;;5;1;2;9;;;0;1;44;0;0;68;;1;0;0;24;2;;
545058;Valašské Meziříčí;18 229;10 963;10 883;1 107;5;9;692;;9;325;601;123;60;;233;10;9;1 015;;;15;357;3 737;7;19;1 044;;77;16;10;1 370;33;;
545112;Valašské Příkazy;243;159;159;15;1;0;10;;0;9;11;5;1;;1;0;1;12;;;0;7;33;0;1;35;;0;0;0;16;1;;
545147;Velká Lhota;415;265;262;37;0;0;9;;0;18;11;1;2;;9;0;0;21;;;0;12;77;0;0;33;;1;1;1;29;0;;
545163;Velké Karlovice;2 101;1 285;1 273;154;0;3;100;;0;77;85;17;5;;20;1;5;104;;;0;62;268;0;2;209;;10;2;7;132;10;;
545198;Vidče;1 384;884;877;101;1;0;73;;0;52;54;7;9;;10;3;1;95;;;0;18;224;1;1;89;;6;3;0;124;5;;
545210;Vigantice;856;566;563;109;0;0;33;;1;25;20;11;2;;9;0;6;64;;;0;15;153;0;0;50;;9;5;6;44;1;;
541630;Vsetín;21 435;12 393;12 307;1 416;40;5;1 000;;12;786;867;231;83;;264;14;15;1 137;;;11;362;3 136;14;26;1 178;;71;24;15;1 541;59;;
545236;Zašová;2 358;1 449;1 443;143;0;2;84;;0;70;54;29;6;;34;0;2;142;;;0;46;430;0;3;230;;6;8;1;145;8;;
545244;Zděchov;499;314;311;27;1;0;18;;1;15;16;5;1;;4;0;0;23;;;0;10;102;0;1;58;;1;1;1;26;0;;
545252;Zubří;4 446;2 831;2 805;252;1;3;214;;3;109;170;28;26;;75;2;0;231;;;2;67;882;0;1;244;;16;29;7;395;48;;
588318;Bělov;257;174;174;25;0;0;8;;0;14;20;1;0;;2;0;0;14;;;0;6;51;0;0;9;;4;0;0;20;0;;
585076;Biskupice;564;314;314;17;1;0;16;;0;15;34;2;6;;15;0;0;16;;;0;1;102;0;1;38;;2;0;2;42;4;;
557102;Bohuslavice nad Vláří;315;201;201;19;1;0;24;;1;8;13;2;3;;1;1;0;16;;;0;2;65;1;0;22;;0;0;3;18;1;;
585092;Bohuslavice u Zlína;637;399;397;32;0;0;28;;0;36;24;6;5;;5;0;0;21;;;0;8;125;0;3;40;;1;2;0;54;7;;
585106;Bratřejov;640;422;419;20;12;0;34;;0;29;35;7;5;;3;0;0;35;;;0;4;97;1;0;76;;1;0;1;55;4;;
585114;Brumov-Bylnice;4 531;2 599;2 582;158;7;1;239;;1;159;159;19;12;;41;2;1;160;;;1;38;765;0;3;495;;23;2;4;282;10;;
538744;Březnice;1 032;687;681;82;0;2;36;;0;49;33;4;4;;23;0;0;45;;;1;22;212;0;0;70;;0;0;1;91;6;;
585131;Březová;375;262;261;18;1;0;14;;0;16;24;3;4;;1;0;0;23;;;0;4;71;0;0;44;;0;1;0;33;4;;
585149;Březůvky;567;359;356;23;3;0;18;;0;16;19;3;3;;4;0;0;36;;;2;8;102;0;0;41;;0;2;0;74;2;;
585157;Dešná;165;103;103;2;0;0;6;;0;16;7;0;0;;5;0;0;4;;;0;1;32;0;0;19;;1;0;0;10;0;;
585165;Dobrkovice;215;143;143;11;1;0;20;;0;4;7;0;5;;3;0;0;3;;;0;0;38;0;1;29;;1;0;0;20;0;;
585173;Dolní Lhota;504;354;353;21;1;0;17;;0;20;15;2;2;;1;2;0;23;;;0;3;84;0;3;125;;2;0;1;27;4;;
585181;Doubravy;436;271;270;38;2;0;19;;0;26;10;5;0;;0;0;1;22;;;0;10;77;0;0;15;;0;0;0;43;2;;
585190;Drnovice;329;217;216;5;0;0;15;;0;24;6;2;5;;0;0;0;15;;;0;5;51;0;0;73;;2;0;0;13;0;;
585203;Držková;299;194;194;14;1;0;15;;1;13;10;0;1;;1;0;0;13;;;1;3;72;0;0;22;;0;0;0;27;0;;
585211;Fryšták;3 037;1 972;1 952;267;3;0;133;;0;101;80;28;8;;46;1;3;125;;;0;76;536;0;3;259;;5;3;0;260;15;;
585220;Halenkovice;1 502;887;886;49;5;1;47;;3;51;97;9;5;;10;1;2;70;;;2;21;316;0;2;61;;4;0;1;124;5;;
585238;Haluzice;70;46;46;0;0;0;5;;0;1;5;0;0;;1;0;0;3;;;0;1;13;0;0;5;;0;0;0;12;0;;
585246;Horní Lhota;457;315;315;35;0;0;21;;0;20;23;2;2;;1;0;0;33;;;0;19;68;1;0;65;;0;1;0;24;0;;
585254;Hostišová;386;238;236;14;1;1;6;;0;20;15;0;1;;2;0;0;17;;;0;6;57;0;0;41;;3;2;1;43;6;;
585262;Hrobice;381;218;217;24;3;0;21;;1;18;11;2;4;;1;1;0;10;;;0;2;49;0;0;40;;0;1;0;28;1;;
585271;Hřivínův Újezd;452;283;283;16;0;0;20;;0;17;25;1;0;;1;0;0;14;;;0;4;92;1;0;38;;0;0;0;52;2;;
585289;Hvozdná;1 016;713;707;78;1;1;60;;0;42;33;8;2;;9;0;0;76;;;1;20;158;0;2;116;;8;3;1;85;3;;
585301;Jasenná;761;494;493;54;1;0;28;;1;41;36;6;4;;16;0;1;38;;;0;16;130;0;2;33;;4;1;2;76;3;;
585319;Jestřabí;232;115;115;7;1;0;15;;0;8;13;0;4;;1;0;0;6;;;0;2;22;0;0;28;;0;0;1;5;2;;
585327;Kaňovice;225;144;143;3;0;0;8;;0;4;25;2;1;;2;0;0;13;;;0;0;27;0;2;19;;1;0;0;34;2;;
587052;Karlovice;192;135;134;11;0;0;9;;0;5;8;0;1;;1;0;0;9;;;0;4;47;0;1;20;;1;0;0;17;0;;
585343;Kašava;718;502;499;30;1;0;25;;0;44;23;5;4;;6;0;1;31;;;0;7;117;1;0;111;;5;1;0;86;1;;
592251;Kelníky;127;93;93;12;0;0;7;;0;2;8;3;1;;1;0;0;4;;;0;1;15;0;2;21;;0;0;0;15;1;;
549436;Komárov;285;187;185;6;6;0;10;;1;9;13;3;0;;4;0;0;17;;;0;4;42;0;0;25;;4;3;1;34;3;;
586960;Křekov;138;84;82;3;0;0;7;;1;11;7;0;0;;0;0;0;7;;;0;2;11;0;0;14;;0;0;0;19;0;;
573434;Lhota;695;448;445;22;2;0;18;;1;21;24;3;2;;5;0;1;53;;;1;9;126;0;1;104;;0;3;2;42;5;;
549550;Lhotsko;228;141;141;9;0;0;10;;0;11;3;0;2;;3;0;1;21;;;0;8;45;0;0;5;;0;1;0;22;0;;
549622;Lípa;683;495;490;75;2;1;20;;0;22;25;2;4;;8;0;0;66;;;0;23;132;1;0;47;;1;0;0;60;1;;
586871;Lipová;289;199;199;13;1;0;7;;0;6;14;2;3;;3;0;0;14;;;0;3;67;0;0;31;;2;0;0;31;2;;
585432;Loučka;429;253;250;21;0;0;9;;0;16;22;1;4;;4;1;0;15;;;1;1;68;0;1;55;;0;0;0;28;3;;
585441;Ludkovice;575;394;392;34;0;0;36;;0;16;17;4;0;;14;0;0;48;;;0;15;112;0;0;43;;2;1;0;45;5;;
585459;Luhačovice;4 784;3 247;3 232;339;4;3;197;;1;159;216;46;15;;76;1;5;296;;;1;131;940;2;5;355;;44;4;1;350;41;;
585467;Lukov;1 443;945;941;134;4;0;61;;0;60;51;9;4;;13;0;1;76;;;0;25;262;0;2;140;;2;0;1;85;11;;
557145;Lukoveček;343;259;258;31;0;0;11;;0;20;15;4;1;;2;0;0;18;;;0;10;56;0;1;20;;3;0;0;64;2;;
585483;Lutonina;331;199;198;14;2;0;14;;1;15;21;4;5;;1;2;0;12;;;0;4;75;0;0;8;;1;0;0;16;3;;
585491;Machová;505;310;307;9;2;4;18;;0;18;23;0;6;;5;0;0;16;;;0;2;106;0;0;45;;3;0;0;48;2;;
585505;Mysločovice;489;352;350;40;0;0;17;;0;30;24;0;2;;4;0;1;26;;;2;8;73;0;3;64;;2;1;0;50;3;;
585513;Napajedla;5 961;3 750;3 695;334;14;7;197;;3;160;269;60;23;;46;3;3;409;;;1;92;1 251;4;8;232;;20;7;4;526;22;;
585521;Návojná;573;340;338;11;2;0;33;;0;16;13;2;8;;3;0;0;19;;;0;5;107;0;0;99;;3;0;0;16;1;;
585530;Nedašov;1 094;574;569;23;0;0;55;;0;22;22;1;4;;4;2;0;19;;;0;10;178;0;1;189;;2;1;0;35;1;;
585548;Nedašova Lhota;548;322;320;21;1;0;25;;2;17;7;2;3;;1;0;0;6;;;0;2;87;0;0;125;;0;1;0;19;1;;
585556;Neubuz;374;225;224;12;0;0;8;;0;32;14;1;0;;4;0;0;11;;;1;6;60;0;1;29;;1;1;1;39;3;;
549444;Oldřichovice;324;207;206;6;1;0;9;;0;12;16;1;3;;2;0;1;18;;;0;1;87;0;1;19;;0;0;0;29;0;;
557170;Ostrata;342;190;190;14;0;0;11;;0;15;3;0;0;;2;0;2;14;;;0;10;71;0;2;17;;3;0;0;26;0;;
585599;Otrokovice;14 667;8 830;8 770;627;27;10;726;;7;397;533;119;51;;151;7;7;853;;;9;197;2 980;4;12;548;;94;20;8;1 332;51;;
556874;Petrůvka;278;175;175;19;0;0;17;;1;13;19;0;0;;1;0;0;17;;;0;1;42;0;0;21;;2;0;0;21;1;;
534811;Podhradí;171;120;120;11;0;0;7;;0;8;2;1;1;;6;0;0;3;;;0;1;34;0;0;33;;0;0;0;13;0;;
585611;Podkopná Lhota;279;181;180;14;0;0;12;;0;7;14;1;2;;3;0;0;10;;;0;1;57;1;0;27;;0;0;0;30;1;;
549461;Pohořelice;721;499;494;47;2;0;38;;0;25;33;7;0;;6;2;1;49;;;2;24;113;0;0;60;;2;0;2;74;7;;
549533;Poteč;624;443;442;24;0;0;27;;0;24;15;5;1;;5;0;0;47;;;0;4;96;0;0;139;;8;0;0;44;3;;
549401;Pozlovice;1 062;757;750;60;3;0;39;;0;39;17;8;2;;28;1;2;57;;;1;27;216;0;0;140;;25;0;3;79;3;;
585661;Provodov;647;463;461;35;0;0;19;;0;29;20;4;2;;10;0;0;31;;;0;12;136;0;0;112;;2;0;1;45;3;;
585670;Racková;628;443;437;42;3;0;24;;0;25;28;4;1;;8;3;0;40;;;2;18;121;0;0;50;;7;2;1;54;4;;
556980;Rokytnice;488;290;290;14;0;0;26;;0;20;21;5;2;;4;0;0;17;;;0;2;79;0;0;42;;27;0;0;30;1;;
586919;Rudimov;205;148;148;17;0;0;6;;0;14;8;0;1;;1;0;0;20;;;2;1;31;0;0;18;;6;0;0;23;0;;
585726;Sazovice;590;410;407;30;1;0;28;;0;17;11;4;2;;1;0;1;24;;;1;9;148;0;2;69;;3;1;0;45;10;;
585734;Sehradice;575;392;390;20;2;0;33;;0;21;15;0;1;;3;1;0;28;;;1;3;92;2;0;94;;3;0;0;60;11;;
585751;Slavičín;5 396;3 253;3 228;267;11;2;302;;2;159;261;40;17;;50;3;1;262;;;3;68;1 035;3;6;356;;43;3;3;317;14;;
585769;Slopné;455;341;341;25;0;0;21;;2;28;16;4;4;;2;0;0;28;;;0;8;62;0;0;107;;1;0;1;30;2;;
585777;Slušovice;2 348;1 474;1 454;171;5;3;80;;1;89;72;22;9;;36;4;6;142;;;0;46;400;2;2;181;;6;2;2;155;18;;
585793;Spytihněv;1 382;924;912;57;4;0;41;;0;41;60;12;3;;19;0;0;63;;;2;22;306;2;1;103;;6;1;0;157;12;;
585807;Šanov;393;227;225;15;0;0;16;;0;10;25;1;0;;3;0;0;10;;;0;4;86;0;1;32;;0;2;1;18;1;;
585815;Šarovy;214;142;141;17;1;0;10;;0;7;7;3;1;;3;0;0;18;;;0;2;42;0;0;7;;1;0;0;22;0;;
585831;Štítná nad Vláří-Popov;1 763;1 105;1 102;79;0;0;101;;0;55;54;10;4;;11;1;5;70;;;0;16;327;0;0;257;;11;0;2;98;1;;
549649;Tečovice;1 020;663;660;66;5;0;39;;0;73;21;10;4;;7;1;1;50;;;0;19;182;1;1;70;;11;1;0;91;7;;
535184;Tichov;245;160;159;2;0;0;17;;0;8;16;1;2;;2;0;0;4;;;0;5;36;0;0;43;;0;0;0;23;0;;
585858;Tlumačov;1 973;1 137;1 130;79;4;1;65;;1;54;76;17;9;;11;3;1;75;;;1;14;399;2;1;78;;10;4;0;212;13;;
585866;Trnava;931;565;561;42;2;0;34;;0;47;49;4;3;;7;0;1;23;;;0;6;162;0;1;100;;3;0;0;74;3;;
585874;Ublo;235;142;141;20;1;0;14;;1;7;14;2;1;;1;0;0;10;;;0;4;48;0;0;7;;3;0;0;8;0;;
585882;Újezd;980;566;561;24;0;1;50;;1;81;40;7;3;;8;0;2;57;;;0;9;119;0;3;81;;4;0;5;62;4;;
585891;Valašské Klobouky;4 050;2 496;2 481;235;4;0;152;;1;225;156;22;12;;43;4;4;224;;;0;55;647;2;0;446;;6;0;0;234;9;;
585912;Velký Ořechov;607;437;435;45;1;0;18;;0;15;26;1;0;;4;0;1;21;;;0;8;149;0;0;55;;2;0;2;82;5;;
585921;Veselá;651;445;442;49;1;0;41;;0;30;16;3;2;;7;2;0;38;;;4;14;125;0;0;40;;3;1;1;63;2;;
585939;Vizovice;3 872;2 402;2 381;293;15;2;129;;0;216;113;34;9;;25;4;3;250;;;3;96;611;2;3;252;;9;2;2;273;35;;
586994;Vlachova Lhota;189;99;98;17;0;0;9;;0;18;6;0;1;;1;0;0;5;;;0;1;19;0;0;12;;0;1;0;8;0;;
585955;Vlachovice;1 216;768;761;34;0;0;48;;1;110;55;6;7;;8;0;1;39;;;1;17;234;0;1;130;;3;0;1;62;3;;
585963;Vlčková;328;207;206;18;3;0;16;;0;11;12;0;6;;1;0;0;16;;;0;6;64;0;1;17;;1;1;1;31;1;;
585971;Všemina;915;602;601;39;0;1;43;;0;18;24;5;3;;7;0;3;31;;;0;11;208;0;0;122;;3;1;0;70;12;;
585980;Vysoké Pole;658;366;365;6;0;0;32;;0;61;15;5;2;;3;1;0;24;;;0;6;103;0;0;71;;0;1;0;35;0;;
585998;Zádveřice-Raková;1 149;706;699;75;1;2;55;;1;58;44;9;3;;9;0;1;60;;;0;23;220;0;0;26;;7;2;1;91;11;;
585068;Zlín;61 206;39 202;38 975;4 438;137;42;2 411;;28;3 060;1 828;533;192;;802;42;44;3 794;;;30;1 690;11 686;31;64;2 970;;359;70;26;4 403;295;;
500011;Želechovice nad Dřevnicí;1 598;1 041;1 032;113;0;1;84;;2;88;40;8;6;;16;1;1;98;;;1;38;264;0;2;110;;7;0;0;144;8;;
586013;Žlutava;916;624;621;86;5;0;30;;0;25;40;4;3;;17;0;0;58;;;0;10;211;1;0;42;;19;1;1;63;5;;
551929;Andělská Hora;305;168;167;5;0;0;10;;0;21;28;1;3;;1;0;0;19;;;0;3;47;0;0;9;0;0;0;0;20;0;0;
597198;Bílčice;201;103;103;2;0;0;12;;0;3;17;0;1;;0;0;0;5;;;0;0;36;0;0;3;0;2;0;0;22;0;0;
597201;Bohušov;325;157;155;21;0;0;10;;0;6;23;0;2;;3;1;0;8;;;1;0;50;0;1;17;0;0;0;0;12;0;0;
597210;Brantice;1 098;638;632;33;0;1;39;;0;27;72;6;11;;3;0;0;45;;;0;22;265;1;1;14;0;2;1;1;88;0;0;
597180;Bruntál;13 476;6 568;6 518;450;4;4;526;;4;282;699;66;68;;52;15;7;563;;;15;114;2 351;4;18;167;1;60;11;14;1 005;16;2;
597228;Břidličná;2 751;1 385;1 364;66;5;1;102;;0;21;143;12;24;;12;5;2;66;;;2;23;597;0;1;41;0;10;3;4;219;4;1;
569607;Býkov-Láryšov;128;75;75;2;0;0;5;;0;3;11;1;1;;0;0;1;1;;;0;0;37;0;0;0;0;1;0;0;12;0;0;
552003;Čaková;267;151;150;9;0;0;10;;0;5;21;1;6;;2;0;0;14;;;1;5;57;0;0;2;1;2;0;1;13;0;0;
597252;Dětřichov nad Bystřicí;351;188;187;7;0;0;20;;0;4;45;0;4;;0;1;0;8;;;0;1;64;0;0;6;0;3;1;0;23;0;0;
551864;Dívčí Hrad;234;124;123;3;0;0;12;;0;2;26;0;1;;0;0;0;8;;;0;0;36;0;0;5;0;0;7;0;21;2;0;
551708;Dlouhá Stráň;75;51;51;6;0;0;4;;0;0;2;0;0;;0;0;0;6;;;1;3;18;0;0;2;0;3;0;0;6;0;0;
597287;Dolní Moravice;331;195;195;11;0;0;41;;2;6;21;0;0;;1;0;0;17;;;0;4;63;0;0;8;0;0;0;0;20;1;0;
597317;Dvorce;1 080;514;511;18;0;0;38;;0;11;71;6;10;;1;0;0;30;;;1;12;197;2;2;9;0;1;0;1;99;2;0;
597325;Heřmanovice;288;173;172;13;0;0;12;;0;5;16;1;2;;1;0;0;12;;;0;5;69;0;0;7;0;0;0;0;27;2;0;
551872;Hlinka;144;67;67;1;0;0;3;;0;5;10;0;1;;1;0;0;2;;;0;2;23;0;0;1;0;0;0;1;17;0;0;
597341;Holčovice;608;315;314;17;0;0;35;;1;10;67;2;7;;9;0;0;21;;;1;2;92;1;0;4;0;0;0;0;44;1;0;
597350;Horní Benešov;1 860;958;946;69;3;1;71;;0;32;124;6;14;;13;0;1;47;;;0;18;342;1;0;36;0;8;2;1;156;1;0;
597368;Horní Město;708;336;335;15;0;0;16;;0;5;64;7;3;;1;0;1;27;;;1;15;114;0;1;18;0;0;1;0;44;2;0;
551805;Horní Životice;257;175;174;7;0;0;7;;0;6;20;3;1;;1;1;0;8;;;1;0;82;0;0;2;0;0;1;0;33;1;0;
597392;Hošťálkovy;510;319;318;23;0;0;43;;0;9;36;1;0;;4;0;0;19;;;0;6;133;0;0;6;0;2;0;1;34;1;0;
597431;Janov;265;136;136;5;0;0;11;;1;8;26;0;1;;4;0;0;7;;;0;1;42;0;0;2;0;1;1;0;26;0;0;
597449;Jindřichov;1 070;477;470;34;1;0;38;;0;12;78;5;5;;2;12;1;26;;;2;2;172;0;0;10;0;0;1;1;67;1;0;
597457;Jiříkov;227;122;121;13;0;0;14;;0;1;21;1;1;;1;0;0;8;;;0;6;35;0;0;2;0;1;0;0;16;1;0;
597473;Karlova Studánka;342;255;250;26;0;0;11;;0;8;14;2;0;;3;0;1;21;;;2;12;90;0;0;37;0;0;2;1;18;2;0;
597481;Karlovice;869;483;482;29;0;0;29;;2;13;56;4;6;;4;1;0;40;;;2;8;188;0;0;10;0;5;1;5;78;1;0;
597511;Krasov;282;151;149;6;1;0;9;;0;4;16;4;5;;3;0;0;17;;;0;2;49;0;0;4;0;0;1;1;24;3;0;
597520;Krnov;19 508;10 619;10 555;864;13;6;801;;3;294;1 160;157;71;;176;11;20;779;;;5;247;3 806;9;7;423;0;49;8;20;1 594;31;1;
597538;Křišťanovice;234;129;129;3;0;0;11;;0;4;26;0;1;;1;0;0;5;;;0;0;51;0;1;4;0;0;0;0;22;0;0;
597546;Leskovec nad Moravicí;368;184;183;3;0;0;15;;0;9;41;0;2;;5;0;0;9;;;0;3;42;0;1;2;0;2;0;0;49;0;0;
597554;Lichnov;837;440;437;34;0;1;32;;0;17;71;4;5;;7;0;0;27;;;0;8;159;0;0;10;1;1;0;1;58;1;0;
597571;Liptaň;393;219;219;8;0;0;25;;1;2;38;1;0;;2;0;1;7;;;0;1;90;0;1;1;0;1;2;0;38;0;0;
597589;Lomnice;408;200;199;8;1;0;13;;0;15;32;2;2;;2;0;0;14;;;0;3;62;0;0;12;0;3;0;1;29;0;0;
551996;Ludvíkov;251;147;147;9;1;0;15;;0;5;16;2;3;;1;0;0;18;;;0;2;45;0;0;5;0;0;1;0;24;0;0;
597601;Malá Morávka;613;360;355;44;1;0;34;;1;21;23;3;5;;1;0;0;32;;;2;11;108;1;0;14;0;5;0;0;48;1;0;
551902;Malá Štáhle;113;76;75;0;0;0;8;;0;3;11;1;2;;0;0;0;12;;;0;1;29;0;0;0;0;0;0;0;8;0;0;
597635;Město Albrechtice;2 850;1 616;1 596;109;0;1;126;;4;26;274;6;10;;14;1;6;107;;;2;26;618;4;2;79;0;6;0;2;171;2;0;
551724;Mezina;311;186;184;13;0;0;13;;1;15;29;2;2;;1;2;0;9;;;1;7;53;1;0;3;1;0;0;1;30;0;0;
569526;Milotice nad Opavou;309;149;148;6;0;0;11;;0;15;18;1;2;;4;0;0;4;;;0;1;44;0;0;5;0;1;0;3;33;0;0;
551732;Moravskoslezský Kočov;444;258;257;20;3;0;14;;0;7;27;1;1;;3;0;0;19;;;2;6;98;0;1;5;0;3;0;2;44;1;0;
546950;Nová Pláň;52;45;45;11;0;0;1;;0;3;2;2;0;;0;0;0;7;;;0;1;17;0;0;1;0;0;0;0;0;0;0;
569551;Nové Heřminovy;227;133;133;6;0;0;9;;0;11;18;3;0;;0;0;0;11;;;2;2;48;0;1;0;0;0;0;0;20;2;0;
569577;Oborná;314;184;184;8;0;0;15;;0;4;27;2;2;;5;1;1;17;;;0;0;68;0;0;0;0;2;1;2;29;0;0;
597716;Osoblaha;856;359;354;41;0;1;24;;1;10;61;4;7;;1;0;4;8;;;2;4;98;0;2;12;0;1;0;0;72;1;0;
551848;Petrovice;119;80;79;1;0;0;6;;2;2;5;0;3;;1;0;1;5;;;0;3;34;0;0;8;0;1;0;0;7;0;0;
597724;Razová;431;246;246;9;0;0;20;;0;6;26;0;0;;5;0;2;22;;;0;5;87;0;0;13;0;1;1;1;48;0;0;
597741;Roudno;184;112;111;11;0;0;12;;0;1;19;0;0;;2;0;0;5;;;0;2;31;0;2;4;0;3;0;0;18;1;0;
551945;Rudná pod Pradědem;310;172;170;14;0;0;12;;0;11;37;2;1;;0;0;0;12;;;0;3;50;0;1;11;0;0;0;0;16;0;0;
597775;Rusín;126;66;65;4;0;0;7;;0;2;5;1;1;;0;0;0;3;;;0;1;18;0;0;10;0;0;0;0;13;0;0;
597783;Rýmařov;6 953;3 635;3 605;256;5;0;465;;1;81;345;56;30;;26;1;5;335;;;2;88;1 275;3;7;92;1;18;12;9;481;11;0;
597791;Ryžoviště;490;250;248;7;0;1;21;;0;17;20;0;2;;1;1;0;10;;;0;4;102;0;2;4;0;0;1;0;55;0;0;
551881;Slezské Pavlovice;161;68;68;0;0;0;8;;0;1;5;0;0;;2;0;0;0;;;0;1;41;0;0;3;0;0;0;0;7;0;0;
597813;Slezské Rudoltice;431;181;181;6;1;0;13;;0;3;35;2;0;;0;0;0;10;;;0;2;64;0;0;16;0;1;0;1;27;0;0;
551911;Stará Ves;435;276;275;13;0;0;26;;0;16;25;4;5;;1;0;1;19;;;0;5;117;0;1;8;0;1;0;0;33;0;0;
551813;Staré Heřminovy;173;100;100;10;0;0;11;;0;1;13;0;0;;0;0;0;8;;;0;0;44;0;0;0;0;0;0;1;12;0;0;
551767;Staré Město;736;434;431;44;0;0;31;;0;24;38;9;4;;4;4;0;20;;;1;9;164;0;2;7;0;2;0;0;68;0;0;
597872;Světlá Hora;1 210;672;669;49;0;0;53;;1;28;80;11;8;;8;2;1;54;;;0;12;231;0;1;26;0;5;1;0;95;3;0;
597881;Svobodné Heřmanice;428;237;235;11;6;0;15;;0;9;25;0;1;;1;0;0;10;;;0;2;91;0;1;6;0;1;0;1;54;1;0;
597899;Široká Niva;479;280;279;16;1;0;22;;0;22;34;4;1;;3;1;0;21;;;0;3;106;0;1;2;0;3;1;0;38;0;0;
597911;Třemešná;767;433;429;11;0;1;32;;0;18;62;0;4;;2;0;0;22;;;0;8;221;0;0;10;0;1;0;1;35;1;0;
551821;Tvrdkov;206;132;129;11;0;0;9;;1;4;18;1;3;;1;0;0;5;;;0;6;42;0;0;0;0;2;0;0;26;0;0;
597937;Úvalno;819;448;446;20;0;0;40;;5;13;52;7;5;;9;1;1;24;;;0;5;148;0;0;13;0;5;0;4;94;0;0;
597945;Václavov u Bruntálu;346;180;179;14;0;0;27;;0;3;30;0;1;;1;0;0;11;;;1;4;47;0;0;3;0;9;0;3;25;0;0;
551783;Valšov;206;118;118;7;1;0;10;;0;10;9;1;0;;2;0;0;3;;;0;6;34;1;1;3;0;0;0;0;30;0;0;
551694;Velká Štáhle;288;179;178;2;0;0;21;;1;7;27;1;1;;5;0;0;17;;;2;0;70;0;0;4;0;0;0;1;19;0;0;
597961;Vrbno pod Pradědem;4 435;2 278;2 262;138;0;0;270;;4;57;263;15;19;;8;2;0;156;;;0;20;848;0;5;41;0;7;1;6;398;3;1;
597970;Vysoká;261;147;147;8;0;0;13;;0;4;29;1;0;;0;0;0;3;;;0;0;59;0;0;7;0;0;0;0;23;0;0;
597988;Zátor;973;562;560;23;0;0;23;;0;17;59;5;4;;5;2;0;35;;;0;16;243;0;3;25;0;5;3;1;88;3;0;
598011;Baška;3 093;2 065;2 053;175;1;1;124;;1;49;192;21;12;;21;1;0;216;;;0;44;665;2;9;194;1;16;7;3;293;5;0;
598020;Bílá;285;178;178;19;0;0;14;;0;10;21;3;1;;0;1;0;12;;;0;3;52;0;0;15;0;3;0;0;23;0;1;
511633;Bocanovice;358;197;197;20;0;0;32;;0;3;13;3;1;;0;0;0;18;;;1;1;45;0;0;43;0;0;0;0;17;0;0;
598038;Brušperk;3 199;2 180;2 158;211;3;0;183;;0;53;204;25;17;;30;3;1;171;;;2;61;767;3;3;145;0;22;5;0;241;8;0;
598046;Bruzovice;708;441;440;31;1;0;35;;1;16;38;4;1;;4;0;0;30;;;0;11;139;0;1;45;0;3;1;2;75;2;0;
511935;Bukovec;1 052;628;626;31;0;0;51;;0;67;16;1;3;;1;0;0;46;;;1;12;121;0;0;200;1;0;3;2;70;0;0;
598062;Bystřice;4 179;2 416;2 394;172;4;0;314;;1;64;124;24;11;;37;1;0;209;;;1;69;754;1;4;276;0;20;3;1;293;10;1;
598071;Čeladná;2 378;1 638;1 626;173;2;1;108;;3;60;113;23;13;;26;0;2;140;;;0;65;442;101;1;122;0;14;4;0;206;7;0;
598089;Dobrá;2 515;1 761;1 747;150;2;0;146;;1;29;135;18;10;;18;3;1;137;;;0;31;615;0;1;200;0;11;2;3;229;5;0;
552542;Dobratice;991;678;674;57;0;1;48;;6;20;46;12;2;;17;0;1;84;;;1;11;203;1;1;69;0;6;3;2;83;0;0;
598101;Dolní Domaslavice;1 070;618;614;67;1;0;31;;0;11;54;10;1;;11;0;1;53;;;1;7;195;1;0;52;1;4;1;1;110;1;0;
511951;Dolní Lomná;725;381;378;29;1;1;43;;0;14;12;2;3;;6;0;1;19;;;0;2;109;0;0;73;0;3;0;2;56;2;0;
552607;Dolní Tošanovice;280;174;174;5;0;0;18;;1;6;9;3;6;;3;1;0;11;;;0;4;44;0;2;25;0;1;0;1;34;0;0;
598135;Fryčovice;1 942;1 288;1 279;82;4;1;126;;2;31;138;17;5;;13;2;2;98;;;0;32;448;2;4;98;0;6;4;2;154;6;2;
598003;Frýdek-Místek;45 835;25 411;25 238;1 682;25;19;2 257;;26;528;2 136;310;147;;269;19;14;2 524;;;15;586;8 998;39;28;1 571;9;166;52;51;3 677;87;3;
598143;Frýdlant nad Ostravicí;8 072;5 232;5 207;382;3;5;466;;25;401;401;43;24;;54;6;1;420;;;2;128;1 801;12;6;363;2;37;13;9;579;24;0;
598160;Hnojník;1 208;769;766;50;0;0;71;;2;10;46;2;2;;6;1;0;48;;;0;13;264;1;1;114;1;3;0;0;109;22;0;
512192;Horní Domaslavice;643;436;436;28;0;0;32;;0;9;31;7;3;;5;0;0;44;;;0;3;136;0;0;56;0;2;0;0;80;0;0;
511986;Horní Lomná;336;197;195;7;0;0;21;;0;9;6;2;2;;1;0;0;9;;;0;5;62;0;3;52;0;0;0;0;14;2;0;
552631;Horní Tošanovice;463;266;261;17;0;0;21;;0;10;20;2;0;;3;0;0;12;;;0;2;93;1;0;20;0;0;0;0;56;4;0;
512176;Hrádek;1 478;905;898;63;0;0;133;;0;52;57;7;7;;7;1;0;68;;;5;10;294;0;1;106;0;6;0;1;77;3;0;
598232;Hrčava;208;117;117;3;0;0;10;;0;5;3;0;0;;0;0;0;11;;;0;1;40;0;0;17;0;0;0;1;25;1;0;
598691;Hukvaldy;1 684;1 141;1 137;104;1;2;97;;2;34;119;9;5;;4;0;2;99;;;0;38;371;1;1;118;0;5;0;5;115;5;0;
598259;Jablunkov;4 502;2 395;2 382;148;2;1;364;;6;74;115;24;8;;21;4;4;166;;;0;37;637;0;3;483;1;21;2;3;251;7;0;
507423;Janovice;1 509;936;933;70;0;0;55;;0;94;91;5;8;;12;0;1;81;;;0;24;297;3;0;59;1;4;3;0;125;0;0;
598275;Kaňovice;253;186;183;26;0;0;16;;0;9;13;2;0;;0;0;0;12;;;0;2;67;0;0;13;0;0;0;0;23;0;0;
507237;Komorní Lhotka;1 060;682;680;49;3;1;67;;2;14;45;5;5;;10;0;0;28;;;1;14;235;0;2;110;0;5;0;0;79;5;0;
507458;Košařiska;303;158;156;18;0;0;20;;0;4;8;0;1;;2;0;0;12;;;0;0;53;0;0;20;0;4;0;0;13;1;0;
598321;Kozlovice;2 407;1 564;1 558;124;5;2;109;;4;38;92;18;17;;11;2;2;135;;;1;36;549;1;4;236;0;6;2;3;157;4;0;
549673;Krásná;576;345;344;17;0;0;21;;0;21;40;7;1;;6;0;0;34;;;0;4;113;0;0;31;1;2;3;1;41;1;0;
598348;Krmelín;1 851;1 306;1 300;153;0;1;98;;1;43;80;16;5;;23;1;2;120;;;0;46;427;0;0;119;1;8;0;2;151;3;0;
598356;Kunčice pod Ondřejníkem;1 899;1 197;1 193;133;1;1;85;;4;39;86;17;9;;14;2;2;112;;;0;26;385;4;0;111;0;8;2;1;149;2;0;
598364;Lhotka;432;288;287;31;0;0;23;;0;13;18;2;2;;0;0;0;24;;;0;6;102;1;2;20;0;2;2;0;38;1;0;
598399;Lučina;1 120;757;750;77;1;0;63;;2;20;70;12;4;;7;0;3;38;;;0;17;293;1;2;40;2;2;1;1;92;2;0;
552593;Malenovice;566;438;435;68;0;0;30;;0;17;14;8;3;;11;0;1;51;;;0;24;124;0;0;45;0;6;0;0;32;1;0;
512184;Metylovice;1 388;900;895;63;0;0;69;;0;39;72;11;1;;5;0;2;107;;;1;24;273;1;0;104;0;6;4;1;109;3;0;
507547;Milíkov;1 079;578;578;28;0;0;62;;1;17;24;7;3;;2;0;0;31;;;0;5;213;0;0;112;0;3;1;1;66;1;1;
598445;Morávka;954;600;592;36;2;0;37;;0;20;69;9;0;;2;0;2;62;;;0;16;204;0;1;62;0;5;0;0;64;1;0;
598453;Mosty u Jablunkova;3 057;1 567;1 556;89;1;0;153;;0;57;72;15;6;;10;2;0;151;;;2;28;574;0;2;244;0;9;3;3;131;4;0;
554014;Návsí;3 084;1 634;1 627;120;1;0;199;;0;52;112;19;10;;14;3;4;124;;;4;17;513;1;3;208;1;19;3;1;194;5;0;
552526;Nižní Lhoty;215;150;150;8;0;0;16;;0;7;9;4;0;;0;0;0;11;;;0;1;49;0;0;24;0;2;0;0;18;1;0;
552518;Nošovice;831;535;534;33;1;0;34;;0;9;28;1;3;;6;1;1;46;;;0;11;261;0;0;28;1;5;2;1;62;0;0;
507091;Nýdek;1 674;902;900;48;0;0;125;;2;32;60;9;4;;3;2;0;55;;;1;13;290;1;1;143;0;14;1;3;89;4;0;
598542;Ostravice;2 044;1 257;1 248;129;1;0;109;;4;44;93;9;9;;17;2;1;82;;;2;78;450;3;0;63;0;4;4;1;140;3;0;
598551;Palkovice;2 639;1 871;1 859;152;2;0;136;;8;52;168;22;14;;37;0;3;196;;;1;64;605;2;3;148;0;13;4;5;214;8;2;
598569;Paskov;3 220;1 928;1 909;190;3;3;149;;5;36;199;15;19;;30;1;4;166;;;2;40;662;6;6;75;1;14;4;1;267;11;0;
552500;Pazderna;229;129;128;7;1;0;12;;0;2;7;1;0;;1;0;0;15;;;0;1;46;0;1;22;0;0;0;0;12;0;0;
557226;Písečná;764;483;481;23;0;0;62;;0;38;24;1;0;;9;0;0;36;;;0;3;154;0;0;83;0;10;0;1;37;0;0;
512028;Písek;1 463;802;800;34;0;1;109;;0;42;49;7;2;;3;3;2;59;;;0;5;231;0;0;141;0;4;1;0;106;1;0;
568813;Pražmo;751;461;460;21;0;0;32;;2;13;50;4;2;;5;1;1;30;;;0;10;142;0;0;51;0;12;0;0;83;1;0;
507181;Pržno;789;497;496;51;2;1;29;;1;33;31;1;2;;6;0;1;39;;;1;18;143;1;0;44;0;6;3;0;79;4;0;
552577;Pstruží;780;512;508;49;0;0;37;;2;24;33;7;1;;7;1;0;60;;;2;10;159;8;1;39;0;4;2;0;62;0;0;
549665;Raškovice;1 497;956;952;70;3;1;51;;0;21;129;4;5;;11;2;0;88;;;0;23;318;0;0;51;0;7;1;1;163;3;0;
556971;Ropice;1 265;777;777;33;0;2;66;;0;18;46;11;6;;11;3;0;57;;;1;15;243;3;2;144;0;5;1;1;105;3;1;
552640;Řeka;450;261;258;17;7;0;18;;1;3;21;3;3;;10;0;1;11;;;0;3;85;0;0;25;0;2;0;1;45;2;0;
568830;Řepiště;1 434;993;990;117;2;1;93;;0;46;82;10;4;;10;2;4;81;;;1;24;337;0;1;46;0;9;3;0;114;3;0;
598674;Sedliště;1 261;845;840;89;0;0;64;;2;17;74;10;4;;14;2;2;80;;;0;24;263;3;5;69;0;3;0;0;112;3;0;
552658;Smilovice;612;431;429;37;0;0;41;;1;15;9;5;1;;3;0;0;37;;;0;5;135;2;0;79;0;1;1;0;56;1;0;
568791;Soběšovice;750;469;465;46;0;0;28;;0;15;56;9;0;;4;0;0;38;;;0;12;159;5;0;35;0;1;0;1;55;1;0;
598747;Staré Hamry;476;292;288;20;0;1;35;;1;14;32;5;1;;0;0;0;25;;;0;12;81;0;0;26;0;1;2;0;32;0;0;
552551;Staré Město;1 187;789;784;67;1;1;47;;3;19;39;9;2;;4;0;0;85;;;2;22;278;0;2;66;0;6;0;2;125;4;0;
552569;Staříč;1 729;1 100;1 091;68;3;1;97;;4;12;99;7;3;;23;0;3;94;;;1;17;413;2;2;67;0;7;2;0;161;5;0;
552674;Střítež;806;513;510;43;0;0;40;;1;14;49;3;2;;9;1;1;32;;;1;6;139;2;1;79;0;1;0;1;83;2;0;
569631;Sviadnov;1 513;1 030;1 025;121;3;0;91;;2;21;67;11;1;;10;0;1;88;;;0;36;326;2;2;68;0;7;2;4;162;0;0;
552623;Třanovice;830;584;581;54;0;0;52;;0;7;34;2;4;;2;0;0;29;;;0;24;162;0;3;117;0;8;0;0;80;3;0;
598810;Třinec;28 965;15 021;14 944;913;11;5;1 519;;17;393;983;160;92;;153;11;13;1 225;;;10;238;5 551;7;24;1 603;8;133;14;14;1 781;66;0;
552615;Vělopolí;215;147;147;14;1;0;11;;1;7;11;0;0;;2;0;0;11;;;0;3;39;0;0;33;0;0;1;0;13;0;0;
554928;Vendryně;3 486;2 217;2 205;168;2;0;226;;2;74;113;27;12;;13;1;1;183;;;0;43;746;1;0;332;0;23;3;0;226;9;0;
552488;Vojkovice;516;343;341;15;0;1;29;;3;7;33;4;3;;4;0;1;45;;;0;7;110;1;0;28;0;1;1;3;45;0;0;
552682;Vyšní Lhoty;720;493;490;38;0;1;49;;0;6;53;4;0;;9;0;0;36;;;0;8;176;1;0;22;0;5;3;2;76;1;0;
552691;Žabeň;649;461;455;37;0;0;36;;1;11;42;9;1;;4;0;1;33;;;1;10;172;0;1;24;0;2;0;0;69;1;0;
568163;Žermanice;249;153;152;10;0;0;6;;1;2;16;2;0;;10;1;0;20;;;0;2;44;0;0;3;0;0;0;0;35;0;0;
598925;Albrechtice;3 173;1 957;1 944;109;4;2;181;;2;131;211;15;22;;12;1;3;139;;;5;25;635;1;1;174;0;10;1;0;255;5;0;
599051;Bohumín;17 613;9 040;8 973;579;12;4;1 241;;9;133;821;85;91;;87;7;6;641;;;12;119;3 157;18;33;305;3;55;14;25;1 478;38;0;
598933;Český Těšín;19 635;10 429;10 361;698;15;4;877;;12;192;760;129;83;;107;7;6;828;;;5;214;3 597;12;19;1 310;3;41;22;16;1 365;39;0;
598941;Dětmarovice;3 507;2 061;2 048;148;3;1;161;;4;46;241;12;7;;18;0;3;153;;;1;19;816;4;4;66;0;8;3;6;307;17;0;
598968;Dolní Lutyně;4 299;2 568;2 547;157;3;3;243;;2;127;243;16;13;;17;3;2;158;;;0;33;968;0;5;140;2;7;1;7;385;11;1;
568864;Doubrava;1 013;526;526;14;4;2;40;;0;9;62;3;5;;4;0;0;34;;;0;3;221;0;0;24;0;3;0;2;92;4;0;
555088;Havířov;61 372;31 666;31 480;1 699;60;13;2 996;;23;629;3 694;373;207;;275;13;71;2 657;;;23;589;11 596;29;55;1 154;17;186;44;52;4 904;117;4;
598178;Horní Bludovice;1 930;1 294;1 288;116;5;1;85;;1;42;171;14;7;;9;1;3;132;;;0;27;419;0;4;91;0;10;2;2;143;2;1;
552739;Horní Suchá;3 628;1 908;1 902;82;2;0;164;;1;180;197;19;7;;22;1;2;135;;;1;31;629;0;3;122;0;10;0;2;287;5;0;
555291;Chotěbuz;1 000;634;634;33;1;0;51;;0;7;48;4;9;;5;0;0;48;;;0;5;189;0;1;118;0;5;1;1;107;1;0;
598917;Karviná;45 014;21 136;21 025;900;34;8;2 422;;30;328;2 365;166;151;;116;20;7;1 206;;;24;262;8 426;20;61;747;7;52;21;38;3 540;73;1;
599069;Orlová;24 736;11 313;11 257;548;11;2;1 022;;10;186;1 251;82;92;;91;20;3;696;;;10;123;4 651;11;32;304;6;32;12;16;1 909;133;4;
599077;Petrovice u Karviné;4 014;2 470;2 460;164;1;1;223;;3;50;187;29;19;;18;1;5;193;;;1;49;954;0;3;188;0;8;1;4;349;9;0;
599085;Petřvald;5 860;3 048;3 029;181;6;3;320;;4;65;419;19;17;;19;4;3;182;;;4;45;1 087;3;5;86;1;22;7;5;510;11;1;
599107;Rychvald;5 963;3 467;3 444;220;2;3;304;;2;68;342;39;10;;31;5;3;261;;;1;75;1 398;3;13;88;1;17;9;8;523;18;0;
599140;Stonava;1 473;910;904;20;2;0;67;;0;28;85;6;6;;3;0;1;66;;;0;18;398;0;3;73;1;0;1;1;124;1;0;
599158;Těrlicko;3 661;2 389;2 374;171;5;1;205;;0;56;237;30;17;;17;5;2;170;;;5;59;863;5;4;203;1;10;3;3;297;3;2;
568741;Albrechtičky;559;358;355;36;0;1;23;;1;12;23;3;2;;1;2;1;39;;;1;22;106;0;1;47;0;1;0;0;33;0;0;
599212;Bartošovice;1 341;735;734;39;3;0;56;;2;6;104;13;2;;9;0;0;38;;;0;7;281;1;2;23;0;1;3;2;140;2;0;
568481;Bernartice nad Odrou;779;547;542;70;1;0;25;;1;18;21;12;2;;4;1;6;47;;;1;11;163;0;0;110;0;6;0;0;43;0;0;
546984;Bílov;442;264;264;16;0;0;13;;0;3;42;3;2;;3;1;0;20;;;0;2;103;0;2;10;0;2;1;0;41;0;0;
599247;Bílovec;6 025;3 496;3 475;301;2;3;277;;4;85;280;36;25;;39;2;1;375;;;2;127;1 192;6;7;194;0;20;11;11;458;15;2;
554936;Bítov;357;254;249;12;0;0;42;;1;7;20;2;5;;5;0;0;14;;;0;8;100;0;0;14;0;2;1;0;14;2;0;
568431;Bordovice;478;332;332;28;0;0;25;;3;9;31;4;5;;9;0;0;17;;;0;8;123;0;0;23;0;3;1;1;41;1;0;
556858;Bravantice;724;385;384;20;3;0;25;;0;10;37;10;6;;6;0;1;18;;;0;6;130;0;2;28;0;0;9;0;70;3;0;
599344;Frenštát pod Radhoštěm;8 862;5 208;5 176;604;2;5;415;;5;107;340;65;38;;82;10;7;574;;;5;140;1 742;7;9;327;1;34;22;2;621;12;0;
599352;Fulnek;4 658;2 604;2 586;190;3;1;234;;3;48;243;36;29;;19;1;5;227;;;3;51;903;3;5;250;0;22;1;9;295;5;0;
568562;Heřmanice u Oder;266;184;184;8;1;0;16;;2;3;13;0;2;;0;0;0;23;;;0;3;53;0;0;20;0;1;0;1;38;0;0;
568571;Heřmánky;142;83;82;13;0;0;7;;0;2;13;0;3;;0;0;0;8;;;0;1;23;0;0;1;0;0;3;0;8;0;0;
569666;Hladké Životice;779;482;480;21;0;0;31;;0;9;30;4;3;;4;0;1;47;;;1;10;209;2;2;39;0;6;1;0;59;1;0;
599409;Hodslavice;1 401;894;888;112;0;0;76;;1;34;49;20;9;;15;0;0;91;;;1;17;238;1;2;87;0;8;1;1;124;1;0;
568511;Hostašovice;624;462;461;43;0;1;44;;0;20;29;8;1;;8;0;0;34;;;0;8;152;0;0;55;0;2;1;0;55;0;0;
554065;Jakubčovice nad Odrou;541;326;325;23;0;1;27;;3;10;21;4;4;;6;1;0;36;;;0;4;107;1;0;19;0;0;1;0;55;2;0;
599468;Jeseník nad Odrou;1 609;961;955;71;0;1;61;;0;33;82;8;6;;21;4;3;82;;;0;11;325;2;1;102;0;5;3;0;130;4;0;
599506;Jistebník;1 261;791;789;77;0;0;68;;1;11;110;8;9;;9;1;0;73;;;1;25;262;5;1;19;0;8;2;2;94;3;0;
568643;Kateřinice;523;341;340;28;0;0;40;;1;10;24;8;6;;2;0;1;18;;;0;7;135;0;0;12;0;0;3;3;41;1;0;
599565;Kopřivnice;17 980;10 337;10 285;936;11;13;935;;11;216;772;162;85;;119;7;34;1 095;;;5;222;3 371;14;13;710;5;53;24;35;1 404;32;1;
555312;Kujavy;437;198;196;10;0;0;11;;0;1;20;2;1;;2;1;0;12;;;0;2;73;0;0;20;0;0;2;0;38;1;0;
568546;Kunín;1 501;891;883;75;1;0;62;;1;14;77;13;9;;10;1;2;58;;;3;30;297;0;0;60;0;3;1;0;161;5;0;
500046;Libhošť;1 319;856;854;62;0;0;78;;2;16;73;13;5;;11;0;1;74;;;0;9;328;1;0;63;0;6;1;1;108;2;0;
599603;Lichnov;1 267;857;851;69;2;2;71;;1;18;69;11;6;;10;3;1;76;;;2;14;307;0;1;93;0;4;0;1;90;0;0;
599646;Luboměř;306;179;179;5;0;0;12;;0;11;19;0;0;;2;0;0;22;;;1;3;48;0;0;31;0;1;0;0;24;0;0;
568589;Mankovice;481;262;259;12;1;0;28;;0;4;37;7;4;;0;0;0;25;;;0;2;75;0;0;26;0;0;0;0;35;3;0;
599689;Mořkov;2 015;1 290;1 268;88;0;0;102;;0;33;68;24;15;;9;2;3;134;;;0;27;372;2;3;227;0;5;4;2;142;5;1;
568686;Mošnov;590;353;353;26;2;0;25;;0;5;48;4;14;;1;0;2;20;;;1;3;116;0;2;14;0;2;0;0;65;3;0;
599191;Nový Jičín;19 170;10 975;10 922;954;10;9;953;;10;223;733;301;66;;160;6;24;1 127;;;2;305;3 611;13;11;650;1;47;16;11;1 654;25;0;
599701;Odry;5 862;3 153;3 128;271;4;3;250;;6;43;297;42;21;;37;4;6;292;;;2;93;1 117;0;5;232;1;14;4;7;372;4;1;
599743;Petřvald;1 470;1 010;1 008;94;2;1;77;;3;22;88;11;5;;15;2;0;90;;;0;20;327;1;0;101;1;2;2;6;130;7;1;
599808;Příbor;6 831;4 149;4 132;390;4;2;362;;1;76;373;78;37;;48;6;10;411;;;3;115;1 305;4;4;347;1;23;17;6;496;12;1;
568775;Pustějov;809;566;562;45;0;0;55;;0;8;72;6;5;;9;0;3;55;;;0;18;208;0;0;20;0;3;3;0;50;2;0;
568554;Rybí;976;691;689;74;2;0;31;;1;18;44;7;7;;14;0;0;93;;;0;17;199;0;1;107;1;1;4;0;63;4;1;
599832;Sedlnice;1 213;672;669;49;1;0;45;;1;14;72;7;9;;18;3;1;66;;;0;15;212;2;0;28;0;5;1;1;114;5;0;
568716;Skotnice;614;396;392;30;1;1;21;;0;9;40;4;1;;5;1;0;39;;;0;14;120;0;1;19;0;0;1;1;82;2;0;
568406;Slatina;599;390;387;31;0;0;37;;0;12;34;2;1;;3;1;0;36;;;0;14;140;0;0;22;1;6;0;1;45;1;0;
599867;Spálov;697;409;402;16;0;0;24;;1;14;18;4;5;;1;0;0;33;;;2;6;125;1;0;83;0;1;1;2;65;0;0;
599905;Starý Jičín;2 223;1 562;1 551;126;5;1;156;;0;40;111;27;3;;29;0;4;121;;;1;38;462;1;7;242;0;4;2;1;168;2;0;
599921;Studénka;7 921;4 422;4 390;316;2;4;333;;6;101;402;75;42;;38;5;9;372;;;9;109;1 566;1;10;251;2;29;8;6;682;10;2;
599930;Suchdol nad Odrou;2 099;1 182;1 177;64;0;0;94;;1;29;109;19;3;;37;0;2;104;;;1;20;432;0;1;101;0;2;1;1;151;5;0;
554171;Šenov u Nového Jičína;1 669;1 037;1 033;99;0;1;105;;1;18;59;27;7;;30;1;4;100;;;0;32;325;0;0;67;0;5;2;0;146;2;2;
599948;Štramberk;2 799;1 722;1 718;180;2;7;122;;2;54;133;27;12;;9;1;2;185;;;3;29;536;4;1;139;0;23;3;2;232;10;0;
599956;Tichá;1 385;915;908;83;3;1;71;;1;27;72;16;9;;3;4;3;66;;;0;24;289;2;9;89;1;4;1;3;126;1;0;
599964;Tísek;764;495;490;33;0;0;30;;0;17;75;2;3;;5;0;0;23;;;2;7;165;0;1;67;0;2;2;1;55;0;0;
569755;Trnávka;594;371;370;21;0;0;42;;0;14;37;4;1;;2;1;1;20;;;0;14;148;0;0;8;0;5;4;3;45;0;0;
599999;Trojanovice;2 046;1 340;1 335;138;1;0;79;;2;40;73;28;8;;16;1;4;135;;;3;49;464;5;2;118;0;11;1;4;150;3;0;
568422;Velké Albrechtice;895;540;532;31;0;1;42;;0;21;47;7;5;;2;0;1;53;;;0;4;236;1;2;17;0;2;0;1;54;4;1;
500259;Veřovice;1 629;952;948;49;0;1;103;;1;25;63;21;13;;8;1;1;97;;;2;10;283;1;0;126;0;8;7;1;127;0;0;
554910;Vražné;688;410;406;16;0;1;24;;2;0;34;11;4;;4;0;0;30;;;0;3;162;0;1;37;0;1;0;5;70;1;0;
569747;Vrchy;179;118;118;0;0;0;8;;0;0;13;0;2;;1;0;0;9;;;0;1;47;0;0;10;0;0;0;1;26;0;0;
568473;Závišice;792;572;568;57;0;0;49;;2;17;20;12;2;;14;0;3;36;;;0;20;177;2;1;89;0;1;0;1;61;4;0;
568732;Ženklava;867;487;486;29;0;0;37;;0;14;39;7;3;;2;1;1;61;;;1;10;157;4;1;30;0;5;1;2;77;4;0;
547000;Životice u Nového Jičína;526;343;340;22;0;0;24;;0;0;32;6;2;;4;1;0;35;;;0;3;101;1;1;42;1;2;2;0;61;0;0;
512974;Bělá;559;379;375;22;0;0;27;;1;9;15;3;8;;5;1;1;18;;;1;15;150;0;1;30;0;3;0;1;63;1;0;
506192;Bohuslavice;1 380;908;905;48;3;1;48;;0;20;32;3;6;;9;1;2;82;;;1;47;349;0;0;141;0;3;1;0;106;2;0;
506214;Bolatice;3 533;2 309;2 292;99;1;3;126;;1;41;101;18;11;;25;1;0;165;;;0;417;844;1;4;125;0;7;4;3;290;5;0;
554197;Branka u Opavy;887;593;589;37;0;0;60;;0;12;59;0;1;;4;1;1;60;;;2;19;227;0;2;30;0;2;0;0;70;2;0;
553107;Bratříkovice;124;75;74;2;0;1;7;;0;2;10;0;0;;0;0;0;8;;;0;1;23;0;0;4;0;1;0;1;14;0;0;
506320;Brumovice;1 222;737;729;46;0;0;85;;0;37;83;4;7;;15;0;1;66;;;1;7;258;0;5;16;0;3;1;0;93;1;0;
506451;Březová;1 101;751;750;31;0;0;63;;0;24;82;5;7;;2;1;0;47;;;0;11;292;0;0;100;0;3;1;2;78;1;0;
506460;Budišov nad Budišovkou;2 361;1 129;1 121;164;1;0;65;;3;10;128;11;11;;4;2;2;64;;;2;9;412;0;3;49;0;6;2;2;167;4;0;
568261;Budišovice;552;390;389;46;0;0;22;;0;34;28;1;2;;2;2;1;38;;;0;6;124;1;0;44;0;5;0;0;32;1;0;
569950;Čermná ve Slezsku;286;106;105;5;0;0;17;;0;3;17;0;1;;0;0;0;12;;;2;0;32;0;0;4;0;0;0;0;12;0;0;
568228;Darkovice;1 086;742;732;48;0;0;47;;0;22;20;7;11;;11;1;0;45;;;1;17;288;0;1;107;0;5;2;3;86;10;0;
568236;Děhylov;594;414;413;56;0;0;29;;0;7;44;2;1;;7;0;0;21;;;0;12;150;0;0;20;0;1;0;0;61;2;0;
569895;Dobroslavice;623;440;432;50;1;0;34;;1;34;43;8;2;;0;0;0;36;;;0;18;144;0;1;22;0;2;1;0;35;0;0;
506702;Dolní Benešov;3 370;2 003;1 990;131;0;0;207;;0;39;103;12;11;;19;1;2;143;;;1;100;770;6;4;156;0;15;4;2;262;2;0;
553051;Dolní Životice;868;531;528;24;0;1;25;;0;27;33;5;1;;4;0;1;46;;;0;24;178;0;1;73;0;4;1;0;77;3;0;
506753;Háj ve Slezsku;2 723;1 833;1 821;151;1;1;140;;0;84;223;12;10;;26;2;3;207;;;0;53;580;2;4;129;0;12;1;3;173;4;0;
568210;Hať;2 100;1 246;1 244;66;0;0;73;;0;38;59;12;21;;7;2;0;100;;;0;33;462;0;6;185;0;6;6;1;164;3;0;
553093;Hlavnice;508;297;293;15;0;0;16;;0;8;29;3;5;;1;1;1;21;;;2;6;135;0;2;14;0;1;0;1;32;0;0;
568368;Hlubočec;450;296;292;12;1;0;30;;0;18;32;8;5;;9;0;0;21;;;0;10;89;0;0;27;1;2;0;0;26;1;0;
507016;Hlučín;11 577;6 675;6 638;476;6;2;577;;12;210;434;86;43;;80;6;5;517;;;5;283;2 423;4;18;444;4;34;15;15;898;39;2;
507105;Hněvošice;832;569;556;39;0;1;40;;0;8;9;5;2;;9;0;0;44;;;0;47;210;0;3;67;0;2;0;0;67;3;0;
507113;Holasovice;1 126;664;658;37;1;1;67;;1;22;44;6;6;;2;1;0;51;;;2;13;253;1;1;26;1;25;1;1;91;4;0;
507261;Hrabyně;1 047;706;696;55;0;0;89;;1;22;65;8;9;;7;3;0;62;;;0;13;214;0;2;48;0;5;3;2;86;2;0;
507270;Hradec nad Moravicí;4 360;2 886;2 871;200;4;6;262;;4;59;200;24;17;;43;4;5;297;;;2;100;985;3;5;285;1;17;0;3;332;13;0;
512923;Chlebičov;939;624;622;51;2;0;82;;1;12;22;6;6;;2;1;0;54;;;0;19;207;0;0;74;1;3;2;7;68;2;0;
507334;Chuchelná;1 085;611;592;46;1;0;50;;0;19;38;6;4;;5;1;2;23;;;0;33;225;0;3;63;1;2;0;0;66;4;0;
569909;Chvalíkovice;549;373;367;18;0;1;31;;0;12;40;3;3;;0;0;0;21;;;0;7;159;0;0;24;0;0;2;0;45;1;0;
507377;Jakartovice;855;431;430;23;0;0;42;;0;9;68;6;7;;1;0;0;18;;;0;6;188;0;0;11;1;1;0;1;43;5;0;
547191;Jezdkovice;206;142;142;9;0;0;9;;0;5;10;1;0;;1;0;0;7;;;0;3;53;0;0;15;0;0;0;2;26;1;0;
507504;Kobeřice;2 674;1 689;1 682;97;0;0;107;;0;33;78;15;12;;28;4;3;126;;;0;120;590;0;2;218;2;5;0;3;231;8;0;
547182;Kozmice;1 562;985;979;49;2;1;106;;2;23;35;6;8;;6;0;2;84;;;0;48;328;1;2;136;1;5;1;10;122;0;1;
507580;Kravaře;5 426;3 024;2 996;229;2;1;225;;2;48;112;27;14;;16;5;2;276;;;1;199;1 004;2;5;391;3;12;2;12;397;9;0;
568180;Kružberk;218;114;114;8;0;0;13;;1;7;17;1;0;;0;0;0;8;;;0;2;32;0;0;4;0;0;0;0;21;0;0;
512907;Kyjovice;679;465;462;24;3;0;98;;1;9;35;2;3;;3;1;0;28;;;0;9;133;1;0;68;0;1;0;0;37;5;1;
553115;Lhotka u Litultovic;165;105;104;5;0;0;2;;0;2;11;1;1;;2;0;2;8;;;0;2;42;0;2;5;0;0;0;0;19;0;0;
507920;Litultovice;727;467;465;33;1;0;28;;1;16;45;3;4;;5;0;0;38;;;0;5;177;0;0;50;0;1;0;1;57;0;0;
507971;Ludgeřovice;3 989;2 527;2 511;225;2;1;255;;3;66;125;23;21;;19;1;2;187;;;5;70;929;0;6;198;0;21;6;8;326;11;1;
508128;Markvartovice;1 585;1 012;1 004;68;2;0;81;;0;25;66;13;13;;15;0;3;77;;;2;17;382;2;2;81;0;9;3;2;136;5;0;
508144;Melč;508;248;248;5;0;0;24;;0;4;26;6;1;;2;0;0;10;;;0;4;112;1;0;9;0;0;0;1;43;0;0;
568279;Mikolajice;224;136;136;11;0;0;7;;2;1;12;1;0;;0;0;0;14;;;0;2;60;3;0;10;0;0;0;1;12;0;0;
553042;Mladecko;124;72;72;5;0;0;4;;0;2;6;0;0;;1;1;0;1;;;0;0;39;0;0;3;0;1;0;0;8;1;0;
508373;Mokré Lazce;894;623;621;55;1;0;47;;0;24;53;9;3;;10;3;0;48;;;0;11;219;0;3;76;0;6;2;1;50;0;0;
569097;Moravice;189;107;106;11;0;0;2;;0;3;9;1;0;;0;1;0;10;;;0;5;32;0;0;8;1;0;0;0;23;0;0;
553158;Neplachovice;739;492;483;31;2;3;50;;0;26;34;8;2;;3;1;3;42;;;0;8;182;0;2;24;0;11;1;1;49;0;0;
512893;Nové Lublice;187;95;93;9;1;0;7;;0;1;11;0;0;;2;0;0;0;;;2;1;38;0;0;2;0;0;0;0;18;1;0;
555274;Nové Sedlice;413;285;285;20;0;2;20;;1;7;26;7;3;;5;0;0;24;;;0;12;105;0;1;21;0;3;1;2;25;0;0;
509574;Oldřišov;1 086;688;687;59;0;0;55;;0;8;25;11;6;;7;0;0;84;;;0;28;260;0;0;61;0;2;2;0;79;0;0;
505927;Opava;46 960;27 110;26 920;2 725;20;23;2 235;;17;807;1 876;436;156;;284;30;22;3 060;;;24;1 231;8 616;20;37;1 605;5;242;47;41;3 257;102;2;
509612;Otice;1 112;739;733;75;0;0;36;;0;21;70;13;10;;4;0;1;78;;;0;29;257;1;3;45;0;2;4;2;77;5;0;
509647;Píšť;1 769;1 093;1 092;74;0;1;101;;1;24;63;14;11;;4;5;2;71;;;0;40;440;1;2;69;0;12;0;6;148;3;0;
509736;Pustá Polom;1 137;758;755;45;3;0;83;;0;41;58;4;2;;5;0;0;59;;;0;17;293;2;0;74;1;2;3;0;60;3;0;
568317;Radkov;404;225;225;2;0;0;15;;0;2;30;0;0;;4;0;0;22;;;0;8;99;0;0;9;0;0;1;0;33;0;0;
509841;Raduň;858;593;592;55;0;0;77;;1;17;33;9;2;;4;0;0;61;;;0;21;200;1;1;25;0;2;0;0;83;0;0;
568376;Rohov;472;267;266;17;0;0;22;;0;6;9;2;1;;3;1;1;14;;;0;14;96;0;0;42;0;2;0;0;34;2;0;
510131;Skřipov;800;506;504;22;0;0;53;;0;24;57;12;1;;4;0;1;22;;;1;20;180;0;0;47;0;1;0;2;52;5;0;
510289;Slavkov;1 568;1 031;1 010;65;2;2;104;;1;43;64;13;9;;10;0;0;81;;;1;28;348;2;0;111;0;5;2;2;113;3;1;
510297;Služovice;652;385;384;20;0;1;25;;0;13;29;3;2;;4;0;0;28;;;0;12;158;0;1;30;0;1;0;1;55;1;0;
597821;Sosnová;340;203;202;11;0;0;12;;0;2;29;2;5;;0;0;0;7;;;0;1;86;0;1;14;0;1;1;2;26;2;0;
568198;Staré Těchanovice;130;69;69;8;0;0;6;;0;2;6;0;2;;0;0;0;7;;;0;0;25;0;0;0;0;0;1;0;12;0;0;
510343;Stěbořice;1 148;759;758;56;1;0;35;;0;27;45;7;6;;11;0;0;56;;;1;23;237;0;0;139;0;4;4;1;105;0;0;
512869;Strahovice;725;456;452;17;0;0;33;;0;6;24;2;5;;2;0;0;34;;;0;10;166;1;0;73;0;7;2;0;69;1;0;
510378;Sudice;508;270;269;20;1;0;14;;0;8;15;3;1;;2;0;0;22;;;0;10;108;0;1;14;0;1;2;0;46;1;0;
547131;Svatoňovice;222;100;99;4;0;0;7;;0;1;13;2;1;;2;0;0;2;;;0;1;25;0;1;5;0;1;0;0;32;2;0;
510432;Šilheřovice;1 277;781;780;63;2;1;32;;1;17;41;6;2;;6;0;0;43;;;0;21;319;0;1;90;3;5;1;2;122;2;0;
568333;Štáblovice;531;334;332;14;2;0;18;;0;11;33;3;1;;4;0;0;25;;;0;3;138;0;0;24;0;7;0;0;48;1;0;
510483;Štěpánkovice;2 556;1 520;1 518;97;2;0;118;;1;29;47;10;13;;14;1;0;97;;;1;94;592;1;1;189;1;10;4;4;187;5;0;
510491;Štítina;990;637;625;60;0;0;54;;0;16;45;6;7;;16;0;0;59;;;0;18;216;0;3;51;0;6;0;1;63;4;0;
512745;Těškovice;714;477;476;22;1;0;53;;1;19;30;4;5;;6;0;0;29;;;0;7;175;1;3;72;0;1;0;2;44;0;1;
569101;Třebom;196;90;89;5;0;0;6;;0;4;8;0;0;;4;0;0;5;;;0;0;33;0;0;6;0;0;0;0;16;2;0;
568341;Uhlířov;285;180;180;8;0;0;10;;0;8;11;0;4;;0;1;0;17;;;0;2;73;0;1;7;0;1;2;1;32;2;0;
510891;Velké Heraltice;1 283;697;694;23;0;0;53;;0;56;73;6;4;;7;0;1;44;;;0;18;265;0;0;39;1;1;1;1;99;2;0;
510939;Velké Hoštice;1 439;954;948;76;0;0;59;;1;24;39;15;3;;11;0;1;87;;;2;52;302;0;1;123;0;6;1;1;143;1;0;
570036;Větřkovice;609;392;389;21;1;1;37;;2;21;31;5;2;;3;1;0;29;;;1;7;124;0;0;66;1;3;0;0;32;1;0;
511021;Vítkov;4 791;2 480;2 459;142;2;3;192;;5;53;286;19;14;;18;1;3;223;;;3;44;1 000;3;8;113;1;7;6;4;304;5;0;
511161;Vršovice;418;276;275;21;0;0;26;;0;7;10;6;5;;5;0;0;36;;;0;21;93;0;0;17;0;1;1;0;24;2;0;
568244;Vřesina;1 254;815;811;49;0;1;73;;0;23;30;10;7;;8;0;0;59;;;0;35;341;0;0;76;0;6;0;2;90;1;0;
553492;Závada;470;308;306;14;0;0;27;;0;6;7;1;0;;3;0;0;25;;;1;8;133;1;0;29;1;1;1;3;42;3;0;
569119;Čavisov;419;318;316;29;0;0;22;;0;16;34;4;2;;2;0;0;36;;;0;5;103;0;0;27;0;1;2;0;29;4;0;
506711;Dolní Lhota;1 202;904;899;95;2;0;69;;0;31;41;9;3;;2;1;1;90;;;0;25;356;0;2;65;0;6;7;0;91;3;0;
569500;Horní Lhota;691;481;474;49;0;0;39;;1;17;52;5;4;;1;0;0;38;;;0;8;152;0;0;19;0;2;5;0;82;0;0;
599549;Klimkovice;3 652;2 453;2 434;230;0;0;166;;1;56;200;32;16;;34;3;6;292;;;4;97;835;2;0;156;2;22;8;7;256;9;0;
554049;Olbramice;545;368;356;27;0;0;33;;2;13;16;5;4;;4;0;0;25;;;0;12;122;0;2;41;0;1;1;1;45;2;0;
554821;Ostrava;237 254;125 244;124 258;10 288;114;82;10 566;;124;3 045;10 640;1 540;804;;1 537;141;129;11 446;;;99;3 451;44 268;125;220;5 405;34;1 091;281;318;17 799;649;62;
598739;Stará Ves nad Ondřejnicí;2 235;1 499;1 486;161;3;0;133;;3;42;140;23;10;;5;0;3;105;;;2;37;490;5;6;98;1;18;9;2;181;9;0;
598798;Šenov;5 137;3 357;3 338;297;4;0;297;;6;83;300;41;11;;27;1;17;324;;;4;86;1 082;0;3;262;0;32;12;9;429;10;1;
598836;Václavovice;1 578;1 149;1 145;90;3;0;71;;0;32;92;20;13;;14;2;1;123;;;1;36;424;0;2;73;0;9;3;1;128;7;0;
510882;Velká Polom;1 565;1 107;1 098;99;1;2;70;;5;159;109;8;3;;8;0;1;112;;;2;25;342;1;0;42;0;7;2;0;97;3;0;
598879;Vratimov;5 847;3 559;3 532;261;3;0;325;;3;79;314;44;41;;42;9;4;299;;;5;91;1 253;4;13;163;1;10;7;8;526;27;0;
500291;Vřesina;2 362;1 617;1 606;168;0;0;111;;0;48;112;24;8;;20;6;1;172;;;0;81;514;1;1;125;2;13;5;2;187;4;1;
568449;Zbyslavice;503;342;341;23;0;1;30;;0;20;17;3;0;;5;0;0;24;;;0;8;112;1;0;42;0;2;1;1;48;2;1;
